Feature: Driver Concept
  Background: Open connection, create driver, create database

  Scenario: Driver processes empty concepts correctly
    Given typedb starts ... passed in 0.000s
    Given connection is open: false ... passed in 0.000s
    Given connection opens with default authentication ... passed in 0.164s
    Given connection is open: true ... passed in 0.001s
    Given connection has 0 databases ... passed in 0.002s
    Given connection create database: typedb ... passed in 0.036s
    Given connection has database: typedb ... passed in 0.001s
    Given connection open schema transaction for database: typedb ... passed in 0.003s
    Given typeql schema query ... passed in 0.003s
      """
      define entity person;
      """
    When get answers of typeql write query ... passed in 0.007s
      """
      match try { $empty isa person; };
      """
    Then answer type is: concept rows ... passed in 0.000s
    Then answer size is: 1 ... passed in 0.004s
    Then answer get row(0) get variable(empty) is empty ... passed in 0.000s
    Then answer get row(0) get variable by index(0) is empty ... passed in 0.000s

  Scenario: Driver processes entity types correctly
    Given typedb starts ... passed in 0.000s
    Given connection is open: false ... passed in 0.000s
    Given connection opens with default authentication ... passed in 0.163s
    Given connection is open: true ... passed in 0.000s
    Given connection has 0 databases ... passed in 0.002s
    Given connection create database: typedb ... passed in 0.040s
    Given connection has database: typedb ... passed in 0.001s
    Given connection open schema transaction for database: typedb ... passed in 0.002s
    Given typeql schema query ... passed in 0.003s
      """
      define entity person;
      """
    When get answers of typeql read query ... passed in 0.004s
      """
      match entity $p;
      """
    Then answer type is: concept rows ... passed in 0.000s
    Then answer size is: 1 ... passed in 0.000s
    Then answer get row(0) get variable(p) is type: true ... passed in 0.001s
    Then answer get row(0) get variable(p) is instance: false ... passed in 0.000s
    Then answer get row(0) get variable(p) is value: false ... passed in 0.000s
    Then answer get row(0) get variable(p) is entity type: true ... passed in 0.000s
    Then answer get row(0) get variable(p) is relation type: false ... passed in 0.000s
    Then answer get row(0) get variable(p) is attribute type: false ... passed in 0.000s
    Then answer get row(0) get variable(p) is role type: false ... passed in 0.000s
    Then answer get row(0) get variable(p) is entity: false ... passed in 0.000s
    Then answer get row(0) get variable(p) is relation: false ... passed in 0.000s
    Then answer get row(0) get variable(p) is attribute: false ... passed in 0.000s
    Then answer get row(0) get variable(p) is struct: false ... passed in 0.000s
    Then answer get row(0) get variable(p) is boolean: false ... passed in 0.000s
    Then answer get row(0) get variable(p) as entity type ... passed in 0.000s
    Then answer get row(0) get variable(p) try get label: person ... passed in 0.000s
    Then answer get row(0) get variable(p) get label: person ... passed in 0.000s
    Then answer get row(0) get variable(p) try get iid is none ... passed in 0.000s
    Then answer get row(0) get variable(p) try get value type is none ... passed in 0.000s
    Then answer get row(0) get variable(p) try get value is none ... passed in 0.000s
    Then answer get row(0) get variable(p) try get boolean is none ... passed in 0.000s
    Then answer get row(0) get variable(p) try get integer is none ... passed in 0.000s
    Then answer get row(0) get variable(p) try get double is none ... passed in 0.000s
    Then answer get row(0) get variable(p) try get decimal is none ... passed in 0.000s
    Then answer get row(0) get variable(p) try get string is none ... passed in 0.000s
    Then answer get row(0) get variable(p) try get date is none ... passed in 0.000s
    Then answer get row(0) get variable(p) try get datetime is none ... passed in 0.000s
    Then answer get row(0) get variable(p) try get datetime-tz is none ... passed in 0.000s
    Then answer get row(0) get variable(p) try get duration is none ... passed in 0.000s
    Then answer get row(0) get variable(p) try get struct is none ... passed in 0.000s
    Then answer get row(0) get type(p) get label: person ... passed in 0.000s
    Then answer get row(0) get entity type(p) try get label: person ... passed in 0.000s
    Then answer get row(0) get entity type(p) get label: person ... passed in 0.000s

  Scenario: Driver processes relation types correctly
    Given typedb starts ... passed in 0.000s
    Given connection is open: false ... passed in 0.000s
    Given connection opens with default authentication ... passed in 0.167s
    Given connection is open: true ... passed in 0.000s
    Given connection has 0 databases ... passed in 0.002s
    Given connection create database: typedb ... passed in 0.055s
    Given connection has database: typedb ... passed in 0.003s
    Given connection open schema transaction for database: typedb ... passed in 0.003s
    Given typeql schema query ... passed in 0.007s
      """
      define relation parentship, relates parent;
      """
    When get answers of typeql read query ... passed in 0.004s
      """
      match relation $p;
      """
    Then answer type is: concept rows ... passed in 0.000s
    Then answer query type is: read ... passed in 0.000s
    Then answer size is: 1 ... passed in 0.000s
    Then answer get row(0) get variable(p) is type: true ... passed in 0.000s
    Then answer get row(0) get variable(p) is instance: false ... passed in 0.000s
    Then answer get row(0) get variable(p) is value: false ... passed in 0.000s
    Then answer get row(0) get variable(p) is entity type: false ... passed in 0.000s
    Then answer get row(0) get variable(p) is relation type: true ... passed in 0.000s
    Then answer get row(0) get variable(p) is attribute type: false ... passed in 0.000s
    Then answer get row(0) get variable(p) is role type: false ... passed in 0.000s
    Then answer get row(0) get variable(p) is entity: false ... passed in 0.000s
    Then answer get row(0) get variable(p) is relation: false ... passed in 0.000s
    Then answer get row(0) get variable(p) is attribute: false ... passed in 0.000s
    Then answer get row(0) get variable(p) is struct: false ... passed in 0.000s
    Then answer get row(0) get variable(p) is integer: false ... passed in 0.000s
    Then answer get row(0) get variable(p) as relation type ... passed in 0.000s
    Then answer get row(0) get variable(p) try get label: parentship ... passed in 0.000s
    Then answer get row(0) get variable(p) get label: parentship ... passed in 0.000s
    Then answer get row(0) get variable(p) try get iid is none ... passed in 0.000s
    Then answer get row(0) get variable(p) try get value type is none ... passed in 0.000s
    Then answer get row(0) get variable(p) try get value is none ... passed in 0.000s
    Then answer get row(0) get variable(p) try get boolean is none ... passed in 0.000s
    Then answer get row(0) get variable(p) try get integer is none ... passed in 0.000s
    Then answer get row(0) get variable(p) try get double is none ... passed in 0.000s
    Then answer get row(0) get variable(p) try get decimal is none ... passed in 0.000s
    Then answer get row(0) get variable(p) try get string is none ... passed in 0.000s
    Then answer get row(0) get variable(p) try get date is none ... passed in 0.000s
    Then answer get row(0) get variable(p) try get datetime is none ... passed in 0.000s
    Then answer get row(0) get variable(p) try get datetime-tz is none ... passed in 0.000s
    Then answer get row(0) get variable(p) try get duration is none ... passed in 0.000s
    Then answer get row(0) get variable(p) try get struct is none ... passed in 0.000s
    Then answer get row(0) get type(p) get label: parentship ... passed in 0.000s
    Then answer get row(0) get relation type(p) get label: parentship ... passed in 0.000s

  Scenario: Driver processes role types correctly
    Given typedb starts ... passed in 0.000s
    Given connection is open: false ... passed in 0.000s
    Given connection opens with default authentication ... passed in 0.161s
    Given connection is open: true ... passed in 0.000s
    Given connection has 0 databases ... passed in 0.002s
    Given connection create database: typedb ... passed in 0.041s
    Given connection has database: typedb ... passed in 0.002s
    Given connection open schema transaction for database: typedb ... passed in 0.002s
    Given typeql schema query ... passed in 0.011s
      """
      define relation parentship, relates parent;
      """
    When get answers of typeql read query ... passed in 0.006s
      """
      match $_ sub parentship, relates $p;
      """
    Then answer type is: concept rows ... passed in 0.000s
    Then answer query type is: read ... passed in 0.000s
    Then answer size is: 1 ... passed in 0.001s
    Then answer get row(0) get variable(p) is type: true ... passed in 0.000s
    Then answer get row(0) get variable(p) is instance: false ... passed in 0.000s
    Then answer get row(0) get variable(p) is value: false ... passed in 0.002s
    Then answer get row(0) get variable(p) is entity type: false ... passed in 0.000s
    Then answer get row(0) get variable(p) is relation type: false ... passed in 0.000s
    Then answer get row(0) get variable(p) is attribute type: false ... passed in 0.000s
    Then answer get row(0) get variable(p) is role type: true ... passed in 0.000s
    Then answer get row(0) get variable(p) is entity: false ... passed in 0.000s
    Then answer get row(0) get variable(p) is relation: false ... passed in 0.000s
    Then answer get row(0) get variable(p) is attribute: false ... passed in 0.000s
    Then answer get row(0) get variable(p) is struct: false ... passed in 0.000s
    Then answer get row(0) get variable(p) is date: false ... passed in 0.000s
    Then answer get row(0) get variable(p) as role type ... passed in 0.000s
    Then answer get row(0) get variable(p) try get label: parentship:parent ... passed in 0.000s
    Then answer get row(0) get variable(p) get label: parentship:parent ... passed in 0.000s
    Then answer get row(0) get variable(p) try get iid is none ... passed in 0.000s
    Then answer get row(0) get variable(p) try get value type is none ... passed in 0.000s
    Then answer get row(0) get variable(p) try get value is none ... passed in 0.000s
    Then answer get row(0) get variable(p) try get boolean is none ... passed in 0.000s
    Then answer get row(0) get variable(p) try get integer is none ... passed in 0.000s
    Then answer get row(0) get variable(p) try get double is none ... passed in 0.000s
    Then answer get row(0) get variable(p) try get decimal is none ... passed in 0.000s
    Then answer get row(0) get variable(p) try get string is none ... passed in 0.000s
    Then answer get row(0) get variable(p) try get date is none ... passed in 0.000s
    Then answer get row(0) get variable(p) try get datetime is none ... passed in 0.000s
    Then answer get row(0) get variable(p) try get datetime-tz is none ... passed in 0.000s
    Then answer get row(0) get variable(p) try get duration is none ... passed in 0.000s
    Then answer get row(0) get variable(p) try get struct is none ... passed in 0.000s
    Then answer get row(0) get type(p) get label: parentship:parent ... passed in 0.000s
    Then answer get row(0) get role type(p) get label: parentship:parent ... passed in 0.000s

  Scenario: Driver processes attribute types without value type correctly
    Given typedb starts ... passed in 0.000s
    Given connection is open: false ... passed in 0.000s
    Given connection opens with default authentication ... passed in 0.166s
    Given connection is open: true ... passed in 0.000s
    Given connection has 0 databases ... passed in 0.002s
    Given connection create database: typedb ... passed in 0.039s
    Given connection has database: typedb ... passed in 0.002s
    Given connection open schema transaction for database: typedb ... passed in 0.002s
    Given typeql schema query ... passed in 0.004s
      """
      define attribute untyped @abstract;
      """
    When get answers of typeql read query ... passed in 0.004s
      """
      match attribute $a;
      """
    Then answer type is: concept rows ... passed in 0.000s
    Then answer query type is: read ... passed in 0.000s
    Then answer size is: 1 ... passed in 0.001s
    Then answer get row(0) get variable(a) is type: true ... passed in 0.000s
    Then answer get row(0) get variable(a) is instance: false ... passed in 0.000s
    Then answer get row(0) get variable(a) is value: false ... passed in 0.000s
    Then answer get row(0) get variable(a) is entity type: false ... passed in 0.000s
    Then answer get row(0) get variable(a) is relation type: false ... passed in 0.000s
    Then answer get row(0) get variable(a) is attribute type: true ... passed in 0.000s
    Then answer get row(0) get variable(a) is role type: false ... passed in 0.000s
    Then answer get row(0) get variable(a) is entity: false ... passed in 0.000s
    Then answer get row(0) get variable(a) is relation: false ... passed in 0.000s
    Then answer get row(0) get variable(a) is attribute: false ... passed in 0.000s
    Then answer get row(0) get variable(a) is boolean: false ... passed in 0.000s
    Then answer get row(0) get variable(a) is datetime-tz: false ... passed in 0.000s
    Then answer get row(0) get variable(a) try get value type is none ... passed in 0.000s
    Then answer get row(0) get variable(a) try get value is none ... passed in 0.000s
    Then answer get row(0) get variable(a) try get boolean is none ... passed in 0.000s
    Then answer get row(0) get variable(a) try get integer is none ... passed in 0.000s
    Then answer get row(0) get variable(a) try get double is none ... passed in 0.000s
    Then answer get row(0) get variable(a) try get decimal is none ... passed in 0.000s
    Then answer get row(0) get variable(a) try get string is none ... passed in 0.000s
    Then answer get row(0) get variable(a) try get date is none ... passed in 0.000s
    Then answer get row(0) get variable(a) try get datetime is none ... passed in 0.000s
    Then answer get row(0) get variable(a) try get datetime-tz is none ... passed in 0.000s
    Then answer get row(0) get variable(a) try get duration is none ... passed in 0.000s
    Then answer get row(0) get variable(a) try get struct is none ... passed in 0.000s
    Then answer get row(0) get variable(a) as attribute type ... passed in 0.000s
    Then answer get row(0) get variable(a) get label: untyped ... passed in 0.000s
    Then answer get row(0) get type(a) get label: untyped ... passed in 0.000s
    Then answer get row(0) get attribute type(a) get label: untyped ... passed in 0.000s
    Then answer get row(0) get attribute type(a) try get value type is none ... passed in 0.000s
    Then answer get row(0) get attribute type(a) is boolean: false ... passed in 0.000s
    Then answer get row(0) get attribute type(a) is integer: false ... passed in 0.000s
    Then answer get row(0) get attribute type(a) is double: false ... passed in 0.000s
    Then answer get row(0) get attribute type(a) is decimal: false ... passed in 0.000s
    Then answer get row(0) get attribute type(a) is string: false ... passed in 0.000s
    Then answer get row(0) get attribute type(a) is date: false ... passed in 0.000s
    Then answer get row(0) get attribute type(a) is datetime: false ... passed in 0.000s
    Then answer get row(0) get attribute type(a) is datetime-tz: false ... passed in 0.000s
    Then answer get row(0) get attribute type(a) is duration: false ... passed in 0.000s
    Then answer get row(0) get attribute type(a) is struct: false ... passed in 0.000s

  Scenario Outline: Driver processes attribute types with value type boolean correctly -- @1.1 
    Given typedb starts ... passed in 0.000s
    Given connection is open: false ... passed in 0.000s
    Given connection opens with default authentication ... passed in 0.172s
    Given connection is open: true ... passed in 0.000s
    Given connection has 0 databases ... passed in 0.002s
    Given connection create database: typedb ... passed in 0.042s
    Given connection has database: typedb ... passed in 0.002s
    Given connection open schema transaction for database: typedb ... passed in 0.002s
    Given typeql schema query ... passed in 0.004s
      """
      define attribute typed, value boolean;
      """
    When get answers of typeql read query ... passed in 0.004s
      """
      match attribute $a;
      """
    Then answer type is: concept rows ... passed in 0.000s
    Then answer query type is: read ... passed in 0.000s
    Then answer size is: 1 ... passed in 0.001s
    Then answer get row(0) get variable(a) is type: true ... passed in 0.000s
    Then answer get row(0) get variable(a) is instance: false ... passed in 0.000s
    Then answer get row(0) get variable(a) is value: false ... passed in 0.000s
    Then answer get row(0) get variable(a) is entity type: false ... passed in 0.000s
    Then answer get row(0) get variable(a) is relation type: false ... passed in 0.000s
    Then answer get row(0) get variable(a) is attribute type: true ... passed in 0.000s
    Then answer get row(0) get variable(a) is role type: false ... passed in 0.000s
    Then answer get row(0) get variable(a) is entity: false ... passed in 0.000s
    Then answer get row(0) get variable(a) is relation: false ... passed in 0.000s
    Then answer get row(0) get variable(a) is attribute: false ... passed in 0.000s
    Then answer get row(0) get variable(a) as attribute type ... passed in 0.000s
    Then answer get row(0) get variable(a) get label: typed ... passed in 0.000s
    Then answer get row(0) get variable(a) try get value is none ... passed in 0.000s
    Then answer get row(0) get variable(a) try get boolean is none ... passed in 0.000s
    Then answer get row(0) get variable(a) try get integer is none ... passed in 0.000s
    Then answer get row(0) get variable(a) try get double is none ... passed in 0.000s
    Then answer get row(0) get variable(a) try get decimal is none ... passed in 0.000s
    Then answer get row(0) get variable(a) try get string is none ... passed in 0.000s
    Then answer get row(0) get variable(a) try get date is none ... passed in 0.000s
    Then answer get row(0) get variable(a) try get datetime is none ... passed in 0.000s
    Then answer get row(0) get variable(a) try get datetime-tz is none ... passed in 0.000s
    Then answer get row(0) get variable(a) try get duration is none ... passed in 0.000s
    Then answer get row(0) get variable(a) try get struct is none ... passed in 0.000s
    Then answer get row(0) get type(a) get label: typed ... passed in 0.000s
    Then answer get row(0) get attribute type(a) get label: typed ... passed in 0.000s
    Then answer get row(0) get attribute type(a) try get value type: boolean ... passed in 0.000s
    Then answer get row(0) get attribute type(a) is boolean: true ... passed in 0.000s
    Then answer get row(0) get attribute type(a) is integer: false ... passed in 0.000s
    Then answer get row(0) get attribute type(a) is double: false ... passed in 0.000s
    Then answer get row(0) get attribute type(a) is decimal: false ... passed in 0.000s
    Then answer get row(0) get attribute type(a) is string: false ... passed in 0.000s
    Then answer get row(0) get attribute type(a) is date: false ... passed in 0.000s
    Then answer get row(0) get attribute type(a) is datetime: false ... passed in 0.000s
    Then answer get row(0) get attribute type(a) is datetime-tz: false ... passed in 0.000s
    Then answer get row(0) get attribute type(a) is duration: false ... passed in 0.000s
    Then answer get row(0) get attribute type(a) is struct: false ... passed in 0.000s

  Scenario Outline: Driver processes attribute types with value type integer correctly -- @1.2 
    Given typedb starts ... passed in 0.000s
    Given connection is open: false ... passed in 0.000s
    Given connection opens with default authentication ... passed in 0.159s
    Given connection is open: true ... passed in 0.000s
    Given connection has 0 databases ... passed in 0.002s
    Given connection create database: typedb ... passed in 0.045s
    Given connection has database: typedb ... passed in 0.002s
    Given connection open schema transaction for database: typedb ... passed in 0.002s
    Given typeql schema query ... passed in 0.005s
      """
      define attribute typed, value integer;
      """
    When get answers of typeql read query ... passed in 0.004s
      """
      match attribute $a;
      """
    Then answer type is: concept rows ... passed in 0.000s
    Then answer query type is: read ... passed in 0.000s
    Then answer size is: 1 ... passed in 0.000s
    Then answer get row(0) get variable(a) is type: true ... passed in 0.000s
    Then answer get row(0) get variable(a) is instance: false ... passed in 0.000s
    Then answer get row(0) get variable(a) is value: false ... passed in 0.000s
    Then answer get row(0) get variable(a) is entity type: false ... passed in 0.000s
    Then answer get row(0) get variable(a) is relation type: false ... passed in 0.000s
    Then answer get row(0) get variable(a) is attribute type: true ... passed in 0.000s
    Then answer get row(0) get variable(a) is role type: false ... passed in 0.000s
    Then answer get row(0) get variable(a) is entity: false ... passed in 0.000s
    Then answer get row(0) get variable(a) is relation: false ... passed in 0.000s
    Then answer get row(0) get variable(a) is attribute: false ... passed in 0.000s
    Then answer get row(0) get variable(a) as attribute type ... passed in 0.000s
    Then answer get row(0) get variable(a) get label: typed ... passed in 0.000s
    Then answer get row(0) get variable(a) try get value is none ... passed in 0.000s
    Then answer get row(0) get variable(a) try get boolean is none ... passed in 0.000s
    Then answer get row(0) get variable(a) try get integer is none ... passed in 0.000s
    Then answer get row(0) get variable(a) try get double is none ... passed in 0.000s
    Then answer get row(0) get variable(a) try get decimal is none ... passed in 0.000s
    Then answer get row(0) get variable(a) try get string is none ... passed in 0.000s
    Then answer get row(0) get variable(a) try get date is none ... passed in 0.000s
    Then answer get row(0) get variable(a) try get datetime is none ... passed in 0.000s
    Then answer get row(0) get variable(a) try get datetime-tz is none ... passed in 0.000s
    Then answer get row(0) get variable(a) try get duration is none ... passed in 0.000s
    Then answer get row(0) get variable(a) try get struct is none ... passed in 0.000s
    Then answer get row(0) get type(a) get label: typed ... passed in 0.000s
    Then answer get row(0) get attribute type(a) get label: typed ... passed in 0.000s
    Then answer get row(0) get attribute type(a) try get value type: integer ... passed in 0.000s
    Then answer get row(0) get attribute type(a) is boolean: false ... passed in 0.000s
    Then answer get row(0) get attribute type(a) is integer: true ... passed in 0.000s
    Then answer get row(0) get attribute type(a) is double: false ... passed in 0.000s
    Then answer get row(0) get attribute type(a) is decimal: false ... passed in 0.000s
    Then answer get row(0) get attribute type(a) is string: false ... passed in 0.000s
    Then answer get row(0) get attribute type(a) is date: false ... passed in 0.000s
    Then answer get row(0) get attribute type(a) is datetime: false ... passed in 0.000s
    Then answer get row(0) get attribute type(a) is datetime-tz: false ... passed in 0.000s
    Then answer get row(0) get attribute type(a) is duration: false ... passed in 0.000s
    Then answer get row(0) get attribute type(a) is struct: false ... passed in 0.000s

  Scenario Outline: Driver processes attribute types with value type double correctly -- @1.3 
    Given typedb starts ... passed in 0.000s
    Given connection is open: false ... passed in 0.000s
    Given connection opens with default authentication ... passed in 0.181s
    Given connection is open: true ... passed in 0.000s
    Given connection has 0 databases ... passed in 0.003s
    Given connection create database: typedb ... passed in 0.044s
    Given connection has database: typedb ... passed in 0.002s
    Given connection open schema transaction for database: typedb ... passed in 0.002s
    Given typeql schema query ... passed in 0.004s
      """
      define attribute typed, value double;
      """
    When get answers of typeql read query ... passed in 0.006s
      """
      match attribute $a;
      """
    Then answer type is: concept rows ... passed in 0.000s
    Then answer query type is: read ... passed in 0.000s
    Then answer size is: 1 ... passed in 0.000s
    Then answer get row(0) get variable(a) is type: true ... passed in 0.000s
    Then answer get row(0) get variable(a) is instance: false ... passed in 0.000s
    Then answer get row(0) get variable(a) is value: false ... passed in 0.000s
    Then answer get row(0) get variable(a) is entity type: false ... passed in 0.000s
    Then answer get row(0) get variable(a) is relation type: false ... passed in 0.000s
    Then answer get row(0) get variable(a) is attribute type: true ... passed in 0.000s
    Then answer get row(0) get variable(a) is role type: false ... passed in 0.000s
    Then answer get row(0) get variable(a) is entity: false ... passed in 0.000s
    Then answer get row(0) get variable(a) is relation: false ... passed in 0.000s
    Then answer get row(0) get variable(a) is attribute: false ... passed in 0.000s
    Then answer get row(0) get variable(a) as attribute type ... passed in 0.000s
    Then answer get row(0) get variable(a) get label: typed ... passed in 0.000s
    Then answer get row(0) get variable(a) try get value is none ... passed in 0.000s
    Then answer get row(0) get variable(a) try get boolean is none ... passed in 0.000s
    Then answer get row(0) get variable(a) try get integer is none ... passed in 0.000s
    Then answer get row(0) get variable(a) try get double is none ... passed in 0.000s
    Then answer get row(0) get variable(a) try get decimal is none ... passed in 0.000s
    Then answer get row(0) get variable(a) try get string is none ... passed in 0.000s
    Then answer get row(0) get variable(a) try get date is none ... passed in 0.000s
    Then answer get row(0) get variable(a) try get datetime is none ... passed in 0.000s
    Then answer get row(0) get variable(a) try get datetime-tz is none ... passed in 0.000s
    Then answer get row(0) get variable(a) try get duration is none ... passed in 0.000s
    Then answer get row(0) get variable(a) try get struct is none ... passed in 0.000s
    Then answer get row(0) get type(a) get label: typed ... passed in 0.000s
    Then answer get row(0) get attribute type(a) get label: typed ... passed in 0.000s
    Then answer get row(0) get attribute type(a) try get value type: double ... passed in 0.000s
    Then answer get row(0) get attribute type(a) is boolean: false ... passed in 0.000s
    Then answer get row(0) get attribute type(a) is integer: false ... passed in 0.000s
    Then answer get row(0) get attribute type(a) is double: true ... passed in 0.000s
    Then answer get row(0) get attribute type(a) is decimal: false ... passed in 0.000s
    Then answer get row(0) get attribute type(a) is string: false ... passed in 0.000s
    Then answer get row(0) get attribute type(a) is date: false ... passed in 0.000s
    Then answer get row(0) get attribute type(a) is datetime: false ... passed in 0.000s
    Then answer get row(0) get attribute type(a) is datetime-tz: false ... passed in 0.000s
    Then answer get row(0) get attribute type(a) is duration: false ... passed in 0.000s
    Then answer get row(0) get attribute type(a) is struct: false ... passed in 0.000s

  Scenario Outline: Driver processes attribute types with value type decimal correctly -- @1.4 
    Given typedb starts ... passed in 0.000s
    Given connection is open: false ... passed in 0.000s
    Given connection opens with default authentication ... passed in 0.181s
    Given connection is open: true ... passed in 0.000s
    Given connection has 0 databases ... passed in 0.002s
    Given connection create database: typedb ... passed in 0.041s
    Given connection has database: typedb ... passed in 0.001s
    Given connection open schema transaction for database: typedb ... passed in 0.002s
    Given typeql schema query ... passed in 0.004s
      """
      define attribute typed, value decimal;
      """
    When get answers of typeql read query ... passed in 0.004s
      """
      match attribute $a;
      """
    Then answer type is: concept rows ... passed in 0.000s
    Then answer query type is: read ... passed in 0.000s
    Then answer size is: 1 ... passed in 0.000s
    Then answer get row(0) get variable(a) is type: true ... passed in 0.000s
    Then answer get row(0) get variable(a) is instance: false ... passed in 0.000s
    Then answer get row(0) get variable(a) is value: false ... passed in 0.000s
    Then answer get row(0) get variable(a) is entity type: false ... passed in 0.000s
    Then answer get row(0) get variable(a) is relation type: false ... passed in 0.000s
    Then answer get row(0) get variable(a) is attribute type: true ... passed in 0.000s
    Then answer get row(0) get variable(a) is role type: false ... passed in 0.000s
    Then answer get row(0) get variable(a) is entity: false ... passed in 0.000s
    Then answer get row(0) get variable(a) is relation: false ... passed in 0.000s
    Then answer get row(0) get variable(a) is attribute: false ... passed in 0.000s
    Then answer get row(0) get variable(a) as attribute type ... passed in 0.000s
    Then answer get row(0) get variable(a) get label: typed ... passed in 0.000s
    Then answer get row(0) get variable(a) try get value is none ... passed in 0.000s
    Then answer get row(0) get variable(a) try get boolean is none ... passed in 0.000s
    Then answer get row(0) get variable(a) try get integer is none ... passed in 0.000s
    Then answer get row(0) get variable(a) try get double is none ... passed in 0.000s
    Then answer get row(0) get variable(a) try get decimal is none ... passed in 0.000s
    Then answer get row(0) get variable(a) try get string is none ... passed in 0.000s
    Then answer get row(0) get variable(a) try get date is none ... passed in 0.000s
    Then answer get row(0) get variable(a) try get datetime is none ... passed in 0.000s
    Then answer get row(0) get variable(a) try get datetime-tz is none ... passed in 0.000s
    Then answer get row(0) get variable(a) try get duration is none ... passed in 0.000s
    Then answer get row(0) get variable(a) try get struct is none ... passed in 0.000s
    Then answer get row(0) get type(a) get label: typed ... passed in 0.000s
    Then answer get row(0) get attribute type(a) get label: typed ... passed in 0.000s
    Then answer get row(0) get attribute type(a) try get value type: decimal ... passed in 0.000s
    Then answer get row(0) get attribute type(a) is boolean: false ... passed in 0.000s
    Then answer get row(0) get attribute type(a) is integer: false ... passed in 0.000s
    Then answer get row(0) get attribute type(a) is double: false ... passed in 0.000s
    Then answer get row(0) get attribute type(a) is decimal: true ... passed in 0.000s
    Then answer get row(0) get attribute type(a) is string: false ... passed in 0.000s
    Then answer get row(0) get attribute type(a) is date: false ... passed in 0.000s
    Then answer get row(0) get attribute type(a) is datetime: false ... passed in 0.000s
    Then answer get row(0) get attribute type(a) is datetime-tz: false ... passed in 0.000s
    Then answer get row(0) get attribute type(a) is duration: false ... passed in 0.000s
    Then answer get row(0) get attribute type(a) is struct: false ... passed in 0.000s

  Scenario Outline: Driver processes attribute types with value type string correctly -- @1.5 
    Given typedb starts ... passed in 0.000s
    Given connection is open: false ... passed in 0.000s
    Given connection opens with default authentication ... passed in 0.205s
    Given connection is open: true ... passed in 0.000s
    Given connection has 0 databases ... passed in 0.002s
    Given connection create database: typedb ... passed in 0.037s
    Given connection has database: typedb ... passed in 0.001s
    Given connection open schema transaction for database: typedb ... passed in 0.002s
    Given typeql schema query ... passed in 0.008s
      """
      define attribute typed, value string;
      """
    When get answers of typeql read query ... passed in 0.005s
      """
      match attribute $a;
      """
    Then answer type is: concept rows ... passed in 0.000s
    Then answer query type is: read ... passed in 0.000s
    Then answer size is: 1 ... passed in 0.000s
    Then answer get row(0) get variable(a) is type: true ... passed in 0.000s
    Then answer get row(0) get variable(a) is instance: false ... passed in 0.000s
    Then answer get row(0) get variable(a) is value: false ... passed in 0.000s
    Then answer get row(0) get variable(a) is entity type: false ... passed in 0.000s
    Then answer get row(0) get variable(a) is relation type: false ... passed in 0.000s
    Then answer get row(0) get variable(a) is attribute type: true ... passed in 0.000s
    Then answer get row(0) get variable(a) is role type: false ... passed in 0.000s
    Then answer get row(0) get variable(a) is entity: false ... passed in 0.000s
    Then answer get row(0) get variable(a) is relation: false ... passed in 0.000s
    Then answer get row(0) get variable(a) is attribute: false ... passed in 0.000s
    Then answer get row(0) get variable(a) as attribute type ... passed in 0.000s
    Then answer get row(0) get variable(a) get label: typed ... passed in 0.000s
    Then answer get row(0) get variable(a) try get value is none ... passed in 0.000s
    Then answer get row(0) get variable(a) try get boolean is none ... passed in 0.000s
    Then answer get row(0) get variable(a) try get integer is none ... passed in 0.000s
    Then answer get row(0) get variable(a) try get double is none ... passed in 0.000s
    Then answer get row(0) get variable(a) try get decimal is none ... passed in 0.000s
    Then answer get row(0) get variable(a) try get string is none ... passed in 0.000s
    Then answer get row(0) get variable(a) try get date is none ... passed in 0.000s
    Then answer get row(0) get variable(a) try get datetime is none ... passed in 0.000s
    Then answer get row(0) get variable(a) try get datetime-tz is none ... passed in 0.000s
    Then answer get row(0) get variable(a) try get duration is none ... passed in 0.000s
    Then answer get row(0) get variable(a) try get struct is none ... passed in 0.000s
    Then answer get row(0) get type(a) get label: typed ... passed in 0.000s
    Then answer get row(0) get attribute type(a) get label: typed ... passed in 0.000s
    Then answer get row(0) get attribute type(a) try get value type: string ... passed in 0.000s
    Then answer get row(0) get attribute type(a) is boolean: false ... passed in 0.000s
    Then answer get row(0) get attribute type(a) is integer: false ... passed in 0.000s
    Then answer get row(0) get attribute type(a) is double: false ... passed in 0.000s
    Then answer get row(0) get attribute type(a) is decimal: false ... passed in 0.000s
    Then answer get row(0) get attribute type(a) is string: true ... passed in 0.000s
    Then answer get row(0) get attribute type(a) is date: false ... passed in 0.000s
    Then answer get row(0) get attribute type(a) is datetime: false ... passed in 0.000s
    Then answer get row(0) get attribute type(a) is datetime-tz: false ... passed in 0.000s
    Then answer get row(0) get attribute type(a) is duration: false ... passed in 0.000s
    Then answer get row(0) get attribute type(a) is struct: false ... passed in 0.000s

  Scenario Outline: Driver processes attribute types with value type date correctly -- @1.6 
    Given typedb starts ... passed in 0.000s
    Given connection is open: false ... passed in 0.000s
    Given connection opens with default authentication ... passed in 0.164s
    Given connection is open: true ... passed in 0.001s
    Given connection has 0 databases ... passed in 0.002s
    Given connection create database: typedb ... passed in 0.040s
    Given connection has database: typedb ... passed in 0.003s
    Given connection open schema transaction for database: typedb ... passed in 0.005s
    Given typeql schema query ... passed in 0.006s
      """
      define attribute typed, value date;
      """
    When get answers of typeql read query ... passed in 0.005s
      """
      match attribute $a;
      """
    Then answer type is: concept rows ... passed in 0.000s
    Then answer query type is: read ... passed in 0.000s
    Then answer size is: 1 ... passed in 0.000s
    Then answer get row(0) get variable(a) is type: true ... passed in 0.000s
    Then answer get row(0) get variable(a) is instance: false ... passed in 0.000s
    Then answer get row(0) get variable(a) is value: false ... passed in 0.000s
    Then answer get row(0) get variable(a) is entity type: false ... passed in 0.000s
    Then answer get row(0) get variable(a) is relation type: false ... passed in 0.000s
    Then answer get row(0) get variable(a) is attribute type: true ... passed in 0.000s
    Then answer get row(0) get variable(a) is role type: false ... passed in 0.000s
    Then answer get row(0) get variable(a) is entity: false ... passed in 0.000s
    Then answer get row(0) get variable(a) is relation: false ... passed in 0.000s
    Then answer get row(0) get variable(a) is attribute: false ... passed in 0.000s
    Then answer get row(0) get variable(a) as attribute type ... passed in 0.000s
    Then answer get row(0) get variable(a) get label: typed ... passed in 0.000s
    Then answer get row(0) get variable(a) try get value is none ... passed in 0.000s
    Then answer get row(0) get variable(a) try get boolean is none ... passed in 0.000s
    Then answer get row(0) get variable(a) try get integer is none ... passed in 0.000s
    Then answer get row(0) get variable(a) try get double is none ... passed in 0.000s
    Then answer get row(0) get variable(a) try get decimal is none ... passed in 0.000s
    Then answer get row(0) get variable(a) try get string is none ... passed in 0.000s
    Then answer get row(0) get variable(a) try get date is none ... passed in 0.000s
    Then answer get row(0) get variable(a) try get datetime is none ... passed in 0.000s
    Then answer get row(0) get variable(a) try get datetime-tz is none ... passed in 0.000s
    Then answer get row(0) get variable(a) try get duration is none ... passed in 0.000s
    Then answer get row(0) get variable(a) try get struct is none ... passed in 0.000s
    Then answer get row(0) get type(a) get label: typed ... passed in 0.000s
    Then answer get row(0) get attribute type(a) get label: typed ... passed in 0.000s
    Then answer get row(0) get attribute type(a) try get value type: date ... passed in 0.000s
    Then answer get row(0) get attribute type(a) is boolean: false ... passed in 0.000s
    Then answer get row(0) get attribute type(a) is integer: false ... passed in 0.000s
    Then answer get row(0) get attribute type(a) is double: false ... passed in 0.000s
    Then answer get row(0) get attribute type(a) is decimal: false ... passed in 0.000s
    Then answer get row(0) get attribute type(a) is string: false ... passed in 0.000s
    Then answer get row(0) get attribute type(a) is date: true ... passed in 0.000s
    Then answer get row(0) get attribute type(a) is datetime: false ... passed in 0.000s
    Then answer get row(0) get attribute type(a) is datetime-tz: false ... passed in 0.000s
    Then answer get row(0) get attribute type(a) is duration: false ... passed in 0.000s
    Then answer get row(0) get attribute type(a) is struct: false ... passed in 0.000s

  Scenario Outline: Driver processes attribute types with value type datetime correctly -- @1.7 
    Given typedb starts ... passed in 0.000s
    Given connection is open: false ... passed in 0.000s
    Given connection opens with default authentication ... passed in 0.161s
    Given connection is open: true ... passed in 0.000s
    Given connection has 0 databases ... passed in 0.002s
    Given connection create database: typedb ... passed in 0.041s
    Given connection has database: typedb ... passed in 0.002s
    Given connection open schema transaction for database: typedb ... passed in 0.002s
    Given typeql schema query ... passed in 0.005s
      """
      define attribute typed, value datetime;
      """
    When get answers of typeql read query ... passed in 0.004s
      """
      match attribute $a;
      """
    Then answer type is: concept rows ... passed in 0.000s
    Then answer query type is: read ... passed in 0.000s
    Then answer size is: 1 ... passed in 0.001s
    Then answer get row(0) get variable(a) is type: true ... passed in 0.000s
    Then answer get row(0) get variable(a) is instance: false ... passed in 0.000s
    Then answer get row(0) get variable(a) is value: false ... passed in 0.000s
    Then answer get row(0) get variable(a) is entity type: false ... passed in 0.000s
    Then answer get row(0) get variable(a) is relation type: false ... passed in 0.000s
    Then answer get row(0) get variable(a) is attribute type: true ... passed in 0.000s
    Then answer get row(0) get variable(a) is role type: false ... passed in 0.000s
    Then answer get row(0) get variable(a) is entity: false ... passed in 0.000s
    Then answer get row(0) get variable(a) is relation: false ... passed in 0.000s
    Then answer get row(0) get variable(a) is attribute: false ... passed in 0.000s
    Then answer get row(0) get variable(a) as attribute type ... passed in 0.000s
    Then answer get row(0) get variable(a) get label: typed ... passed in 0.000s
    Then answer get row(0) get variable(a) try get value is none ... passed in 0.000s
    Then answer get row(0) get variable(a) try get boolean is none ... passed in 0.000s
    Then answer get row(0) get variable(a) try get integer is none ... passed in 0.000s
    Then answer get row(0) get variable(a) try get double is none ... passed in 0.000s
    Then answer get row(0) get variable(a) try get decimal is none ... passed in 0.000s
    Then answer get row(0) get variable(a) try get string is none ... passed in 0.000s
    Then answer get row(0) get variable(a) try get date is none ... passed in 0.000s
    Then answer get row(0) get variable(a) try get datetime is none ... passed in 0.000s
    Then answer get row(0) get variable(a) try get datetime-tz is none ... passed in 0.000s
    Then answer get row(0) get variable(a) try get duration is none ... passed in 0.000s
    Then answer get row(0) get variable(a) try get struct is none ... passed in 0.000s
    Then answer get row(0) get type(a) get label: typed ... passed in 0.000s
    Then answer get row(0) get attribute type(a) get label: typed ... passed in 0.000s
    Then answer get row(0) get attribute type(a) try get value type: datetime ... passed in 0.000s
    Then answer get row(0) get attribute type(a) is boolean: false ... passed in 0.000s
    Then answer get row(0) get attribute type(a) is integer: false ... passed in 0.000s
    Then answer get row(0) get attribute type(a) is double: false ... passed in 0.000s
    Then answer get row(0) get attribute type(a) is decimal: false ... passed in 0.000s
    Then answer get row(0) get attribute type(a) is string: false ... passed in 0.000s
    Then answer get row(0) get attribute type(a) is date: false ... passed in 0.000s
    Then answer get row(0) get attribute type(a) is datetime: true ... passed in 0.000s
    Then answer get row(0) get attribute type(a) is datetime-tz: false ... passed in 0.000s
    Then answer get row(0) get attribute type(a) is duration: false ... passed in 0.000s
    Then answer get row(0) get attribute type(a) is struct: false ... passed in 0.000s

  Scenario Outline: Driver processes attribute types with value type datetime-tz correctly -- @1.8 
    Given typedb starts ... passed in 0.000s
    Given connection is open: false ... passed in 0.000s
    Given connection opens with default authentication ... passed in 0.163s
    Given connection is open: true ... passed in 0.000s
    Given connection has 0 databases ... passed in 0.002s
    Given connection create database: typedb ... passed in 0.042s
    Given connection has database: typedb ... passed in 0.001s
    Given connection open schema transaction for database: typedb ... passed in 0.002s
    Given typeql schema query ... passed in 0.003s
      """
      define attribute typed, value datetime-tz;
      """
    When get answers of typeql read query ... passed in 0.004s
      """
      match attribute $a;
      """
    Then answer type is: concept rows ... passed in 0.000s
    Then answer query type is: read ... passed in 0.000s
    Then answer size is: 1 ... passed in 0.000s
    Then answer get row(0) get variable(a) is type: true ... passed in 0.000s
    Then answer get row(0) get variable(a) is instance: false ... passed in 0.000s
    Then answer get row(0) get variable(a) is value: false ... passed in 0.000s
    Then answer get row(0) get variable(a) is entity type: false ... passed in 0.000s
    Then answer get row(0) get variable(a) is relation type: false ... passed in 0.000s
    Then answer get row(0) get variable(a) is attribute type: true ... passed in 0.000s
    Then answer get row(0) get variable(a) is role type: false ... passed in 0.000s
    Then answer get row(0) get variable(a) is entity: false ... passed in 0.000s
    Then answer get row(0) get variable(a) is relation: false ... passed in 0.000s
    Then answer get row(0) get variable(a) is attribute: false ... passed in 0.000s
    Then answer get row(0) get variable(a) as attribute type ... passed in 0.000s
    Then answer get row(0) get variable(a) get label: typed ... passed in 0.000s
    Then answer get row(0) get variable(a) try get value is none ... passed in 0.000s
    Then answer get row(0) get variable(a) try get boolean is none ... passed in 0.000s
    Then answer get row(0) get variable(a) try get integer is none ... passed in 0.000s
    Then answer get row(0) get variable(a) try get double is none ... passed in 0.000s
    Then answer get row(0) get variable(a) try get decimal is none ... passed in 0.000s
    Then answer get row(0) get variable(a) try get string is none ... passed in 0.000s
    Then answer get row(0) get variable(a) try get date is none ... passed in 0.000s
    Then answer get row(0) get variable(a) try get datetime is none ... passed in 0.000s
    Then answer get row(0) get variable(a) try get datetime-tz is none ... passed in 0.000s
    Then answer get row(0) get variable(a) try get duration is none ... passed in 0.000s
    Then answer get row(0) get variable(a) try get struct is none ... passed in 0.000s
    Then answer get row(0) get type(a) get label: typed ... passed in 0.000s
    Then answer get row(0) get attribute type(a) get label: typed ... passed in 0.000s
    Then answer get row(0) get attribute type(a) try get value type: datetime-tz ... passed in 0.000s
    Then answer get row(0) get attribute type(a) is boolean: false ... passed in 0.000s
    Then answer get row(0) get attribute type(a) is integer: false ... passed in 0.000s
    Then answer get row(0) get attribute type(a) is double: false ... passed in 0.000s
    Then answer get row(0) get attribute type(a) is decimal: false ... passed in 0.000s
    Then answer get row(0) get attribute type(a) is string: false ... passed in 0.001s
    Then answer get row(0) get attribute type(a) is date: false ... passed in 0.000s
    Then answer get row(0) get attribute type(a) is datetime: false ... passed in 0.000s
    Then answer get row(0) get attribute type(a) is datetime-tz: true ... passed in 0.000s
    Then answer get row(0) get attribute type(a) is duration: false ... passed in 0.000s
    Then answer get row(0) get attribute type(a) is struct: false ... passed in 0.000s

  Scenario Outline: Driver processes attribute types with value type duration correctly -- @1.9 
    Given typedb starts ... passed in 0.000s
    Given connection is open: false ... passed in 0.000s
    Given connection opens with default authentication ... passed in 0.164s
    Given connection is open: true ... passed in 0.000s
    Given connection has 0 databases ... passed in 0.002s
    Given connection create database: typedb ... passed in 0.039s
    Given connection has database: typedb ... passed in 0.001s
    Given connection open schema transaction for database: typedb ... passed in 0.002s
    Given typeql schema query ... passed in 0.005s
      """
      define attribute typed, value duration;
      """
    When get answers of typeql read query ... passed in 0.004s
      """
      match attribute $a;
      """
    Then answer type is: concept rows ... passed in 0.000s
    Then answer query type is: read ... passed in 0.001s
    Then answer size is: 1 ... passed in 0.000s
    Then answer get row(0) get variable(a) is type: true ... passed in 0.000s
    Then answer get row(0) get variable(a) is instance: false ... passed in 0.000s
    Then answer get row(0) get variable(a) is value: false ... passed in 0.000s
    Then answer get row(0) get variable(a) is entity type: false ... passed in 0.000s
    Then answer get row(0) get variable(a) is relation type: false ... passed in 0.000s
    Then answer get row(0) get variable(a) is attribute type: true ... passed in 0.000s
    Then answer get row(0) get variable(a) is role type: false ... passed in 0.000s
    Then answer get row(0) get variable(a) is entity: false ... passed in 0.000s
    Then answer get row(0) get variable(a) is relation: false ... passed in 0.000s
    Then answer get row(0) get variable(a) is attribute: false ... passed in 0.000s
    Then answer get row(0) get variable(a) as attribute type ... passed in 0.000s
    Then answer get row(0) get variable(a) get label: typed ... passed in 0.000s
    Then answer get row(0) get variable(a) try get value is none ... passed in 0.000s
    Then answer get row(0) get variable(a) try get boolean is none ... passed in 0.000s
    Then answer get row(0) get variable(a) try get integer is none ... passed in 0.000s
    Then answer get row(0) get variable(a) try get double is none ... passed in 0.000s
    Then answer get row(0) get variable(a) try get decimal is none ... passed in 0.000s
    Then answer get row(0) get variable(a) try get string is none ... passed in 0.000s
    Then answer get row(0) get variable(a) try get date is none ... passed in 0.000s
    Then answer get row(0) get variable(a) try get datetime is none ... passed in 0.000s
    Then answer get row(0) get variable(a) try get datetime-tz is none ... passed in 0.000s
    Then answer get row(0) get variable(a) try get duration is none ... passed in 0.000s
    Then answer get row(0) get variable(a) try get struct is none ... passed in 0.000s
    Then answer get row(0) get type(a) get label: typed ... passed in 0.000s
    Then answer get row(0) get attribute type(a) get label: typed ... passed in 0.000s
    Then answer get row(0) get attribute type(a) try get value type: duration ... passed in 0.000s
    Then answer get row(0) get attribute type(a) is boolean: false ... passed in 0.000s
    Then answer get row(0) get attribute type(a) is integer: false ... passed in 0.000s
    Then answer get row(0) get attribute type(a) is double: false ... passed in 0.000s
    Then answer get row(0) get attribute type(a) is decimal: false ... passed in 0.000s
    Then answer get row(0) get attribute type(a) is string: false ... passed in 0.000s
    Then answer get row(0) get attribute type(a) is date: false ... passed in 0.000s
    Then answer get row(0) get attribute type(a) is datetime: false ... passed in 0.000s
    Then answer get row(0) get attribute type(a) is datetime-tz: false ... passed in 0.000s
    Then answer get row(0) get attribute type(a) is duration: true ... passed in 0.000s
    Then answer get row(0) get attribute type(a) is struct: false ... passed in 0.000s

  Scenario: Driver processes attribute types with value type struct correctly
    Given typedb starts ... passed in 0.000s
    Given connection is open: false ... passed in 0.000s
    Given connection opens with default authentication ... passed in 0.158s
    Given connection is open: true ... passed in 0.000s
    Given connection has 0 databases ... passed in 0.002s
    Given connection create database: typedb ... passed in 0.036s
    Given connection has database: typedb ... passed in 0.001s
    Given connection open schema transaction for database: typedb ... passed in 0.002s
    Given typeql schema query ... passed in 0.006s
      """
      define
      attribute film, value film-properties;
      struct film-genre:
        name value string,
        description value string,
        invented value date;
      struct film-properties:
        name value string,
        genre value film-genre,
        duration value duration,
        reviews value integer,
        score value double,
        revenue value decimal,
        premier value datetime,
        local-premier value datetime-tz,
        is-verified value boolean;
      """
    When get answers of typeql read query ... passed in 0.004s
      """
      match attribute $a;
      """
    Then answer type is: concept rows ... passed in 0.000s
    Then answer query type is: read ... passed in 0.000s
    Then answer size is: 1 ... passed in 0.000s
    Then answer get row(0) get variable(a) is type: true ... passed in 0.000s
    Then answer get row(0) get variable(a) is instance: false ... passed in 0.000s
    Then answer get row(0) get variable(a) is value: false ... passed in 0.000s
    Then answer get row(0) get variable(a) is entity type: false ... passed in 0.000s
    Then answer get row(0) get variable(a) is relation type: false ... passed in 0.000s
    Then answer get row(0) get variable(a) is attribute type: true ... passed in 0.000s
    Then answer get row(0) get variable(a) is role type: false ... passed in 0.000s
    Then answer get row(0) get variable(a) is entity: false ... passed in 0.000s
    Then answer get row(0) get variable(a) is relation: false ... passed in 0.000s
    Then answer get row(0) get variable(a) is attribute: false ... passed in 0.000s
    Then answer get row(0) get variable(a) as attribute type ... passed in 0.000s
    Then answer get row(0) get variable(a) get label: film ... passed in 0.000s
    Then answer get row(0) get type(a) get label: film ... passed in 0.000s
    Then answer get row(0) get attribute type(a) get label: film ... passed in 0.000s
    Then answer get row(0) get attribute type(a) try get value type: film-properties ... passed in 0.000s
    Then answer get row(0) get attribute type(a) is boolean: false ... passed in 0.000s
    Then answer get row(0) get attribute type(a) is integer: false ... passed in 0.000s
    Then answer get row(0) get attribute type(a) is double: false ... passed in 0.000s
    Then answer get row(0) get attribute type(a) is decimal: false ... passed in 0.000s
    Then answer get row(0) get attribute type(a) is string: false ... passed in 0.000s
    Then answer get row(0) get attribute type(a) is date: false ... passed in 0.000s
    Then answer get row(0) get attribute type(a) is datetime: false ... passed in 0.000s
    Then answer get row(0) get attribute type(a) is datetime-tz: false ... passed in 0.000s
    Then answer get row(0) get attribute type(a) is duration: false ... passed in 0.000s
    Then answer get row(0) get attribute type(a) is struct: true ... passed in 0.000s

  Scenario: Driver processes entities correctly
    Given typedb starts ... passed in 0.000s
    Given connection is open: false ... passed in 0.000s
    Given connection opens with default authentication ... passed in 0.158s
    Given connection is open: true ... passed in 0.000s
    Given connection has 0 databases ... passed in 0.002s
    Given connection create database: typedb ... passed in 0.036s
    Given connection has database: typedb ... passed in 0.002s
    Given connection open schema transaction for database: typedb ... passed in 0.002s
    Given typeql schema query ... passed in 0.003s
      """
      define entity person;
      """
    Given transaction commits ... passed in 0.012s
    Given connection open write transaction for database: typedb ... passed in 0.002s
    Given typeql write query ... passed in 0.003s
      """
      insert $p isa person;
      """
    When get answers of typeql read query ... passed in 0.003s
      """
      match $p isa person;
      """
    Then answer type is: concept rows ... passed in 0.000s
    Then answer query type is: read ... passed in 0.000s
    Then answer size is: 1 ... passed in 0.000s
    Then answer get row(0) get variable(p) is type: false ... passed in 0.001s
    Then answer get row(0) get variable(p) is instance: true ... passed in 0.000s
    Then answer get row(0) get variable(p) is value: false ... passed in 0.000s
    Then answer get row(0) get variable(p) is entity type: false ... passed in 0.000s
    Then answer get row(0) get variable(p) is relation type: false ... passed in 0.000s
    Then answer get row(0) get variable(p) is attribute type: false ... passed in 0.000s
    Then answer get row(0) get variable(p) is role type: false ... passed in 0.000s
    Then answer get row(0) get variable(p) is entity: true ... passed in 0.000s
    Then answer get row(0) get variable(p) is relation: false ... passed in 0.000s
    Then answer get row(0) get variable(p) is attribute: false ... passed in 0.000s
    Then answer get row(0) get variable(p) is struct: false ... passed in 0.000s
    Then answer get row(0) get variable(p) try get value is none ... passed in 0.000s
    Then answer get row(0) get variable(p) try get boolean is none ... passed in 0.000s
    Then answer get row(0) get variable(p) try get integer is none ... passed in 0.000s
    Then answer get row(0) get variable(p) try get double is none ... passed in 0.000s
    Then answer get row(0) get variable(p) try get decimal is none ... passed in 0.000s
    Then answer get row(0) get variable(p) try get string is none ... passed in 0.000s
    Then answer get row(0) get variable(p) try get date is none ... passed in 0.000s
    Then answer get row(0) get variable(p) try get datetime is none ... passed in 0.000s
    Then answer get row(0) get variable(p) try get datetime-tz is none ... passed in 0.000s
    Then answer get row(0) get variable(p) try get duration is none ... passed in 0.000s
    Then answer get row(0) get variable(p) try get struct is none ... passed in 0.000s
    Then answer get row(0) get variable(p) as entity ... passed in 0.000s
    Then answer get row(0) get variable(p) get label: person ... passed in 0.000s
    Then answer get row(0) get instance(p) get label: person ... passed in 0.000s
    Then answer get row(0) get instance(p) get type get label: person ... passed in 0.000s
    Then answer get row(0) get entity(p) try get iid is not none ... passed in 0.000s
    Then answer get row(0) get entity(p) contains iid ... passed in 0.000s
    Then answer get row(0) get entity(p) get label: person ... passed in 0.000s
    Then answer get row(0) get entity(p) get label: person ... passed in 0.000s
    Then answer get row(0) get entity(p) get type get label: person ... passed in 0.000s
    Then answer get row(0) get entity(p) get type is entity: false ... passed in 0.000s
    Then answer get row(0) get entity(p) get type is entity type: true ... passed in 0.000s
    Then answer get row(0) get entity(p) get type is relation type: false ... passed in 0.000s
    Then answer get row(0) get entity(p) get type is attribute type: false ... passed in 0.000s
    Then answer get row(0) get entity(p) get type is role type: false ... passed in 0.000s

  Scenario: Driver processes relations correctly
    Given typedb starts ... passed in 0.000s
    Given connection is open: false ... passed in 0.000s
    Given connection opens with default authentication ... passed in 0.164s
    Given connection is open: true ... passed in 0.000s
    Given connection has 0 databases ... passed in 0.002s
    Given connection create database: typedb ... passed in 0.038s
    Given connection has database: typedb ... passed in 0.001s
    Given connection open schema transaction for database: typedb ... passed in 0.002s
    Given typeql schema query ... passed in 0.006s
      """
      define relation parentship, relates parent;
      """
    Given transaction commits ... passed in 0.010s
    Given connection open write transaction for database: typedb ... passed in 0.002s
    Given typeql write query ... passed in 0.004s
      """
      insert $p isa parentship;
      """
    When get answers of typeql read query ... passed in 0.003s
      """
      match $p isa parentship;
      """
    Then answer type is: concept rows ... passed in 0.000s
    Then answer query type is: read ... passed in 0.000s
    Then answer size is: 1 ... passed in 0.001s
    Then answer get row(0) get variable(p) is type: false ... passed in 0.000s
    Then answer get row(0) get variable(p) is instance: true ... passed in 0.000s
    Then answer get row(0) get variable(p) is value: false ... passed in 0.000s
    Then answer get row(0) get variable(p) is entity type: false ... passed in 0.000s
    Then answer get row(0) get variable(p) is relation type: false ... passed in 0.000s
    Then answer get row(0) get variable(p) is attribute type: false ... passed in 0.000s
    Then answer get row(0) get variable(p) is role type: false ... passed in 0.000s
    Then answer get row(0) get variable(p) is entity: false ... passed in 0.000s
    Then answer get row(0) get variable(p) is relation: true ... passed in 0.000s
    Then answer get row(0) get variable(p) is attribute: false ... passed in 0.000s
    Then answer get row(0) get variable(p) is boolean: false ... passed in 0.000s
    Then answer get row(0) get variable(p) try get value is none ... passed in 0.000s
    Then answer get row(0) get variable(p) try get boolean is none ... passed in 0.000s
    Then answer get row(0) get variable(p) try get integer is none ... passed in 0.000s
    Then answer get row(0) get variable(p) try get double is none ... passed in 0.000s
    Then answer get row(0) get variable(p) try get decimal is none ... passed in 0.000s
    Then answer get row(0) get variable(p) try get string is none ... passed in 0.000s
    Then answer get row(0) get variable(p) try get date is none ... passed in 0.000s
    Then answer get row(0) get variable(p) try get datetime is none ... passed in 0.000s
    Then answer get row(0) get variable(p) try get datetime-tz is none ... passed in 0.000s
    Then answer get row(0) get variable(p) try get duration is none ... passed in 0.000s
    Then answer get row(0) get variable(p) try get struct is none ... passed in 0.000s
    Then answer get row(0) get variable(p) as relation ... passed in 0.000s
    Then answer get row(0) get variable(p) get label: parentship ... passed in 0.000s
    Then answer get row(0) get instance(p) get label: parentship ... passed in 0.000s
    Then answer get row(0) get instance(p) get type get label: parentship ... passed in 0.000s
    Then answer get row(0) get relation(p) try get iid is not none ... passed in 0.000s
    Then answer get row(0) get relation(p) contains iid ... passed in 0.000s
    Then answer get row(0) get relation(p) get label: parentship ... passed in 0.000s
    Then answer get row(0) get relation(p) get type get label: parentship ... passed in 0.000s
    Then answer get row(0) get relation(p) get type is relation: false ... passed in 0.000s
    Then answer get row(0) get relation(p) get type is entity type: false ... passed in 0.000s
    Then answer get row(0) get relation(p) get type is relation type: true ... passed in 0.000s
    Then answer get row(0) get relation(p) get type is attribute type: false ... passed in 0.000s
    Then answer get row(0) get relation(p) get type is role type: false ... passed in 0.000s

  Scenario Outline: Driver processes attributes of type boolean correctly -- @1.1 
    Given typedb starts ... passed in 0.000s
    Given connection is open: false ... passed in 0.000s
    Given connection opens with default authentication ... passed in 0.159s
    Given connection is open: true ... passed in 0.000s
    Given connection has 0 databases ... passed in 0.002s
    Given connection create database: typedb ... passed in 0.040s
    Given connection has database: typedb ... passed in 0.001s
    Given connection open schema transaction for database: typedb ... passed in 0.002s
    Given typeql schema query ... passed in 0.009s
      """
      define entity person, owns typed; attribute typed, value boolean;
      """
    Given transaction commits ... passed in 0.012s
    Given connection open write transaction for database: typedb ... passed in 0.002s
    Given typeql write query ... passed in 0.004s
      """
      insert $p isa person, has typed true;
      """
    When get answers of typeql read query ... passed in 0.003s
      """
      match $_ isa person, has $a;
      """
    Then answer type is: concept rows ... passed in 0.000s
    Then answer query type is: read ... passed in 0.000s
    Then answer size is: 1 ... passed in 0.000s
    Then answer get row(0) get variable(a) is type: false ... passed in 0.002s
    Then answer get row(0) get variable(a) is instance: true ... passed in 0.000s
    Then answer get row(0) get variable(a) is value: false ... passed in 0.000s
    Then answer get row(0) get variable(a) is entity type: false ... passed in 0.000s
    Then answer get row(0) get variable(a) is relation type: false ... passed in 0.000s
    Then answer get row(0) get variable(a) is attribute type: false ... passed in 0.000s
    Then answer get row(0) get variable(a) is role type: false ... passed in 0.000s
    Then answer get row(0) get variable(a) is entity: false ... passed in 0.000s
    Then answer get row(0) get variable(a) is relation: false ... passed in 0.000s
    Then answer get row(0) get variable(a) is attribute: true ... passed in 0.000s
    Then answer get row(0) get variable(a) as attribute ... passed in 0.000s
    Then answer get row(0) get variable(a) get label: typed ... passed in 0.000s
    Then answer get row(0) get instance(a) get label: typed ... passed in 0.000s
    Then answer get row(0) get instance(a) get type get label: typed ... passed in 0.000s
    Then answer get row(0) get attribute(a) get label: typed ... passed in 0.000s
    Then answer get row(0) get attribute(a) get type get label: typed ... passed in 0.000s
    Then answer get row(0) get attribute(a) get type is attribute: false ... passed in 0.000s
    Then answer get row(0) get attribute(a) get type is entity type: false ... passed in 0.000s
    Then answer get row(0) get attribute(a) get type is relation type: false ... passed in 0.000s
    Then answer get row(0) get attribute(a) get type is attribute type: true ... passed in 0.000s
    Then answer get row(0) get attribute(a) get type is role type: false ... passed in 0.000s
    Then answer get row(0) get attribute(a) get type get value type: boolean ... passed in 0.000s
    Then answer get row(0) get attribute(a) get boolean ... passed in 0.000s
    Then answer get row(0) get attribute(a) is boolean: true ... passed in 0.000s
    Then answer get row(0) get attribute(a) is integer: false ... passed in 0.000s
    Then answer get row(0) get attribute(a) is double: false ... passed in 0.000s
    Then answer get row(0) get attribute(a) is decimal: false ... passed in 0.000s
    Then answer get row(0) get attribute(a) is string: false ... passed in 0.000s
    Then answer get row(0) get attribute(a) is date: false ... passed in 0.000s
    Then answer get row(0) get attribute(a) is datetime: false ... passed in 0.000s
    Then answer get row(0) get attribute(a) is datetime-tz: false ... passed in 0.000s
    Then answer get row(0) get attribute(a) is duration: false ... passed in 0.000s
    Then answer get row(0) get attribute(a) is struct: false ... passed in 0.000s
    Then answer get row(0) get attribute(a) try get value is: true ... passed in 0.000s
    Then answer get row(0) get attribute(a) try get boolean is: true ... passed in 0.000s
    Then answer get row(0) get attribute(a) try get value is not: false ... passed in 0.000s
    Then answer get row(0) get attribute(a) try get boolean is not: false ... passed in 0.000s
    Then answer get row(0) get attribute(a) get value is: true ... passed in 0.000s
    Then answer get row(0) get attribute(a) get boolean is: true ... passed in 0.000s
    Then answer get row(0) get attribute(a) get value is not: false ... passed in 0.000s
    Then answer get row(0) get attribute(a) get boolean is not: false ... passed in 0.000s

  Scenario Outline: Driver processes attributes of type integer correctly -- @1.2 
    Given typedb starts ... passed in 0.000s
    Given connection is open: false ... passed in 0.000s
    Given connection opens with default authentication ... passed in 0.164s
    Given connection is open: true ... passed in 0.000s
    Given connection has 0 databases ... passed in 0.002s
    Given connection create database: typedb ... passed in 0.045s
    Given connection has database: typedb ... passed in 0.001s
    Given connection open schema transaction for database: typedb ... passed in 0.002s
    Given typeql schema query ... passed in 0.009s
      """
      define entity person, owns typed; attribute typed, value integer;
      """
    Given transaction commits ... passed in 0.011s
    Given connection open write transaction for database: typedb ... passed in 0.003s
    Given typeql write query ... passed in 0.004s
      """
      insert $p isa person, has typed 12345090;
      """
    When get answers of typeql read query ... passed in 0.004s
      """
      match $_ isa person, has $a;
      """
    Then answer type is: concept rows ... passed in 0.000s
    Then answer query type is: read ... passed in 0.000s
    Then answer size is: 1 ... passed in 0.001s
    Then answer get row(0) get variable(a) is type: false ... passed in 0.000s
    Then answer get row(0) get variable(a) is instance: true ... passed in 0.000s
    Then answer get row(0) get variable(a) is value: false ... passed in 0.000s
    Then answer get row(0) get variable(a) is entity type: false ... passed in 0.000s
    Then answer get row(0) get variable(a) is relation type: false ... passed in 0.000s
    Then answer get row(0) get variable(a) is attribute type: false ... passed in 0.000s
    Then answer get row(0) get variable(a) is role type: false ... passed in 0.000s
    Then answer get row(0) get variable(a) is entity: false ... passed in 0.000s
    Then answer get row(0) get variable(a) is relation: false ... passed in 0.000s
    Then answer get row(0) get variable(a) is attribute: true ... passed in 0.000s
    Then answer get row(0) get variable(a) as attribute ... passed in 0.000s
    Then answer get row(0) get variable(a) get label: typed ... passed in 0.000s
    Then answer get row(0) get instance(a) get label: typed ... passed in 0.000s
    Then answer get row(0) get instance(a) get type get label: typed ... passed in 0.000s
    Then answer get row(0) get attribute(a) get label: typed ... passed in 0.000s
    Then answer get row(0) get attribute(a) get type get label: typed ... passed in 0.000s
    Then answer get row(0) get attribute(a) get type is attribute: false ... passed in 0.000s
    Then answer get row(0) get attribute(a) get type is entity type: false ... passed in 0.000s
    Then answer get row(0) get attribute(a) get type is relation type: false ... passed in 0.000s
    Then answer get row(0) get attribute(a) get type is attribute type: true ... passed in 0.000s
    Then answer get row(0) get attribute(a) get type is role type: false ... passed in 0.000s
    Then answer get row(0) get attribute(a) get type get value type: integer ... passed in 0.000s
    Then answer get row(0) get attribute(a) get integer ... passed in 0.000s
    Then answer get row(0) get attribute(a) is boolean: false ... passed in 0.000s
    Then answer get row(0) get attribute(a) is integer: true ... passed in 0.000s
    Then answer get row(0) get attribute(a) is double: false ... passed in 0.000s
    Then answer get row(0) get attribute(a) is decimal: false ... passed in 0.000s
    Then answer get row(0) get attribute(a) is string: false ... passed in 0.000s
    Then answer get row(0) get attribute(a) is date: false ... passed in 0.000s
    Then answer get row(0) get attribute(a) is datetime: false ... passed in 0.000s
    Then answer get row(0) get attribute(a) is datetime-tz: false ... passed in 0.000s
    Then answer get row(0) get attribute(a) is duration: false ... passed in 0.000s
    Then answer get row(0) get attribute(a) is struct: false ... passed in 0.000s
    Then answer get row(0) get attribute(a) try get value is: 12345090 ... passed in 0.000s
    Then answer get row(0) get attribute(a) try get integer is: 12345090 ... passed in 0.000s
    Then answer get row(0) get attribute(a) try get value is not: 0 ... passed in 0.000s
    Then answer get row(0) get attribute(a) try get integer is not: 0 ... passed in 0.000s
    Then answer get row(0) get attribute(a) get value is: 12345090 ... passed in 0.000s
    Then answer get row(0) get attribute(a) get integer is: 12345090 ... passed in 0.000s
    Then answer get row(0) get attribute(a) get value is not: 0 ... passed in 0.000s
    Then answer get row(0) get attribute(a) get integer is not: 0 ... passed in 0.000s

  Scenario Outline: Driver processes attributes of type double correctly -- @1.3 
    Given typedb starts ... passed in 0.000s
    Given connection is open: false ... passed in 0.000s
    Given connection opens with default authentication ... passed in 0.163s
    Given connection is open: true ... passed in 0.000s
    Given connection has 0 databases ... passed in 0.002s
    Given connection create database: typedb ... passed in 0.043s
    Given connection has database: typedb ... passed in 0.002s
    Given connection open schema transaction for database: typedb ... passed in 0.002s
    Given typeql schema query ... passed in 0.006s
      """
      define entity person, owns typed; attribute typed, value double;
      """
    Given transaction commits ... passed in 0.009s
    Given connection open write transaction for database: typedb ... passed in 0.002s
    Given typeql write query ... passed in 0.004s
      """
      insert $p isa person, has typed 0.0000000000000000001;
      """
    When get answers of typeql read query ... passed in 0.003s
      """
      match $_ isa person, has $a;
      """
    Then answer type is: concept rows ... passed in 0.000s
    Then answer query type is: read ... passed in 0.000s
    Then answer size is: 1 ... passed in 0.002s
    Then answer get row(0) get variable(a) is type: false ... passed in 0.000s
    Then answer get row(0) get variable(a) is instance: true ... passed in 0.000s
    Then answer get row(0) get variable(a) is value: false ... passed in 0.000s
    Then answer get row(0) get variable(a) is entity type: false ... passed in 0.000s
    Then answer get row(0) get variable(a) is relation type: false ... passed in 0.000s
    Then answer get row(0) get variable(a) is attribute type: false ... passed in 0.000s
    Then answer get row(0) get variable(a) is role type: false ... passed in 0.000s
    Then answer get row(0) get variable(a) is entity: false ... passed in 0.000s
    Then answer get row(0) get variable(a) is relation: false ... passed in 0.000s
    Then answer get row(0) get variable(a) is attribute: true ... passed in 0.000s
    Then answer get row(0) get variable(a) as attribute ... passed in 0.000s
    Then answer get row(0) get variable(a) get label: typed ... passed in 0.000s
    Then answer get row(0) get instance(a) get label: typed ... passed in 0.000s
    Then answer get row(0) get instance(a) get type get label: typed ... passed in 0.000s
    Then answer get row(0) get attribute(a) get label: typed ... passed in 0.000s
    Then answer get row(0) get attribute(a) get type get label: typed ... passed in 0.000s
    Then answer get row(0) get attribute(a) get type is attribute: false ... passed in 0.000s
    Then answer get row(0) get attribute(a) get type is entity type: false ... passed in 0.000s
    Then answer get row(0) get attribute(a) get type is relation type: false ... passed in 0.000s
    Then answer get row(0) get attribute(a) get type is attribute type: true ... passed in 0.000s
    Then answer get row(0) get attribute(a) get type is role type: false ... passed in 0.000s
    Then answer get row(0) get attribute(a) get type get value type: double ... passed in 0.000s
    Then answer get row(0) get attribute(a) get double ... passed in 0.000s
    Then answer get row(0) get attribute(a) is boolean: false ... passed in 0.000s
    Then answer get row(0) get attribute(a) is integer: false ... passed in 0.000s
    Then answer get row(0) get attribute(a) is double: true ... passed in 0.000s
    Then answer get row(0) get attribute(a) is decimal: false ... passed in 0.000s
    Then answer get row(0) get attribute(a) is string: false ... passed in 0.000s
    Then answer get row(0) get attribute(a) is date: false ... passed in 0.000s
    Then answer get row(0) get attribute(a) is datetime: false ... passed in 0.000s
    Then answer get row(0) get attribute(a) is datetime-tz: false ... passed in 0.000s
    Then answer get row(0) get attribute(a) is duration: false ... passed in 0.000s
    Then answer get row(0) get attribute(a) is struct: false ... passed in 0.000s
    Then answer get row(0) get attribute(a) try get value is: 0.0000000000000000001 ... passed in 0.000s
    Then answer get row(0) get attribute(a) try get double is: 0.0000000000000000001 ... passed in 0.000s
    Then answer get row(0) get attribute(a) try get value is not: 0.000000000000000001 ... passed in 0.000s
    Then answer get row(0) get attribute(a) try get double is not: 0.000000000000000001 ... passed in 0.000s
    Then answer get row(0) get attribute(a) get value is: 0.0000000000000000001 ... passed in 0.000s
    Then answer get row(0) get attribute(a) get double is: 0.0000000000000000001 ... passed in 0.000s
    Then answer get row(0) get attribute(a) get value is not: 0.000000000000000001 ... passed in 0.000s
    Then answer get row(0) get attribute(a) get double is not: 0.000000000000000001 ... passed in 0.000s

  Scenario Outline: Driver processes attributes of type double correctly -- @1.4 
    Given typedb starts ... passed in 0.000s
    Given connection is open: false ... passed in 0.000s
    Given connection opens with default authentication ... passed in 0.167s
    Given connection is open: true ... passed in 0.000s
    Given connection has 0 databases ... passed in 0.002s
    Given connection create database: typedb ... passed in 0.039s
    Given connection has database: typedb ... passed in 0.001s
    Given connection open schema transaction for database: typedb ... passed in 0.002s
    Given typeql schema query ... passed in 0.007s
      """
      define entity person, owns typed; attribute typed, value double;
      """
    Given transaction commits ... passed in 0.048s
    Given connection open write transaction for database: typedb ... passed in 0.002s
    Given typeql write query ... passed in 0.004s
      """
      insert $p isa person, has typed 2.01234567;
      """
    When get answers of typeql read query ... passed in 0.004s
      """
      match $_ isa person, has $a;
      """
    Then answer type is: concept rows ... passed in 0.000s
    Then answer query type is: read ... passed in 0.000s
    Then answer size is: 1 ... passed in 0.001s
    Then answer get row(0) get variable(a) is type: false ... passed in 0.000s
    Then answer get row(0) get variable(a) is instance: true ... passed in 0.000s
    Then answer get row(0) get variable(a) is value: false ... passed in 0.000s
    Then answer get row(0) get variable(a) is entity type: false ... passed in 0.000s
    Then answer get row(0) get variable(a) is relation type: false ... passed in 0.000s
    Then answer get row(0) get variable(a) is attribute type: false ... passed in 0.000s
    Then answer get row(0) get variable(a) is role type: false ... passed in 0.000s
    Then answer get row(0) get variable(a) is entity: false ... passed in 0.000s
    Then answer get row(0) get variable(a) is relation: false ... passed in 0.000s
    Then answer get row(0) get variable(a) is attribute: true ... passed in 0.000s
    Then answer get row(0) get variable(a) as attribute ... passed in 0.000s
    Then answer get row(0) get variable(a) get label: typed ... passed in 0.000s
    Then answer get row(0) get instance(a) get label: typed ... passed in 0.000s
    Then answer get row(0) get instance(a) get type get label: typed ... passed in 0.000s
    Then answer get row(0) get attribute(a) get label: typed ... passed in 0.000s
    Then answer get row(0) get attribute(a) get type get label: typed ... passed in 0.000s
    Then answer get row(0) get attribute(a) get type is attribute: false ... passed in 0.000s
    Then answer get row(0) get attribute(a) get type is entity type: false ... passed in 0.000s
    Then answer get row(0) get attribute(a) get type is relation type: false ... passed in 0.000s
    Then answer get row(0) get attribute(a) get type is attribute type: true ... passed in 0.000s
    Then answer get row(0) get attribute(a) get type is role type: false ... passed in 0.000s
    Then answer get row(0) get attribute(a) get type get value type: double ... passed in 0.000s
    Then answer get row(0) get attribute(a) get double ... passed in 0.000s
    Then answer get row(0) get attribute(a) is boolean: false ... passed in 0.000s
    Then answer get row(0) get attribute(a) is integer: false ... passed in 0.000s
    Then answer get row(0) get attribute(a) is double: true ... passed in 0.000s
    Then answer get row(0) get attribute(a) is decimal: false ... passed in 0.000s
    Then answer get row(0) get attribute(a) is string: false ... passed in 0.000s
    Then answer get row(0) get attribute(a) is date: false ... passed in 0.000s
    Then answer get row(0) get attribute(a) is datetime: false ... passed in 0.000s
    Then answer get row(0) get attribute(a) is datetime-tz: false ... passed in 0.000s
    Then answer get row(0) get attribute(a) is duration: false ... passed in 0.000s
    Then answer get row(0) get attribute(a) is struct: false ... passed in 0.000s
    Then answer get row(0) get attribute(a) try get value is: 2.01234567 ... passed in 0.000s
    Then answer get row(0) get attribute(a) try get double is: 2.01234567 ... passed in 0.000s
    Then answer get row(0) get attribute(a) try get value is not: 2.01234568 ... passed in 0.000s
    Then answer get row(0) get attribute(a) try get double is not: 2.01234568 ... passed in 0.000s
    Then answer get row(0) get attribute(a) get value is: 2.01234567 ... passed in 0.000s
    Then answer get row(0) get attribute(a) get double is: 2.01234567 ... passed in 0.000s
    Then answer get row(0) get attribute(a) get value is not: 2.01234568 ... passed in 0.000s
    Then answer get row(0) get attribute(a) get double is not: 2.01234568 ... passed in 0.000s

  Scenario Outline: Driver processes attributes of type decimal correctly -- @1.5 
    Given typedb starts ... passed in 0.000s
    Given connection is open: false ... passed in 0.000s
    Given connection opens with default authentication ... passed in 0.167s
    Given connection is open: true ... passed in 0.000s
    Given connection has 0 databases ... passed in 0.002s
    Given connection create database: typedb ... passed in 0.042s
    Given connection has database: typedb ... passed in 0.002s
    Given connection open schema transaction for database: typedb ... passed in 0.002s
    Given typeql schema query ... passed in 0.011s
      """
      define entity person, owns typed; attribute typed, value decimal;
      """
    Given transaction commits ... passed in 0.012s
    Given connection open write transaction for database: typedb ... passed in 0.003s
    Given typeql write query ... passed in 0.006s
      """
      insert $p isa person, has typed 1234567890.0001234567890dec;
      """
    When get answers of typeql read query ... passed in 0.003s
      """
      match $_ isa person, has $a;
      """
    Then answer type is: concept rows ... passed in 0.000s
    Then answer query type is: read ... passed in 0.000s
    Then answer size is: 1 ... passed in 0.001s
    Then answer get row(0) get variable(a) is type: false ... passed in 0.000s
    Then answer get row(0) get variable(a) is instance: true ... passed in 0.000s
    Then answer get row(0) get variable(a) is value: false ... passed in 0.000s
    Then answer get row(0) get variable(a) is entity type: false ... passed in 0.000s
    Then answer get row(0) get variable(a) is relation type: false ... passed in 0.000s
    Then answer get row(0) get variable(a) is attribute type: false ... passed in 0.000s
    Then answer get row(0) get variable(a) is role type: false ... passed in 0.000s
    Then answer get row(0) get variable(a) is entity: false ... passed in 0.000s
    Then answer get row(0) get variable(a) is relation: false ... passed in 0.000s
    Then answer get row(0) get variable(a) is attribute: true ... passed in 0.000s
    Then answer get row(0) get variable(a) as attribute ... passed in 0.000s
    Then answer get row(0) get variable(a) get label: typed ... passed in 0.000s
    Then answer get row(0) get instance(a) get label: typed ... passed in 0.000s
    Then answer get row(0) get instance(a) get type get label: typed ... passed in 0.000s
    Then answer get row(0) get attribute(a) get label: typed ... passed in 0.000s
    Then answer get row(0) get attribute(a) get type get label: typed ... passed in 0.000s
    Then answer get row(0) get attribute(a) get type is attribute: false ... passed in 0.000s
    Then answer get row(0) get attribute(a) get type is entity type: false ... passed in 0.000s
    Then answer get row(0) get attribute(a) get type is relation type: false ... passed in 0.000s
    Then answer get row(0) get attribute(a) get type is attribute type: true ... passed in 0.000s
    Then answer get row(0) get attribute(a) get type is role type: false ... passed in 0.000s
    Then answer get row(0) get attribute(a) get type get value type: decimal ... passed in 0.000s
    Then answer get row(0) get attribute(a) get decimal ... passed in 0.000s
    Then answer get row(0) get attribute(a) is boolean: false ... passed in 0.000s
    Then answer get row(0) get attribute(a) is integer: false ... passed in 0.000s
    Then answer get row(0) get attribute(a) is double: false ... passed in 0.000s
    Then answer get row(0) get attribute(a) is decimal: true ... passed in 0.000s
    Then answer get row(0) get attribute(a) is string: false ... passed in 0.000s
    Then answer get row(0) get attribute(a) is date: false ... passed in 0.000s
    Then answer get row(0) get attribute(a) is datetime: false ... passed in 0.000s
    Then answer get row(0) get attribute(a) is datetime-tz: false ... passed in 0.000s
    Then answer get row(0) get attribute(a) is duration: false ... passed in 0.000s
    Then answer get row(0) get attribute(a) is struct: false ... passed in 0.000s
    Then answer get row(0) get attribute(a) try get value is: 1234567890.0001234567890dec ... passed in 0.000s
    Then answer get row(0) get attribute(a) try get decimal is: 1234567890.0001234567890dec ... passed in 0.000s
    Then answer get row(0) get attribute(a) try get value is not: 1234567890.001234567890dec ... passed in 0.000s
    Then answer get row(0) get attribute(a) try get decimal is not: 1234567890.001234567890dec ... passed in 0.000s
    Then answer get row(0) get attribute(a) get value is: 1234567890.0001234567890dec ... passed in 0.000s
    Then answer get row(0) get attribute(a) get decimal is: 1234567890.0001234567890dec ... passed in 0.000s
    Then answer get row(0) get attribute(a) get value is not: 1234567890.001234567890dec ... passed in 0.000s
    Then answer get row(0) get attribute(a) get decimal is not: 1234567890.001234567890dec ... passed in 0.000s

  Scenario Outline: Driver processes attributes of type decimal correctly -- @1.6 
    Given typedb starts ... passed in 0.000s
    Given connection is open: false ... passed in 0.000s
    Given connection opens with default authentication ... passed in 0.160s
    Given connection is open: true ... passed in 0.000s
    Given connection has 0 databases ... passed in 0.002s
    Given connection create database: typedb ... passed in 0.055s
    Given connection has database: typedb ... passed in 0.001s
    Given connection open schema transaction for database: typedb ... passed in 0.002s
    Given typeql schema query ... passed in 0.008s
      """
      define entity person, owns typed; attribute typed, value decimal;
      """
    Given transaction commits ... passed in 0.012s
    Given connection open write transaction for database: typedb ... passed in 0.004s
    Given typeql write query ... passed in 0.004s
      """
      insert $p isa person, has typed 0.0000000000000000001dec;
      """
    When get answers of typeql read query ... passed in 0.003s
      """
      match $_ isa person, has $a;
      """
    Then answer type is: concept rows ... passed in 0.000s
    Then answer query type is: read ... passed in 0.000s
    Then answer size is: 1 ... passed in 0.001s
    Then answer get row(0) get variable(a) is type: false ... passed in 0.000s
    Then answer get row(0) get variable(a) is instance: true ... passed in 0.000s
    Then answer get row(0) get variable(a) is value: false ... passed in 0.000s
    Then answer get row(0) get variable(a) is entity type: false ... passed in 0.000s
    Then answer get row(0) get variable(a) is relation type: false ... passed in 0.000s
    Then answer get row(0) get variable(a) is attribute type: false ... passed in 0.000s
    Then answer get row(0) get variable(a) is role type: false ... passed in 0.000s
    Then answer get row(0) get variable(a) is entity: false ... passed in 0.000s
    Then answer get row(0) get variable(a) is relation: false ... passed in 0.000s
    Then answer get row(0) get variable(a) is attribute: true ... passed in 0.000s
    Then answer get row(0) get variable(a) as attribute ... passed in 0.000s
    Then answer get row(0) get variable(a) get label: typed ... passed in 0.000s
    Then answer get row(0) get instance(a) get label: typed ... passed in 0.000s
    Then answer get row(0) get instance(a) get type get label: typed ... passed in 0.000s
    Then answer get row(0) get attribute(a) get label: typed ... passed in 0.000s
    Then answer get row(0) get attribute(a) get type get label: typed ... passed in 0.000s
    Then answer get row(0) get attribute(a) get type is attribute: false ... passed in 0.000s
    Then answer get row(0) get attribute(a) get type is entity type: false ... passed in 0.000s
    Then answer get row(0) get attribute(a) get type is relation type: false ... passed in 0.000s
    Then answer get row(0) get attribute(a) get type is attribute type: true ... passed in 0.000s
    Then answer get row(0) get attribute(a) get type is role type: false ... passed in 0.000s
    Then answer get row(0) get attribute(a) get type get value type: decimal ... passed in 0.000s
    Then answer get row(0) get attribute(a) get decimal ... passed in 0.000s
    Then answer get row(0) get attribute(a) is boolean: false ... passed in 0.000s
    Then answer get row(0) get attribute(a) is integer: false ... passed in 0.000s
    Then answer get row(0) get attribute(a) is double: false ... passed in 0.000s
    Then answer get row(0) get attribute(a) is decimal: true ... passed in 0.000s
    Then answer get row(0) get attribute(a) is string: false ... passed in 0.000s
    Then answer get row(0) get attribute(a) is date: false ... passed in 0.000s
    Then answer get row(0) get attribute(a) is datetime: false ... passed in 0.000s
    Then answer get row(0) get attribute(a) is datetime-tz: false ... passed in 0.000s
    Then answer get row(0) get attribute(a) is duration: false ... passed in 0.000s
    Then answer get row(0) get attribute(a) is struct: false ... passed in 0.000s
    Then answer get row(0) get attribute(a) try get value is: 0.0000000000000000001dec ... passed in 0.000s
    Then answer get row(0) get attribute(a) try get decimal is: 0.0000000000000000001dec ... passed in 0.000s
    Then answer get row(0) get attribute(a) try get value is not: 0.000000000000000001dec ... passed in 0.000s
    Then answer get row(0) get attribute(a) try get decimal is not: 0.000000000000000001dec ... passed in 0.000s
    Then answer get row(0) get attribute(a) get value is: 0.0000000000000000001dec ... passed in 0.000s
    Then answer get row(0) get attribute(a) get decimal is: 0.0000000000000000001dec ... passed in 0.000s
    Then answer get row(0) get attribute(a) get value is not: 0.000000000000000001dec ... passed in 0.000s
    Then answer get row(0) get attribute(a) get decimal is not: 0.000000000000000001dec ... passed in 0.000s

  Scenario Outline: Driver processes attributes of type string correctly -- @1.7 
    Given typedb starts ... passed in 0.000s
    Given connection is open: false ... passed in 0.000s
    Given connection opens with default authentication ... passed in 0.161s
    Given connection is open: true ... passed in 0.000s
    Given connection has 0 databases ... passed in 0.002s
    Given connection create database: typedb ... passed in 0.039s
    Given connection has database: typedb ... passed in 0.001s
    Given connection open schema transaction for database: typedb ... passed in 0.002s
    Given typeql schema query ... passed in 0.010s
      """
      define entity person, owns typed; attribute typed, value string;
      """
    Given transaction commits ... passed in 0.010s
    Given connection open write transaction for database: typedb ... passed in 0.002s
    Given typeql write query ... passed in 0.005s
      """
      insert $p isa person, has typed "John \"Baba Yaga\" Wick";
      """
    When get answers of typeql read query ... passed in 0.003s
      """
      match $_ isa person, has $a;
      """
    Then answer type is: concept rows ... passed in 0.000s
    Then answer query type is: read ... passed in 0.000s
    Then answer size is: 1 ... passed in 0.001s
    Then answer get row(0) get variable(a) is type: false ... passed in 0.000s
    Then answer get row(0) get variable(a) is instance: true ... passed in 0.000s
    Then answer get row(0) get variable(a) is value: false ... passed in 0.000s
    Then answer get row(0) get variable(a) is entity type: false ... passed in 0.000s
    Then answer get row(0) get variable(a) is relation type: false ... passed in 0.000s
    Then answer get row(0) get variable(a) is attribute type: false ... passed in 0.000s
    Then answer get row(0) get variable(a) is role type: false ... passed in 0.000s
    Then answer get row(0) get variable(a) is entity: false ... passed in 0.000s
    Then answer get row(0) get variable(a) is relation: false ... passed in 0.000s
    Then answer get row(0) get variable(a) is attribute: true ... passed in 0.000s
    Then answer get row(0) get variable(a) as attribute ... passed in 0.000s
    Then answer get row(0) get variable(a) get label: typed ... passed in 0.000s
    Then answer get row(0) get instance(a) get label: typed ... passed in 0.000s
    Then answer get row(0) get instance(a) get type get label: typed ... passed in 0.000s
    Then answer get row(0) get attribute(a) get label: typed ... passed in 0.000s
    Then answer get row(0) get attribute(a) get type get label: typed ... passed in 0.000s
    Then answer get row(0) get attribute(a) get type is attribute: false ... passed in 0.000s
    Then answer get row(0) get attribute(a) get type is entity type: false ... passed in 0.000s
    Then answer get row(0) get attribute(a) get type is relation type: false ... passed in 0.000s
    Then answer get row(0) get attribute(a) get type is attribute type: true ... passed in 0.000s
    Then answer get row(0) get attribute(a) get type is role type: false ... passed in 0.000s
    Then answer get row(0) get attribute(a) get type get value type: string ... passed in 0.000s
    Then answer get row(0) get attribute(a) get string ... passed in 0.000s
    Then answer get row(0) get attribute(a) is boolean: false ... passed in 0.000s
    Then answer get row(0) get attribute(a) is integer: false ... passed in 0.000s
    Then answer get row(0) get attribute(a) is double: false ... passed in 0.000s
    Then answer get row(0) get attribute(a) is decimal: false ... passed in 0.000s
    Then answer get row(0) get attribute(a) is string: true ... passed in 0.000s
    Then answer get row(0) get attribute(a) is date: false ... passed in 0.000s
    Then answer get row(0) get attribute(a) is datetime: false ... passed in 0.000s
    Then answer get row(0) get attribute(a) is datetime-tz: false ... passed in 0.000s
    Then answer get row(0) get attribute(a) is duration: false ... passed in 0.000s
    Then answer get row(0) get attribute(a) is struct: false ... passed in 0.000s
    Then answer get row(0) get attribute(a) try get value is: "John \"Baba Yaga\" Wick" ... passed in 0.000s
    Then answer get row(0) get attribute(a) try get string is: "John \"Baba Yaga\" Wick" ... passed in 0.000s
    Then answer get row(0) get attribute(a) try get value is not: "John Baba Yaga Wick" ... passed in 0.000s
    Then answer get row(0) get attribute(a) try get string is not: "John Baba Yaga Wick" ... passed in 0.000s
    Then answer get row(0) get attribute(a) get value is: "John \"Baba Yaga\" Wick" ... passed in 0.000s
    Then answer get row(0) get attribute(a) get string is: "John \"Baba Yaga\" Wick" ... passed in 0.000s
    Then answer get row(0) get attribute(a) get value is not: "John Baba Yaga Wick" ... passed in 0.000s
    Then answer get row(0) get attribute(a) get string is not: "John Baba Yaga Wick" ... passed in 0.000s

  Scenario Outline: Driver processes attributes of type string correctly -- @1.8 
    Given typedb starts ... passed in 0.000s
    Given connection is open: false ... passed in 0.000s
    Given connection opens with default authentication ... passed in 0.165s
    Given connection is open: true ... passed in 0.000s
    Given connection has 0 databases ... passed in 0.002s
    Given connection create database: typedb ... passed in 0.043s
    Given connection has database: typedb ... passed in 0.001s
    Given connection open schema transaction for database: typedb ... passed in 0.002s
    Given typeql schema query ... passed in 0.009s
      """
      define entity person, owns typed; attribute typed, value string;
      """
    Given transaction commits ... passed in 0.012s
    Given connection open write transaction for database: typedb ... passed in 0.002s
    Given typeql write query ... passed in 0.004s
      """
      insert $p isa person, has typed "hello";
      """
    When get answers of typeql read query ... passed in 0.003s
      """
      match $_ isa person, has $a;
      """
    Then answer type is: concept rows ... passed in 0.000s
    Then answer query type is: read ... passed in 0.000s
    Then answer size is: 1 ... passed in 0.001s
    Then answer get row(0) get variable(a) is type: false ... passed in 0.000s
    Then answer get row(0) get variable(a) is instance: true ... passed in 0.000s
    Then answer get row(0) get variable(a) is value: false ... passed in 0.000s
    Then answer get row(0) get variable(a) is entity type: false ... passed in 0.000s
    Then answer get row(0) get variable(a) is relation type: false ... passed in 0.000s
    Then answer get row(0) get variable(a) is attribute type: false ... passed in 0.000s
    Then answer get row(0) get variable(a) is role type: false ... passed in 0.000s
    Then answer get row(0) get variable(a) is entity: false ... passed in 0.000s
    Then answer get row(0) get variable(a) is relation: false ... passed in 0.000s
    Then answer get row(0) get variable(a) is attribute: true ... passed in 0.000s
    Then answer get row(0) get variable(a) as attribute ... passed in 0.000s
    Then answer get row(0) get variable(a) get label: typed ... passed in 0.000s
    Then answer get row(0) get instance(a) get label: typed ... passed in 0.000s
    Then answer get row(0) get instance(a) get type get label: typed ... passed in 0.000s
    Then answer get row(0) get attribute(a) get label: typed ... passed in 0.000s
    Then answer get row(0) get attribute(a) get type get label: typed ... passed in 0.000s
    Then answer get row(0) get attribute(a) get type is attribute: false ... passed in 0.000s
    Then answer get row(0) get attribute(a) get type is entity type: false ... passed in 0.000s
    Then answer get row(0) get attribute(a) get type is relation type: false ... passed in 0.000s
    Then answer get row(0) get attribute(a) get type is attribute type: true ... passed in 0.000s
    Then answer get row(0) get attribute(a) get type is role type: false ... passed in 0.000s
    Then answer get row(0) get attribute(a) get type get value type: string ... passed in 0.000s
    Then answer get row(0) get attribute(a) get string ... passed in 0.000s
    Then answer get row(0) get attribute(a) is boolean: false ... passed in 0.000s
    Then answer get row(0) get attribute(a) is integer: false ... passed in 0.000s
    Then answer get row(0) get attribute(a) is double: false ... passed in 0.000s
    Then answer get row(0) get attribute(a) is decimal: false ... passed in 0.000s
    Then answer get row(0) get attribute(a) is string: true ... passed in 0.000s
    Then answer get row(0) get attribute(a) is date: false ... passed in 0.000s
    Then answer get row(0) get attribute(a) is datetime: false ... passed in 0.000s
    Then answer get row(0) get attribute(a) is datetime-tz: false ... passed in 0.000s
    Then answer get row(0) get attribute(a) is duration: false ... passed in 0.000s
    Then answer get row(0) get attribute(a) is struct: false ... passed in 0.000s
    Then answer get row(0) get attribute(a) try get value is: "hello" ... passed in 0.000s
    Then answer get row(0) get attribute(a) try get string is: "hello" ... passed in 0.000s
    Then answer get row(0) get attribute(a) try get value is not: " hello " ... passed in 0.000s
    Then answer get row(0) get attribute(a) try get string is not: " hello " ... passed in 0.000s
    Then answer get row(0) get attribute(a) get value is: "hello" ... passed in 0.000s
    Then answer get row(0) get attribute(a) get string is: "hello" ... passed in 0.000s
    Then answer get row(0) get attribute(a) get value is not: " hello " ... passed in 0.000s
    Then answer get row(0) get attribute(a) get string is not: " hello " ... passed in 0.000s

  Scenario Outline: Driver processes attributes of type string correctly -- @1.9 
    Given typedb starts ... passed in 0.000s
    Given connection is open: false ... passed in 0.000s
    Given connection opens with default authentication ... passed in 0.187s
    Given connection is open: true ... passed in 0.000s
    Given connection has 0 databases ... passed in 0.002s
    Given connection create database: typedb ... passed in 0.050s
    Given connection has database: typedb ... passed in 0.001s
    Given connection open schema transaction for database: typedb ... passed in 0.002s
    Given typeql schema query ... passed in 0.009s
      """
      define entity person, owns typed; attribute typed, value string;
      """
    Given transaction commits ... passed in 0.013s
    Given connection open write transaction for database: typedb ... passed in 0.002s
    Given typeql write query ... passed in 0.004s
      """
      insert $p isa person, has typed "äìèòðèé";
      """
    When get answers of typeql read query ... passed in 0.003s
      """
      match $_ isa person, has $a;
      """
    Then answer type is: concept rows ... passed in 0.000s
    Then answer query type is: read ... passed in 0.000s
    Then answer size is: 1 ... passed in 0.000s
    Then answer get row(0) get variable(a) is type: false ... passed in 0.000s
    Then answer get row(0) get variable(a) is instance: true ... passed in 0.000s
    Then answer get row(0) get variable(a) is value: false ... passed in 0.000s
    Then answer get row(0) get variable(a) is entity type: false ... passed in 0.000s
    Then answer get row(0) get variable(a) is relation type: false ... passed in 0.000s
    Then answer get row(0) get variable(a) is attribute type: false ... passed in 0.000s
    Then answer get row(0) get variable(a) is role type: false ... passed in 0.000s
    Then answer get row(0) get variable(a) is entity: false ... passed in 0.000s
    Then answer get row(0) get variable(a) is relation: false ... passed in 0.000s
    Then answer get row(0) get variable(a) is attribute: true ... passed in 0.000s
    Then answer get row(0) get variable(a) as attribute ... passed in 0.000s
    Then answer get row(0) get variable(a) get label: typed ... passed in 0.000s
    Then answer get row(0) get instance(a) get label: typed ... passed in 0.000s
    Then answer get row(0) get instance(a) get type get label: typed ... passed in 0.000s
    Then answer get row(0) get attribute(a) get label: typed ... passed in 0.000s
    Then answer get row(0) get attribute(a) get type get label: typed ... passed in 0.000s
    Then answer get row(0) get attribute(a) get type is attribute: false ... passed in 0.000s
    Then answer get row(0) get attribute(a) get type is entity type: false ... passed in 0.000s
    Then answer get row(0) get attribute(a) get type is relation type: false ... passed in 0.000s
    Then answer get row(0) get attribute(a) get type is attribute type: true ... passed in 0.000s
    Then answer get row(0) get attribute(a) get type is role type: false ... passed in 0.000s
    Then answer get row(0) get attribute(a) get type get value type: string ... passed in 0.000s
    Then answer get row(0) get attribute(a) get string ... passed in 0.000s
    Then answer get row(0) get attribute(a) is boolean: false ... passed in 0.000s
    Then answer get row(0) get attribute(a) is integer: false ... passed in 0.000s
    Then answer get row(0) get attribute(a) is double: false ... passed in 0.000s
    Then answer get row(0) get attribute(a) is decimal: false ... passed in 0.000s
    Then answer get row(0) get attribute(a) is string: true ... passed in 0.000s
    Then answer get row(0) get attribute(a) is date: false ... passed in 0.000s
    Then answer get row(0) get attribute(a) is datetime: false ... passed in 0.000s
    Then answer get row(0) get attribute(a) is datetime-tz: false ... passed in 0.000s
    Then answer get row(0) get attribute(a) is duration: false ... passed in 0.000s
    Then answer get row(0) get attribute(a) is struct: false ... passed in 0.000s
    Then answer get row(0) get attribute(a) try get value is: "äìèòðèé" ... passed in 0.000s
    Then answer get row(0) get attribute(a) try get string is: "äìèòðèé" ... passed in 0.000s
    Then answer get row(0) get attribute(a) try get value is not: "aieodee" ... passed in 0.000s
    Then answer get row(0) get attribute(a) try get string is not: "aieodee" ... passed in 0.000s
    Then answer get row(0) get attribute(a) get value is: "äìèòðèé" ... passed in 0.000s
    Then answer get row(0) get attribute(a) get string is: "äìèòðèé" ... passed in 0.000s
    Then answer get row(0) get attribute(a) get value is not: "aieodee" ... passed in 0.000s
    Then answer get row(0) get attribute(a) get string is not: "aieodee" ... passed in 0.000s

  Scenario Outline: Driver processes attributes of type string correctly -- @1.10 
    Given typedb starts ... passed in 0.000s
    Given connection is open: false ... passed in 0.000s
    Given connection opens with default authentication ... passed in 0.171s
    Given connection is open: true ... passed in 0.000s
    Given connection has 0 databases ... passed in 0.006s
    Given connection create database: typedb ... passed in 0.042s
    Given connection has database: typedb ... passed in 0.001s
    Given connection open schema transaction for database: typedb ... passed in 0.002s
    Given typeql schema query ... passed in 0.009s
      """
      define entity person, owns typed; attribute typed, value string;
      """
    Given transaction commits ... passed in 0.012s
    Given connection open write transaction for database: typedb ... passed in 0.002s
    Given typeql write query ... passed in 0.006s
      """
      insert $p isa person, has typed "കുര്യാക്കോസ്";
      """
    When get answers of typeql read query ... passed in 0.004s
      """
      match $_ isa person, has $a;
      """
    Then answer type is: concept rows ... passed in 0.000s
    Then answer query type is: read ... passed in 0.000s
    Then answer size is: 1 ... passed in 0.000s
    Then answer get row(0) get variable(a) is type: false ... passed in 0.000s
    Then answer get row(0) get variable(a) is instance: true ... passed in 0.000s
    Then answer get row(0) get variable(a) is value: false ... passed in 0.000s
    Then answer get row(0) get variable(a) is entity type: false ... passed in 0.000s
    Then answer get row(0) get variable(a) is relation type: false ... passed in 0.000s
    Then answer get row(0) get variable(a) is attribute type: false ... passed in 0.000s
    Then answer get row(0) get variable(a) is role type: false ... passed in 0.000s
    Then answer get row(0) get variable(a) is entity: false ... passed in 0.000s
    Then answer get row(0) get variable(a) is relation: false ... passed in 0.000s
    Then answer get row(0) get variable(a) is attribute: true ... passed in 0.000s
    Then answer get row(0) get variable(a) as attribute ... passed in 0.000s
    Then answer get row(0) get variable(a) get label: typed ... passed in 0.000s
    Then answer get row(0) get instance(a) get label: typed ... passed in 0.000s
    Then answer get row(0) get instance(a) get type get label: typed ... passed in 0.000s
    Then answer get row(0) get attribute(a) get label: typed ... passed in 0.000s
    Then answer get row(0) get attribute(a) get type get label: typed ... passed in 0.000s
    Then answer get row(0) get attribute(a) get type is attribute: false ... passed in 0.000s
    Then answer get row(0) get attribute(a) get type is entity type: false ... passed in 0.000s
    Then answer get row(0) get attribute(a) get type is relation type: false ... passed in 0.000s
    Then answer get row(0) get attribute(a) get type is attribute type: true ... passed in 0.000s
    Then answer get row(0) get attribute(a) get type is role type: false ... passed in 0.000s
    Then answer get row(0) get attribute(a) get type get value type: string ... passed in 0.000s
    Then answer get row(0) get attribute(a) get string ... passed in 0.000s
    Then answer get row(0) get attribute(a) is boolean: false ... passed in 0.000s
    Then answer get row(0) get attribute(a) is integer: false ... passed in 0.000s
    Then answer get row(0) get attribute(a) is double: false ... passed in 0.000s
    Then answer get row(0) get attribute(a) is decimal: false ... passed in 0.000s
    Then answer get row(0) get attribute(a) is string: true ... passed in 0.000s
    Then answer get row(0) get attribute(a) is date: false ... passed in 0.000s
    Then answer get row(0) get attribute(a) is datetime: false ... passed in 0.000s
    Then answer get row(0) get attribute(a) is datetime-tz: false ... passed in 0.000s
    Then answer get row(0) get attribute(a) is duration: false ... passed in 0.000s
    Then answer get row(0) get attribute(a) is struct: false ... passed in 0.000s
    Then answer get row(0) get attribute(a) try get value is: "കുര്യാക്കോസ്" ... passed in 0.000s
    Then answer get row(0) get attribute(a) try get string is: "കുര്യാക്കോസ്" ... passed in 0.000s
    Then answer get row(0) get attribute(a) try get value is not: "John" ... passed in 0.000s
    Then answer get row(0) get attribute(a) try get string is not: "John" ... passed in 0.000s
    Then answer get row(0) get attribute(a) get value is: "കുര്യാക്കോസ്" ... passed in 0.000s
    Then answer get row(0) get attribute(a) get string is: "കുര്യാക്കോസ്" ... passed in 0.000s
    Then answer get row(0) get attribute(a) get value is not: "John" ... passed in 0.000s
    Then answer get row(0) get attribute(a) get string is not: "John" ... passed in 0.000s

  Scenario Outline: Driver processes attributes of type string correctly -- @1.11 
    Given typedb starts ... passed in 0.000s
    Given connection is open: false ... passed in 0.000s
    Given connection opens with default authentication ... passed in 0.174s
    Given connection is open: true ... passed in 0.000s
    Given connection has 0 databases ... passed in 0.002s
    Given connection create database: typedb ... passed in 0.041s
    Given connection has database: typedb ... passed in 0.001s
    Given connection open schema transaction for database: typedb ... passed in 0.002s
    Given typeql schema query ... passed in 0.008s
      """
      define entity person, owns typed; attribute typed, value string;
      """
    Given transaction commits ... passed in 0.012s
    Given connection open write transaction for database: typedb ... passed in 0.002s
    Given typeql write query ... passed in 0.004s
      """
      insert $p isa person, has typed "📎";
      """
    When get answers of typeql read query ... passed in 0.006s
      """
      match $_ isa person, has $a;
      """
    Then answer type is: concept rows ... passed in 0.000s
    Then answer query type is: read ... passed in 0.000s
    Then answer size is: 1 ... passed in 0.000s
    Then answer get row(0) get variable(a) is type: false ... passed in 0.000s
    Then answer get row(0) get variable(a) is instance: true ... passed in 0.000s
    Then answer get row(0) get variable(a) is value: false ... passed in 0.000s
    Then answer get row(0) get variable(a) is entity type: false ... passed in 0.000s
    Then answer get row(0) get variable(a) is relation type: false ... passed in 0.000s
    Then answer get row(0) get variable(a) is attribute type: false ... passed in 0.000s
    Then answer get row(0) get variable(a) is role type: false ... passed in 0.000s
    Then answer get row(0) get variable(a) is entity: false ... passed in 0.000s
    Then answer get row(0) get variable(a) is relation: false ... passed in 0.000s
    Then answer get row(0) get variable(a) is attribute: true ... passed in 0.000s
    Then answer get row(0) get variable(a) as attribute ... passed in 0.000s
    Then answer get row(0) get variable(a) get label: typed ... passed in 0.000s
    Then answer get row(0) get instance(a) get label: typed ... passed in 0.000s
    Then answer get row(0) get instance(a) get type get label: typed ... passed in 0.000s
    Then answer get row(0) get attribute(a) get label: typed ... passed in 0.000s
    Then answer get row(0) get attribute(a) get type get label: typed ... passed in 0.000s
    Then answer get row(0) get attribute(a) get type is attribute: false ... passed in 0.000s
    Then answer get row(0) get attribute(a) get type is entity type: false ... passed in 0.000s
    Then answer get row(0) get attribute(a) get type is relation type: false ... passed in 0.000s
    Then answer get row(0) get attribute(a) get type is attribute type: true ... passed in 0.000s
    Then answer get row(0) get attribute(a) get type is role type: false ... passed in 0.000s
    Then answer get row(0) get attribute(a) get type get value type: string ... passed in 0.000s
    Then answer get row(0) get attribute(a) get string ... passed in 0.000s
    Then answer get row(0) get attribute(a) is boolean: false ... passed in 0.000s
    Then answer get row(0) get attribute(a) is integer: false ... passed in 0.000s
    Then answer get row(0) get attribute(a) is double: false ... passed in 0.000s
    Then answer get row(0) get attribute(a) is decimal: false ... passed in 0.000s
    Then answer get row(0) get attribute(a) is string: true ... passed in 0.000s
    Then answer get row(0) get attribute(a) is date: false ... passed in 0.000s
    Then answer get row(0) get attribute(a) is datetime: false ... passed in 0.000s
    Then answer get row(0) get attribute(a) is datetime-tz: false ... passed in 0.000s
    Then answer get row(0) get attribute(a) is duration: false ... passed in 0.000s
    Then answer get row(0) get attribute(a) is struct: false ... passed in 0.000s
    Then answer get row(0) get attribute(a) try get value is: "📎" ... passed in 0.000s
    Then answer get row(0) get attribute(a) try get string is: "📎" ... passed in 0.000s
    Then answer get row(0) get attribute(a) try get value is not: "🧷" ... passed in 0.000s
    Then answer get row(0) get attribute(a) try get string is not: "🧷" ... passed in 0.000s
    Then answer get row(0) get attribute(a) get value is: "📎" ... passed in 0.000s
    Then answer get row(0) get attribute(a) get string is: "📎" ... passed in 0.000s
    Then answer get row(0) get attribute(a) get value is not: "🧷" ... passed in 0.000s
    Then answer get row(0) get attribute(a) get string is not: "🧷" ... passed in 0.000s

  Scenario Outline: Driver processes attributes of type date correctly -- @1.12 
    Given typedb starts ... passed in 0.000s
    Given connection is open: false ... passed in 0.000s
    Given connection opens with default authentication ... passed in 0.160s
    Given connection is open: true ... passed in 0.000s
    Given connection has 0 databases ... passed in 0.002s
    Given connection create database: typedb ... passed in 0.043s
    Given connection has database: typedb ... passed in 0.001s
    Given connection open schema transaction for database: typedb ... passed in 0.002s
    Given typeql schema query ... passed in 0.014s
      """
      define entity person, owns typed; attribute typed, value date;
      """
    Given transaction commits ... passed in 0.012s
    Given connection open write transaction for database: typedb ... passed in 0.002s
    Given typeql write query ... passed in 0.005s
      """
      insert $p isa person, has typed 2024-09-20;
      """
    When get answers of typeql read query ... passed in 0.003s
      """
      match $_ isa person, has $a;
      """
    Then answer type is: concept rows ... passed in 0.000s
    Then answer query type is: read ... passed in 0.000s
    Then answer size is: 1 ... passed in 0.001s
    Then answer get row(0) get variable(a) is type: false ... passed in 0.000s
    Then answer get row(0) get variable(a) is instance: true ... passed in 0.000s
    Then answer get row(0) get variable(a) is value: false ... passed in 0.000s
    Then answer get row(0) get variable(a) is entity type: false ... passed in 0.000s
    Then answer get row(0) get variable(a) is relation type: false ... passed in 0.000s
    Then answer get row(0) get variable(a) is attribute type: false ... passed in 0.000s
    Then answer get row(0) get variable(a) is role type: false ... passed in 0.000s
    Then answer get row(0) get variable(a) is entity: false ... passed in 0.000s
    Then answer get row(0) get variable(a) is relation: false ... passed in 0.000s
    Then answer get row(0) get variable(a) is attribute: true ... passed in 0.000s
    Then answer get row(0) get variable(a) as attribute ... passed in 0.000s
    Then answer get row(0) get variable(a) get label: typed ... passed in 0.000s
    Then answer get row(0) get instance(a) get label: typed ... passed in 0.000s
    Then answer get row(0) get instance(a) get type get label: typed ... passed in 0.000s
    Then answer get row(0) get attribute(a) get label: typed ... passed in 0.000s
    Then answer get row(0) get attribute(a) get type get label: typed ... passed in 0.000s
    Then answer get row(0) get attribute(a) get type is attribute: false ... passed in 0.000s
    Then answer get row(0) get attribute(a) get type is entity type: false ... passed in 0.000s
    Then answer get row(0) get attribute(a) get type is relation type: false ... passed in 0.000s
    Then answer get row(0) get attribute(a) get type is attribute type: true ... passed in 0.000s
    Then answer get row(0) get attribute(a) get type is role type: false ... passed in 0.000s
    Then answer get row(0) get attribute(a) get type get value type: date ... passed in 0.000s
    Then answer get row(0) get attribute(a) get date ... passed in 0.000s
    Then answer get row(0) get attribute(a) is boolean: false ... passed in 0.000s
    Then answer get row(0) get attribute(a) is integer: false ... passed in 0.000s
    Then answer get row(0) get attribute(a) is double: false ... passed in 0.000s
    Then answer get row(0) get attribute(a) is decimal: false ... passed in 0.000s
    Then answer get row(0) get attribute(a) is string: false ... passed in 0.000s
    Then answer get row(0) get attribute(a) is date: true ... passed in 0.000s
    Then answer get row(0) get attribute(a) is datetime: false ... passed in 0.000s
    Then answer get row(0) get attribute(a) is datetime-tz: false ... passed in 0.000s
    Then answer get row(0) get attribute(a) is duration: false ... passed in 0.000s
    Then answer get row(0) get attribute(a) is struct: false ... passed in 0.000s
    Then answer get row(0) get attribute(a) try get value is: 2024-09-20 ... passed in 0.002s
    Then answer get row(0) get attribute(a) try get date is: 2024-09-20 ... passed in 0.000s
    Then answer get row(0) get attribute(a) try get value is not: 2025-09-20 ... passed in 0.000s
    Then answer get row(0) get attribute(a) try get date is not: 2025-09-20 ... passed in 0.000s
    Then answer get row(0) get attribute(a) get value is: 2024-09-20 ... passed in 0.000s
    Then answer get row(0) get attribute(a) get date is: 2024-09-20 ... passed in 0.000s
    Then answer get row(0) get attribute(a) get value is not: 2025-09-20 ... passed in 0.000s
    Then answer get row(0) get attribute(a) get date is not: 2025-09-20 ... passed in 0.000s

  Scenario Outline: Driver processes attributes of type datetime correctly -- @1.13 
    Given typedb starts ... passed in 0.000s
    Given connection is open: false ... passed in 0.000s
    Given connection opens with default authentication ... passed in 0.164s
    Given connection is open: true ... passed in 0.000s
    Given connection has 0 databases ... passed in 0.002s
    Given connection create database: typedb ... passed in 0.044s
    Given connection has database: typedb ... passed in 0.002s
    Given connection open schema transaction for database: typedb ... passed in 0.003s
    Given typeql schema query ... passed in 0.008s
      """
      define entity person, owns typed; attribute typed, value datetime;
      """
    Given transaction commits ... passed in 0.010s
    Given connection open write transaction for database: typedb ... passed in 0.002s
    Given typeql write query ... passed in 0.004s
      """
      insert $p isa person, has typed 1999-02-26T12:15:05;
      """
    When get answers of typeql read query ... passed in 0.003s
      """
      match $_ isa person, has $a;
      """
    Then answer type is: concept rows ... passed in 0.000s
    Then answer query type is: read ... passed in 0.000s
    Then answer size is: 1 ... passed in 0.001s
    Then answer get row(0) get variable(a) is type: false ... passed in 0.000s
    Then answer get row(0) get variable(a) is instance: true ... passed in 0.000s
    Then answer get row(0) get variable(a) is value: false ... passed in 0.000s
    Then answer get row(0) get variable(a) is entity type: false ... passed in 0.000s
    Then answer get row(0) get variable(a) is relation type: false ... passed in 0.000s
    Then answer get row(0) get variable(a) is attribute type: false ... passed in 0.000s
    Then answer get row(0) get variable(a) is role type: false ... passed in 0.000s
    Then answer get row(0) get variable(a) is entity: false ... passed in 0.000s
    Then answer get row(0) get variable(a) is relation: false ... passed in 0.000s
    Then answer get row(0) get variable(a) is attribute: true ... passed in 0.000s
    Then answer get row(0) get variable(a) as attribute ... passed in 0.000s
    Then answer get row(0) get variable(a) get label: typed ... passed in 0.000s
    Then answer get row(0) get instance(a) get label: typed ... passed in 0.000s
    Then answer get row(0) get instance(a) get type get label: typed ... passed in 0.000s
    Then answer get row(0) get attribute(a) get label: typed ... passed in 0.000s
    Then answer get row(0) get attribute(a) get type get label: typed ... passed in 0.000s
    Then answer get row(0) get attribute(a) get type is attribute: false ... passed in 0.000s
    Then answer get row(0) get attribute(a) get type is entity type: false ... passed in 0.000s
    Then answer get row(0) get attribute(a) get type is relation type: false ... passed in 0.000s
    Then answer get row(0) get attribute(a) get type is attribute type: true ... passed in 0.000s
    Then answer get row(0) get attribute(a) get type is role type: false ... passed in 0.000s
    Then answer get row(0) get attribute(a) get type get value type: datetime ... passed in 0.000s
    Then answer get row(0) get attribute(a) get datetime ... passed in 0.000s
    Then answer get row(0) get attribute(a) is boolean: false ... passed in 0.000s
    Then answer get row(0) get attribute(a) is integer: false ... passed in 0.000s
    Then answer get row(0) get attribute(a) is double: false ... passed in 0.000s
    Then answer get row(0) get attribute(a) is decimal: false ... passed in 0.000s
    Then answer get row(0) get attribute(a) is string: false ... passed in 0.000s
    Then answer get row(0) get attribute(a) is date: false ... passed in 0.000s
    Then answer get row(0) get attribute(a) is datetime: true ... passed in 0.000s
    Then answer get row(0) get attribute(a) is datetime-tz: false ... passed in 0.000s
    Then answer get row(0) get attribute(a) is duration: false ... passed in 0.000s
    Then answer get row(0) get attribute(a) is struct: false ... passed in 0.000s
    Then answer get row(0) get attribute(a) try get value is: 1999-02-26T12:15:05 ... passed in 0.001s
    Then answer get row(0) get attribute(a) try get datetime is: 1999-02-26T12:15:05 ... passed in 0.000s
    Then answer get row(0) get attribute(a) try get value is not: 1999-02-26T12:15:00 ... passed in 0.000s
    Then answer get row(0) get attribute(a) try get datetime is not: 1999-02-26T12:15:00 ... passed in 0.000s
    Then answer get row(0) get attribute(a) get value is: 1999-02-26T12:15:05 ... passed in 0.000s
    Then answer get row(0) get attribute(a) get datetime is: 1999-02-26T12:15:05 ... passed in 0.000s
    Then answer get row(0) get attribute(a) get value is not: 1999-02-26T12:15:00 ... passed in 0.000s
    Then answer get row(0) get attribute(a) get datetime is not: 1999-02-26T12:15:00 ... passed in 0.000s

  Scenario Outline: Driver processes attributes of type datetime correctly -- @1.14 
    Given typedb starts ... passed in 0.000s
    Given connection is open: false ... passed in 0.000s
    Given connection opens with default authentication ... passed in 0.158s
    Given connection is open: true ... passed in 0.000s
    Given connection has 0 databases ... passed in 0.002s
    Given connection create database: typedb ... passed in 0.044s
    Given connection has database: typedb ... passed in 0.001s
    Given connection open schema transaction for database: typedb ... passed in 0.002s
    Given typeql schema query ... passed in 0.008s
      """
      define entity person, owns typed; attribute typed, value datetime;
      """
    Given transaction commits ... passed in 0.011s
    Given connection open write transaction for database: typedb ... passed in 0.002s
    Given typeql write query ... passed in 0.006s
      """
      insert $p isa person, has typed 1999-02-26T12:15:05.000000001;
      """
    When get answers of typeql read query ... passed in 0.003s
      """
      match $_ isa person, has $a;
      """
    Then answer type is: concept rows ... passed in 0.000s
    Then answer query type is: read ... passed in 0.000s
    Then answer size is: 1 ... passed in 0.000s
    Then answer get row(0) get variable(a) is type: false ... passed in 0.000s
    Then answer get row(0) get variable(a) is instance: true ... passed in 0.000s
    Then answer get row(0) get variable(a) is value: false ... passed in 0.000s
    Then answer get row(0) get variable(a) is entity type: false ... passed in 0.000s
    Then answer get row(0) get variable(a) is relation type: false ... passed in 0.000s
    Then answer get row(0) get variable(a) is attribute type: false ... passed in 0.000s
    Then answer get row(0) get variable(a) is role type: false ... passed in 0.000s
    Then answer get row(0) get variable(a) is entity: false ... passed in 0.000s
    Then answer get row(0) get variable(a) is relation: false ... passed in 0.000s
    Then answer get row(0) get variable(a) is attribute: true ... passed in 0.000s
    Then answer get row(0) get variable(a) as attribute ... passed in 0.000s
    Then answer get row(0) get variable(a) get label: typed ... passed in 0.000s
    Then answer get row(0) get instance(a) get label: typed ... passed in 0.000s
    Then answer get row(0) get instance(a) get type get label: typed ... passed in 0.000s
    Then answer get row(0) get attribute(a) get label: typed ... passed in 0.000s
    Then answer get row(0) get attribute(a) get type get label: typed ... passed in 0.000s
    Then answer get row(0) get attribute(a) get type is attribute: false ... passed in 0.000s
    Then answer get row(0) get attribute(a) get type is entity type: false ... passed in 0.000s
    Then answer get row(0) get attribute(a) get type is relation type: false ... passed in 0.000s
    Then answer get row(0) get attribute(a) get type is attribute type: true ... passed in 0.000s
    Then answer get row(0) get attribute(a) get type is role type: false ... passed in 0.000s
    Then answer get row(0) get attribute(a) get type get value type: datetime ... passed in 0.000s
    Then answer get row(0) get attribute(a) get datetime ... passed in 0.000s
    Then answer get row(0) get attribute(a) is boolean: false ... passed in 0.000s
    Then answer get row(0) get attribute(a) is integer: false ... passed in 0.000s
    Then answer get row(0) get attribute(a) is double: false ... passed in 0.000s
    Then answer get row(0) get attribute(a) is decimal: false ... passed in 0.000s
    Then answer get row(0) get attribute(a) is string: false ... passed in 0.000s
    Then answer get row(0) get attribute(a) is date: false ... passed in 0.000s
    Then answer get row(0) get attribute(a) is datetime: true ... passed in 0.000s
    Then answer get row(0) get attribute(a) is datetime-tz: false ... passed in 0.000s
    Then answer get row(0) get attribute(a) is duration: false ... passed in 0.000s
    Then answer get row(0) get attribute(a) is struct: false ... passed in 0.000s
    Then answer get row(0) get attribute(a) try get value is: 1999-02-26T12:15:05.000000001 ... passed in 0.000s
    Then answer get row(0) get attribute(a) try get datetime is: 1999-02-26T12:15:05.000000001 ... passed in 0.000s
    Then answer get row(0) get attribute(a) try get value is not: 1999-02-26T12:15:05.000000010 ... passed in 0.000s
    Then answer get row(0) get attribute(a) try get datetime is not: 1999-02-26T12:15:05.000000010 ... passed in 0.000s
    Then answer get row(0) get attribute(a) get value is: 1999-02-26T12:15:05.000000001 ... passed in 0.000s
    Then answer get row(0) get attribute(a) get datetime is: 1999-02-26T12:15:05.000000001 ... passed in 0.000s
    Then answer get row(0) get attribute(a) get value is not: 1999-02-26T12:15:05.000000010 ... passed in 0.000s
    Then answer get row(0) get attribute(a) get datetime is not: 1999-02-26T12:15:05.000000010 ... passed in 0.000s

  Scenario Outline: Driver processes attributes of type datetime-tz correctly -- @1.15 
    Given typedb starts ... passed in 0.000s
    Given connection is open: false ... passed in 0.000s
    Given connection opens with default authentication ... passed in 0.163s
    Given connection is open: true ... passed in 0.000s
    Given connection has 0 databases ... passed in 0.002s
    Given connection create database: typedb ... passed in 0.039s
    Given connection has database: typedb ... passed in 0.001s
    Given connection open schema transaction for database: typedb ... passed in 0.002s
    Given typeql schema query ... passed in 0.008s
      """
      define entity person, owns typed; attribute typed, value datetime-tz;
      """
    Given transaction commits ... passed in 0.013s
    Given connection open write transaction for database: typedb ... passed in 0.003s
    Given typeql write query ... passed in 0.004s
      """
      insert $p isa person, has typed 2024-09-20T16:40:05 America/New_York;
      """
    When get answers of typeql read query ... passed in 0.003s
      """
      match $_ isa person, has $a;
      """
    Then answer type is: concept rows ... passed in 0.000s
    Then answer query type is: read ... passed in 0.000s
    Then answer size is: 1 ... passed in 0.000s
    Then answer get row(0) get variable(a) is type: false ... passed in 0.000s
    Then answer get row(0) get variable(a) is instance: true ... passed in 0.000s
    Then answer get row(0) get variable(a) is value: false ... passed in 0.000s
    Then answer get row(0) get variable(a) is entity type: false ... passed in 0.000s
    Then answer get row(0) get variable(a) is relation type: false ... passed in 0.000s
    Then answer get row(0) get variable(a) is attribute type: false ... passed in 0.000s
    Then answer get row(0) get variable(a) is role type: false ... passed in 0.000s
    Then answer get row(0) get variable(a) is entity: false ... passed in 0.000s
    Then answer get row(0) get variable(a) is relation: false ... passed in 0.000s
    Then answer get row(0) get variable(a) is attribute: true ... passed in 0.000s
    Then answer get row(0) get variable(a) as attribute ... passed in 0.000s
    Then answer get row(0) get variable(a) get label: typed ... passed in 0.000s
    Then answer get row(0) get instance(a) get label: typed ... passed in 0.000s
    Then answer get row(0) get instance(a) get type get label: typed ... passed in 0.000s
    Then answer get row(0) get attribute(a) get label: typed ... passed in 0.000s
    Then answer get row(0) get attribute(a) get type get label: typed ... passed in 0.000s
    Then answer get row(0) get attribute(a) get type is attribute: false ... passed in 0.000s
    Then answer get row(0) get attribute(a) get type is entity type: false ... passed in 0.000s
    Then answer get row(0) get attribute(a) get type is relation type: false ... passed in 0.000s
    Then answer get row(0) get attribute(a) get type is attribute type: true ... passed in 0.000s
    Then answer get row(0) get attribute(a) get type is role type: false ... passed in 0.000s
    Then answer get row(0) get attribute(a) get type get value type: datetime-tz ... passed in 0.000s
    Then answer get row(0) get attribute(a) get datetime-tz ... passed in 0.000s
    Then answer get row(0) get attribute(a) is boolean: false ... passed in 0.000s
    Then answer get row(0) get attribute(a) is integer: false ... passed in 0.000s
    Then answer get row(0) get attribute(a) is double: false ... passed in 0.000s
    Then answer get row(0) get attribute(a) is decimal: false ... passed in 0.000s
    Then answer get row(0) get attribute(a) is string: false ... passed in 0.000s
    Then answer get row(0) get attribute(a) is date: false ... passed in 0.000s
    Then answer get row(0) get attribute(a) is datetime: false ... passed in 0.000s
    Then answer get row(0) get attribute(a) is datetime-tz: true ... passed in 0.000s
    Then answer get row(0) get attribute(a) is duration: false ... passed in 0.000s
    Then answer get row(0) get attribute(a) is struct: false ... passed in 0.000s
    Then answer get row(0) get attribute(a) try get value is: 2024-09-20T16:40:05 America/New_York ... passed in 0.000s
    Then answer get row(0) get attribute(a) try get datetime-tz is: 2024-09-20T16:40:05 America/New_York ... passed in 0.000s
    Then answer get row(0) get attribute(a) try get value is not: 2024-06-20T15:40:05 America/New_York ... passed in 0.000s
    Then answer get row(0) get attribute(a) try get datetime-tz is not: 2024-06-20T15:40:05 America/New_York ... passed in 0.000s
    Then answer get row(0) get attribute(a) get value is: 2024-09-20T16:40:05 America/New_York ... passed in 0.000s
    Then answer get row(0) get attribute(a) get datetime-tz is: 2024-09-20T16:40:05 America/New_York ... passed in 0.000s
    Then answer get row(0) get attribute(a) get value is not: 2024-06-20T15:40:05 America/New_York ... passed in 0.000s
    Then answer get row(0) get attribute(a) get datetime-tz is not: 2024-06-20T15:40:05 America/New_York ... passed in 0.000s

  Scenario Outline: Driver processes attributes of type datetime-tz correctly -- @1.16 
    Given typedb starts ... passed in 0.000s
    Given connection is open: false ... passed in 0.000s
    Given connection opens with default authentication ... passed in 0.162s
    Given connection is open: true ... passed in 0.000s
    Given connection has 0 databases ... passed in 0.002s
    Given connection create database: typedb ... passed in 0.060s
    Given connection has database: typedb ... passed in 0.002s
    Given connection open schema transaction for database: typedb ... passed in 0.032s
    Given typeql schema query ... passed in 0.009s
      """
      define entity person, owns typed; attribute typed, value datetime-tz;
      """
    Given transaction commits ... passed in 0.016s
    Given connection open write transaction for database: typedb ... passed in 0.004s
    Given typeql write query ... passed in 0.004s
      """
      insert $p isa person, has typed 2024-09-20T16:40:05.000000001 Europe/London;
      """
    When get answers of typeql read query ... passed in 0.003s
      """
      match $_ isa person, has $a;
      """
    Then answer type is: concept rows ... passed in 0.000s
    Then answer query type is: read ... passed in 0.000s
    Then answer size is: 1 ... passed in 0.000s
    Then answer get row(0) get variable(a) is type: false ... passed in 0.000s
    Then answer get row(0) get variable(a) is instance: true ... passed in 0.000s
    Then answer get row(0) get variable(a) is value: false ... passed in 0.000s
    Then answer get row(0) get variable(a) is entity type: false ... passed in 0.000s
    Then answer get row(0) get variable(a) is relation type: false ... passed in 0.000s
    Then answer get row(0) get variable(a) is attribute type: false ... passed in 0.000s
    Then answer get row(0) get variable(a) is role type: false ... passed in 0.000s
    Then answer get row(0) get variable(a) is entity: false ... passed in 0.000s
    Then answer get row(0) get variable(a) is relation: false ... passed in 0.000s
    Then answer get row(0) get variable(a) is attribute: true ... passed in 0.000s
    Then answer get row(0) get variable(a) as attribute ... passed in 0.000s
    Then answer get row(0) get variable(a) get label: typed ... passed in 0.000s
    Then answer get row(0) get instance(a) get label: typed ... passed in 0.000s
    Then answer get row(0) get instance(a) get type get label: typed ... passed in 0.000s
    Then answer get row(0) get attribute(a) get label: typed ... passed in 0.000s
    Then answer get row(0) get attribute(a) get type get label: typed ... passed in 0.000s
    Then answer get row(0) get attribute(a) get type is attribute: false ... passed in 0.000s
    Then answer get row(0) get attribute(a) get type is entity type: false ... passed in 0.000s
    Then answer get row(0) get attribute(a) get type is relation type: false ... passed in 0.000s
    Then answer get row(0) get attribute(a) get type is attribute type: true ... passed in 0.000s
    Then answer get row(0) get attribute(a) get type is role type: false ... passed in 0.000s
    Then answer get row(0) get attribute(a) get type get value type: datetime-tz ... passed in 0.000s
    Then answer get row(0) get attribute(a) get datetime-tz ... passed in 0.000s
    Then answer get row(0) get attribute(a) is boolean: false ... passed in 0.000s
    Then answer get row(0) get attribute(a) is integer: false ... passed in 0.000s
    Then answer get row(0) get attribute(a) is double: false ... passed in 0.000s
    Then answer get row(0) get attribute(a) is decimal: false ... passed in 0.000s
    Then answer get row(0) get attribute(a) is string: false ... passed in 0.000s
    Then answer get row(0) get attribute(a) is date: false ... passed in 0.000s
    Then answer get row(0) get attribute(a) is datetime: false ... passed in 0.000s
    Then answer get row(0) get attribute(a) is datetime-tz: true ... passed in 0.000s
    Then answer get row(0) get attribute(a) is duration: false ... passed in 0.000s
    Then answer get row(0) get attribute(a) is struct: false ... passed in 0.000s
    Then answer get row(0) get attribute(a) try get value is: 2024-09-20T16:40:05.000000001 Europe/London ... passed in 0.000s
    Then answer get row(0) get attribute(a) try get datetime-tz is: 2024-09-20T16:40:05.000000001 Europe/London ... passed in 0.000s
    Then answer get row(0) get attribute(a) try get value is not: 2024-09-20T16:40:05.000000001 UTC ... passed in 0.000s
    Then answer get row(0) get attribute(a) try get datetime-tz is not: 2024-09-20T16:40:05.000000001 UTC ... passed in 0.000s
    Then answer get row(0) get attribute(a) get value is: 2024-09-20T16:40:05.000000001 Europe/London ... passed in 0.000s
    Then answer get row(0) get attribute(a) get datetime-tz is: 2024-09-20T16:40:05.000000001 Europe/London ... passed in 0.000s
    Then answer get row(0) get attribute(a) get value is not: 2024-09-20T16:40:05.000000001 UTC ... passed in 0.000s
    Then answer get row(0) get attribute(a) get datetime-tz is not: 2024-09-20T16:40:05.000000001 UTC ... passed in 0.000s

  Scenario Outline: Driver processes attributes of type datetime-tz correctly -- @1.17 
    Given typedb starts ... passed in 0.000s
    Given connection is open: false ... passed in 0.000s
    Given connection opens with default authentication ... passed in 0.163s
    Given connection is open: true ... passed in 0.000s
    Given connection has 0 databases ... passed in 0.002s
    Given connection create database: typedb ... passed in 0.042s
    Given connection has database: typedb ... passed in 0.001s
    Given connection open schema transaction for database: typedb ... passed in 0.002s
    Given typeql schema query ... passed in 0.010s
      """
      define entity person, owns typed; attribute typed, value datetime-tz;
      """
    Given transaction commits ... passed in 0.014s
    Given connection open write transaction for database: typedb ... passed in 0.002s
    Given typeql write query ... passed in 0.004s
      """
      insert $p isa person, has typed 2024-09-20T16:40:05.000000001 Europe/Belfast;
      """
    When get answers of typeql read query ... passed in 0.003s
      """
      match $_ isa person, has $a;
      """
    Then answer type is: concept rows ... passed in 0.000s
    Then answer query type is: read ... passed in 0.000s
    Then answer size is: 1 ... passed in 0.000s
    Then answer get row(0) get variable(a) is type: false ... passed in 0.000s
    Then answer get row(0) get variable(a) is instance: true ... passed in 0.000s
    Then answer get row(0) get variable(a) is value: false ... passed in 0.000s
    Then answer get row(0) get variable(a) is entity type: false ... passed in 0.000s
    Then answer get row(0) get variable(a) is relation type: false ... passed in 0.000s
    Then answer get row(0) get variable(a) is attribute type: false ... passed in 0.000s
    Then answer get row(0) get variable(a) is role type: false ... passed in 0.000s
    Then answer get row(0) get variable(a) is entity: false ... passed in 0.000s
    Then answer get row(0) get variable(a) is relation: false ... passed in 0.000s
    Then answer get row(0) get variable(a) is attribute: true ... passed in 0.000s
    Then answer get row(0) get variable(a) as attribute ... passed in 0.000s
    Then answer get row(0) get variable(a) get label: typed ... passed in 0.000s
    Then answer get row(0) get instance(a) get label: typed ... passed in 0.000s
    Then answer get row(0) get instance(a) get type get label: typed ... passed in 0.000s
    Then answer get row(0) get attribute(a) get label: typed ... passed in 0.000s
    Then answer get row(0) get attribute(a) get type get label: typed ... passed in 0.000s
    Then answer get row(0) get attribute(a) get type is attribute: false ... passed in 0.000s
    Then answer get row(0) get attribute(a) get type is entity type: false ... passed in 0.000s
    Then answer get row(0) get attribute(a) get type is relation type: false ... passed in 0.000s
    Then answer get row(0) get attribute(a) get type is attribute type: true ... passed in 0.000s
    Then answer get row(0) get attribute(a) get type is role type: false ... passed in 0.000s
    Then answer get row(0) get attribute(a) get type get value type: datetime-tz ... passed in 0.000s
    Then answer get row(0) get attribute(a) get datetime-tz ... passed in 0.000s
    Then answer get row(0) get attribute(a) is boolean: false ... passed in 0.000s
    Then answer get row(0) get attribute(a) is integer: false ... passed in 0.000s
    Then answer get row(0) get attribute(a) is double: false ... passed in 0.000s
    Then answer get row(0) get attribute(a) is decimal: false ... passed in 0.000s
    Then answer get row(0) get attribute(a) is string: false ... passed in 0.000s
    Then answer get row(0) get attribute(a) is date: false ... passed in 0.000s
    Then answer get row(0) get attribute(a) is datetime: false ... passed in 0.000s
    Then answer get row(0) get attribute(a) is datetime-tz: true ... passed in 0.000s
    Then answer get row(0) get attribute(a) is duration: false ... passed in 0.000s
    Then answer get row(0) get attribute(a) is struct: false ... passed in 0.000s
    Then answer get row(0) get attribute(a) try get value is: 2024-09-20T16:40:05.000000001 Europe/Belfast ... passed in 0.000s
    Then answer get row(0) get attribute(a) try get datetime-tz is: 2024-09-20T16:40:05.000000001 Europe/Belfast ... passed in 0.000s
    Then answer get row(0) get attribute(a) try get value is not: 2024-09-20T16:40:05 Europe/Belfast ... passed in 0.000s
    Then answer get row(0) get attribute(a) try get datetime-tz is not: 2024-09-20T16:40:05 Europe/Belfast ... passed in 0.000s
    Then answer get row(0) get attribute(a) get value is: 2024-09-20T16:40:05.000000001 Europe/Belfast ... passed in 0.000s
    Then answer get row(0) get attribute(a) get datetime-tz is: 2024-09-20T16:40:05.000000001 Europe/Belfast ... passed in 0.000s
    Then answer get row(0) get attribute(a) get value is not: 2024-09-20T16:40:05 Europe/Belfast ... passed in 0.000s
    Then answer get row(0) get attribute(a) get datetime-tz is not: 2024-09-20T16:40:05 Europe/Belfast ... passed in 0.000s

  Scenario Outline: Driver processes attributes of type datetime-tz correctly -- @1.18 
    Given typedb starts ... passed in 0.000s
    Given connection is open: false ... passed in 0.000s
    Given connection opens with default authentication ... passed in 0.163s
    Given connection is open: true ... passed in 0.000s
    Given connection has 0 databases ... passed in 0.002s
    Given connection create database: typedb ... passed in 0.039s
    Given connection has database: typedb ... passed in 0.001s
    Given connection open schema transaction for database: typedb ... passed in 0.002s
    Given typeql schema query ... passed in 0.009s
      """
      define entity person, owns typed; attribute typed, value datetime-tz;
      """
    Given transaction commits ... passed in 0.014s
    Given connection open write transaction for database: typedb ... passed in 0.002s
    Given typeql write query ... passed in 0.005s
      """
      insert $p isa person, has typed 2024-09-20T16:40:05.000000001+0100;
      """
    When get answers of typeql read query ... passed in 0.004s
      """
      match $_ isa person, has $a;
      """
    Then answer type is: concept rows ... passed in 0.000s
    Then answer query type is: read ... passed in 0.000s
    Then answer size is: 1 ... passed in 0.000s
    Then answer get row(0) get variable(a) is type: false ... passed in 0.000s
    Then answer get row(0) get variable(a) is instance: true ... passed in 0.000s
    Then answer get row(0) get variable(a) is value: false ... passed in 0.000s
    Then answer get row(0) get variable(a) is entity type: false ... passed in 0.000s
    Then answer get row(0) get variable(a) is relation type: false ... passed in 0.000s
    Then answer get row(0) get variable(a) is attribute type: false ... passed in 0.000s
    Then answer get row(0) get variable(a) is role type: false ... passed in 0.000s
    Then answer get row(0) get variable(a) is entity: false ... passed in 0.000s
    Then answer get row(0) get variable(a) is relation: false ... passed in 0.000s
    Then answer get row(0) get variable(a) is attribute: true ... passed in 0.000s
    Then answer get row(0) get variable(a) as attribute ... passed in 0.000s
    Then answer get row(0) get variable(a) get label: typed ... passed in 0.000s
    Then answer get row(0) get instance(a) get label: typed ... passed in 0.000s
    Then answer get row(0) get instance(a) get type get label: typed ... passed in 0.000s
    Then answer get row(0) get attribute(a) get label: typed ... passed in 0.000s
    Then answer get row(0) get attribute(a) get type get label: typed ... passed in 0.000s
    Then answer get row(0) get attribute(a) get type is attribute: false ... passed in 0.000s
    Then answer get row(0) get attribute(a) get type is entity type: false ... passed in 0.000s
    Then answer get row(0) get attribute(a) get type is relation type: false ... passed in 0.000s
    Then answer get row(0) get attribute(a) get type is attribute type: true ... passed in 0.000s
    Then answer get row(0) get attribute(a) get type is role type: false ... passed in 0.000s
    Then answer get row(0) get attribute(a) get type get value type: datetime-tz ... passed in 0.000s
    Then answer get row(0) get attribute(a) get datetime-tz ... passed in 0.000s
    Then answer get row(0) get attribute(a) is boolean: false ... passed in 0.000s
    Then answer get row(0) get attribute(a) is integer: false ... passed in 0.000s
    Then answer get row(0) get attribute(a) is double: false ... passed in 0.000s
    Then answer get row(0) get attribute(a) is decimal: false ... passed in 0.000s
    Then answer get row(0) get attribute(a) is string: false ... passed in 0.000s
    Then answer get row(0) get attribute(a) is date: false ... passed in 0.000s
    Then answer get row(0) get attribute(a) is datetime: false ... passed in 0.000s
    Then answer get row(0) get attribute(a) is datetime-tz: true ... passed in 0.000s
    Then answer get row(0) get attribute(a) is duration: false ... passed in 0.000s
    Then answer get row(0) get attribute(a) is struct: false ... passed in 0.000s
    Then answer get row(0) get attribute(a) try get value is: 2024-09-20T16:40:05.000000001+0100 ... passed in 0.000s
    Then answer get row(0) get attribute(a) try get datetime-tz is: 2024-09-20T16:40:05.000000001+0100 ... passed in 0.000s
    Then answer get row(0) get attribute(a) try get value is not: 2024-09-20T16:40:05.000000001-0100 ... passed in 0.000s
    Then answer get row(0) get attribute(a) try get datetime-tz is not: 2024-09-20T16:40:05.000000001-0100 ... passed in 0.000s
    Then answer get row(0) get attribute(a) get value is: 2024-09-20T16:40:05.000000001+0100 ... passed in 0.000s
    Then answer get row(0) get attribute(a) get datetime-tz is: 2024-09-20T16:40:05.000000001+0100 ... passed in 0.000s
    Then answer get row(0) get attribute(a) get value is not: 2024-09-20T16:40:05.000000001-0100 ... passed in 0.000s
    Then answer get row(0) get attribute(a) get datetime-tz is not: 2024-09-20T16:40:05.000000001-0100 ... passed in 0.000s

  Scenario Outline: Driver processes attributes of type datetime-tz correctly -- @1.19 
    Given typedb starts ... passed in 0.000s
    Given connection is open: false ... passed in 0.000s
    Given connection opens with default authentication ... passed in 0.159s
    Given connection is open: true ... passed in 0.000s
    Given connection has 0 databases ... passed in 0.002s
    Given connection create database: typedb ... passed in 0.045s
    Given connection has database: typedb ... passed in 0.001s
    Given connection open schema transaction for database: typedb ... passed in 0.002s
    Given typeql schema query ... passed in 0.009s
      """
      define entity person, owns typed; attribute typed, value datetime-tz;
      """
    Given transaction commits ... passed in 0.013s
    Given connection open write transaction for database: typedb ... passed in 0.002s
    Given typeql write query ... passed in 0.005s
      """
      insert $p isa person, has typed 2024-09-20T16:40:05.000000001+1115;
      """
    When get answers of typeql read query ... passed in 0.003s
      """
      match $_ isa person, has $a;
      """
    Then answer type is: concept rows ... passed in 0.000s
    Then answer query type is: read ... passed in 0.000s
    Then answer size is: 1 ... passed in 0.001s
    Then answer get row(0) get variable(a) is type: false ... passed in 0.000s
    Then answer get row(0) get variable(a) is instance: true ... passed in 0.000s
    Then answer get row(0) get variable(a) is value: false ... passed in 0.000s
    Then answer get row(0) get variable(a) is entity type: false ... passed in 0.000s
    Then answer get row(0) get variable(a) is relation type: false ... passed in 0.000s
    Then answer get row(0) get variable(a) is attribute type: false ... passed in 0.000s
    Then answer get row(0) get variable(a) is role type: false ... passed in 0.000s
    Then answer get row(0) get variable(a) is entity: false ... passed in 0.000s
    Then answer get row(0) get variable(a) is relation: false ... passed in 0.000s
    Then answer get row(0) get variable(a) is attribute: true ... passed in 0.000s
    Then answer get row(0) get variable(a) as attribute ... passed in 0.000s
    Then answer get row(0) get variable(a) get label: typed ... passed in 0.000s
    Then answer get row(0) get instance(a) get label: typed ... passed in 0.000s
    Then answer get row(0) get instance(a) get type get label: typed ... passed in 0.000s
    Then answer get row(0) get attribute(a) get label: typed ... passed in 0.000s
    Then answer get row(0) get attribute(a) get type get label: typed ... passed in 0.000s
    Then answer get row(0) get attribute(a) get type is attribute: false ... passed in 0.000s
    Then answer get row(0) get attribute(a) get type is entity type: false ... passed in 0.000s
    Then answer get row(0) get attribute(a) get type is relation type: false ... passed in 0.000s
    Then answer get row(0) get attribute(a) get type is attribute type: true ... passed in 0.000s
    Then answer get row(0) get attribute(a) get type is role type: false ... passed in 0.000s
    Then answer get row(0) get attribute(a) get type get value type: datetime-tz ... passed in 0.000s
    Then answer get row(0) get attribute(a) get datetime-tz ... passed in 0.000s
    Then answer get row(0) get attribute(a) is boolean: false ... passed in 0.000s
    Then answer get row(0) get attribute(a) is integer: false ... passed in 0.000s
    Then answer get row(0) get attribute(a) is double: false ... passed in 0.000s
    Then answer get row(0) get attribute(a) is decimal: false ... passed in 0.000s
    Then answer get row(0) get attribute(a) is string: false ... passed in 0.000s
    Then answer get row(0) get attribute(a) is date: false ... passed in 0.000s
    Then answer get row(0) get attribute(a) is datetime: false ... passed in 0.000s
    Then answer get row(0) get attribute(a) is datetime-tz: true ... passed in 0.000s
    Then answer get row(0) get attribute(a) is duration: false ... passed in 0.000s
    Then answer get row(0) get attribute(a) is struct: false ... passed in 0.000s
    Then answer get row(0) get attribute(a) try get value is: 2024-09-20T16:40:05.000000001+1115 ... passed in 0.000s
    Then answer get row(0) get attribute(a) try get datetime-tz is: 2024-09-20T16:40:05.000000001+1115 ... passed in 0.000s
    Then answer get row(0) get attribute(a) try get value is not: 2024-09-20T16:40:05.000000001+0000 ... passed in 0.000s
    Then answer get row(0) get attribute(a) try get datetime-tz is not: 2024-09-20T16:40:05.000000001+0000 ... passed in 0.000s
    Then answer get row(0) get attribute(a) get value is: 2024-09-20T16:40:05.000000001+1115 ... passed in 0.000s
    Then answer get row(0) get attribute(a) get datetime-tz is: 2024-09-20T16:40:05.000000001+1115 ... passed in 0.000s
    Then answer get row(0) get attribute(a) get value is not: 2024-09-20T16:40:05.000000001+0000 ... passed in 0.000s
    Then answer get row(0) get attribute(a) get datetime-tz is not: 2024-09-20T16:40:05.000000001+0000 ... passed in 0.000s

  Scenario Outline: Driver processes attributes of type datetime-tz correctly -- @1.20 
    Given typedb starts ... passed in 0.000s
    Given connection is open: false ... passed in 0.000s
    Given connection opens with default authentication ... passed in 0.165s
    Given connection is open: true ... passed in 0.000s
    Given connection has 0 databases ... passed in 0.002s
    Given connection create database: typedb ... passed in 0.042s
    Given connection has database: typedb ... passed in 0.002s
    Given connection open schema transaction for database: typedb ... passed in 0.002s
    Given typeql schema query ... passed in 0.011s
      """
      define entity person, owns typed; attribute typed, value datetime-tz;
      """
    Given transaction commits ... passed in 0.012s
    Given connection open write transaction for database: typedb ... passed in 0.002s
    Given typeql write query ... passed in 0.004s
      """
      insert $p isa person, has typed 2024-09-20T16:40:05.000000001+0000;
      """
    When get answers of typeql read query ... passed in 0.003s
      """
      match $_ isa person, has $a;
      """
    Then answer type is: concept rows ... passed in 0.000s
    Then answer query type is: read ... passed in 0.000s
    Then answer size is: 1 ... passed in 0.001s
    Then answer get row(0) get variable(a) is type: false ... passed in 0.000s
    Then answer get row(0) get variable(a) is instance: true ... passed in 0.000s
    Then answer get row(0) get variable(a) is value: false ... passed in 0.000s
    Then answer get row(0) get variable(a) is entity type: false ... passed in 0.000s
    Then answer get row(0) get variable(a) is relation type: false ... passed in 0.000s
    Then answer get row(0) get variable(a) is attribute type: false ... passed in 0.000s
    Then answer get row(0) get variable(a) is role type: false ... passed in 0.000s
    Then answer get row(0) get variable(a) is entity: false ... passed in 0.000s
    Then answer get row(0) get variable(a) is relation: false ... passed in 0.000s
    Then answer get row(0) get variable(a) is attribute: true ... passed in 0.000s
    Then answer get row(0) get variable(a) as attribute ... passed in 0.000s
    Then answer get row(0) get variable(a) get label: typed ... passed in 0.000s
    Then answer get row(0) get instance(a) get label: typed ... passed in 0.000s
    Then answer get row(0) get instance(a) get type get label: typed ... passed in 0.000s
    Then answer get row(0) get attribute(a) get label: typed ... passed in 0.000s
    Then answer get row(0) get attribute(a) get type get label: typed ... passed in 0.000s
    Then answer get row(0) get attribute(a) get type is attribute: false ... passed in 0.000s
    Then answer get row(0) get attribute(a) get type is entity type: false ... passed in 0.000s
    Then answer get row(0) get attribute(a) get type is relation type: false ... passed in 0.000s
    Then answer get row(0) get attribute(a) get type is attribute type: true ... passed in 0.000s
    Then answer get row(0) get attribute(a) get type is role type: false ... passed in 0.000s
    Then answer get row(0) get attribute(a) get type get value type: datetime-tz ... passed in 0.000s
    Then answer get row(0) get attribute(a) get datetime-tz ... passed in 0.000s
    Then answer get row(0) get attribute(a) is boolean: false ... passed in 0.000s
    Then answer get row(0) get attribute(a) is integer: false ... passed in 0.000s
    Then answer get row(0) get attribute(a) is double: false ... passed in 0.000s
    Then answer get row(0) get attribute(a) is decimal: false ... passed in 0.000s
    Then answer get row(0) get attribute(a) is string: false ... passed in 0.000s
    Then answer get row(0) get attribute(a) is date: false ... passed in 0.000s
    Then answer get row(0) get attribute(a) is datetime: false ... passed in 0.000s
    Then answer get row(0) get attribute(a) is datetime-tz: true ... passed in 0.000s
    Then answer get row(0) get attribute(a) is duration: false ... passed in 0.000s
    Then answer get row(0) get attribute(a) is struct: false ... passed in 0.000s
    Then answer get row(0) get attribute(a) try get value is: 2024-09-20T16:40:05.000000001+0000 ... passed in 0.000s
    Then answer get row(0) get attribute(a) try get datetime-tz is: 2024-09-20T16:40:05.000000001+0000 ... passed in 0.000s
    Then answer get row(0) get attribute(a) try get value is not: 2024-09-20T16:40:05+0000 ... passed in 0.000s
    Then answer get row(0) get attribute(a) try get datetime-tz is not: 2024-09-20T16:40:05+0000 ... passed in 0.000s
    Then answer get row(0) get attribute(a) get value is: 2024-09-20T16:40:05.000000001+0000 ... passed in 0.000s
    Then answer get row(0) get attribute(a) get datetime-tz is: 2024-09-20T16:40:05.000000001+0000 ... passed in 0.000s
    Then answer get row(0) get attribute(a) get value is not: 2024-09-20T16:40:05+0000 ... passed in 0.000s
    Then answer get row(0) get attribute(a) get datetime-tz is not: 2024-09-20T16:40:05+0000 ... passed in 0.000s

  Scenario Outline: Driver processes attributes of type duration correctly -- @1.21 
    Given typedb starts ... passed in 0.000s
    Given connection is open: false ... passed in 0.000s
    Given connection opens with default authentication ... passed in 0.161s
    Given connection is open: true ... passed in 0.000s
    Given connection has 0 databases ... passed in 0.002s
    Given connection create database: typedb ... passed in 0.042s
    Given connection has database: typedb ... passed in 0.001s
    Given connection open schema transaction for database: typedb ... passed in 0.002s
    Given typeql schema query ... passed in 0.008s
      """
      define entity person, owns typed; attribute typed, value duration;
      """
    Given transaction commits ... passed in 0.011s
    Given connection open write transaction for database: typedb ... passed in 0.002s
    Given typeql write query ... passed in 0.004s
      """
      insert $p isa person, has typed P1Y10M7DT15H44M5.00394892S;
      """
    When get answers of typeql read query ... passed in 0.003s
      """
      match $_ isa person, has $a;
      """
    Then answer type is: concept rows ... passed in 0.000s
    Then answer query type is: read ... passed in 0.000s
    Then answer size is: 1 ... passed in 0.001s
    Then answer get row(0) get variable(a) is type: false ... passed in 0.000s
    Then answer get row(0) get variable(a) is instance: true ... passed in 0.000s
    Then answer get row(0) get variable(a) is value: false ... passed in 0.000s
    Then answer get row(0) get variable(a) is entity type: false ... passed in 0.000s
    Then answer get row(0) get variable(a) is relation type: false ... passed in 0.000s
    Then answer get row(0) get variable(a) is attribute type: false ... passed in 0.000s
    Then answer get row(0) get variable(a) is role type: false ... passed in 0.000s
    Then answer get row(0) get variable(a) is entity: false ... passed in 0.000s
    Then answer get row(0) get variable(a) is relation: false ... passed in 0.000s
    Then answer get row(0) get variable(a) is attribute: true ... passed in 0.000s
    Then answer get row(0) get variable(a) as attribute ... passed in 0.000s
    Then answer get row(0) get variable(a) get label: typed ... passed in 0.000s
    Then answer get row(0) get instance(a) get label: typed ... passed in 0.000s
    Then answer get row(0) get instance(a) get type get label: typed ... passed in 0.000s
    Then answer get row(0) get attribute(a) get label: typed ... passed in 0.000s
    Then answer get row(0) get attribute(a) get type get label: typed ... passed in 0.000s
    Then answer get row(0) get attribute(a) get type is attribute: false ... passed in 0.000s
    Then answer get row(0) get attribute(a) get type is entity type: false ... passed in 0.000s
    Then answer get row(0) get attribute(a) get type is relation type: false ... passed in 0.000s
    Then answer get row(0) get attribute(a) get type is attribute type: true ... passed in 0.000s
    Then answer get row(0) get attribute(a) get type is role type: false ... passed in 0.000s
    Then answer get row(0) get attribute(a) get type get value type: duration ... passed in 0.000s
    Then answer get row(0) get attribute(a) get duration ... passed in 0.000s
    Then answer get row(0) get attribute(a) is boolean: false ... passed in 0.000s
    Then answer get row(0) get attribute(a) is integer: false ... passed in 0.000s
    Then answer get row(0) get attribute(a) is double: false ... passed in 0.000s
    Then answer get row(0) get attribute(a) is decimal: false ... passed in 0.000s
    Then answer get row(0) get attribute(a) is string: false ... passed in 0.000s
    Then answer get row(0) get attribute(a) is date: false ... passed in 0.000s
    Then answer get row(0) get attribute(a) is datetime: false ... passed in 0.000s
    Then answer get row(0) get attribute(a) is datetime-tz: false ... passed in 0.000s
    Then answer get row(0) get attribute(a) is duration: true ... passed in 0.000s
    Then answer get row(0) get attribute(a) is struct: false ... passed in 0.000s
    Then answer get row(0) get attribute(a) try get value is: P1Y10M7DT15H44M5.00394892S ... passed in 0.000s
    Then answer get row(0) get attribute(a) try get duration is: P1Y10M7DT15H44M5.00394892S ... passed in 0.000s
    Then answer get row(0) get attribute(a) try get value is not: P1Y10M7DT15H44M5.0394892S ... passed in 0.000s
    Then answer get row(0) get attribute(a) try get duration is not: P1Y10M7DT15H44M5.0394892S ... passed in 0.000s
    Then answer get row(0) get attribute(a) get value is: P1Y10M7DT15H44M5.00394892S ... passed in 0.000s
    Then answer get row(0) get attribute(a) get duration is: P1Y10M7DT15H44M5.00394892S ... passed in 0.000s
    Then answer get row(0) get attribute(a) get value is not: P1Y10M7DT15H44M5.0394892S ... passed in 0.000s
    Then answer get row(0) get attribute(a) get duration is not: P1Y10M7DT15H44M5.0394892S ... passed in 0.000s

  Scenario Outline: Driver processes attributes of type duration correctly -- @1.22 
    Given typedb starts ... passed in 0.000s
    Given connection is open: false ... passed in 0.000s
    Given connection opens with default authentication ... passed in 0.153s
    Given connection is open: true ... passed in 0.000s
    Given connection has 0 databases ... passed in 0.002s
    Given connection create database: typedb ... passed in 0.041s
    Given connection has database: typedb ... passed in 0.002s
    Given connection open schema transaction for database: typedb ... passed in 0.002s
    Given typeql schema query ... passed in 0.009s
      """
      define entity person, owns typed; attribute typed, value duration;
      """
    Given transaction commits ... passed in 0.012s
    Given connection open write transaction for database: typedb ... passed in 0.003s
    Given typeql write query ... passed in 0.005s
      """
      insert $p isa person, has typed P66W;
      """
    When get answers of typeql read query ... passed in 0.003s
      """
      match $_ isa person, has $a;
      """
    Then answer type is: concept rows ... passed in 0.000s
    Then answer query type is: read ... passed in 0.000s
    Then answer size is: 1 ... passed in 0.001s
    Then answer get row(0) get variable(a) is type: false ... passed in 0.000s
    Then answer get row(0) get variable(a) is instance: true ... passed in 0.000s
    Then answer get row(0) get variable(a) is value: false ... passed in 0.000s
    Then answer get row(0) get variable(a) is entity type: false ... passed in 0.000s
    Then answer get row(0) get variable(a) is relation type: false ... passed in 0.000s
    Then answer get row(0) get variable(a) is attribute type: false ... passed in 0.000s
    Then answer get row(0) get variable(a) is role type: false ... passed in 0.000s
    Then answer get row(0) get variable(a) is entity: false ... passed in 0.000s
    Then answer get row(0) get variable(a) is relation: false ... passed in 0.000s
    Then answer get row(0) get variable(a) is attribute: true ... passed in 0.000s
    Then answer get row(0) get variable(a) as attribute ... passed in 0.000s
    Then answer get row(0) get variable(a) get label: typed ... passed in 0.000s
    Then answer get row(0) get instance(a) get label: typed ... passed in 0.000s
    Then answer get row(0) get instance(a) get type get label: typed ... passed in 0.000s
    Then answer get row(0) get attribute(a) get label: typed ... passed in 0.000s
    Then answer get row(0) get attribute(a) get type get label: typed ... passed in 0.000s
    Then answer get row(0) get attribute(a) get type is attribute: false ... passed in 0.000s
    Then answer get row(0) get attribute(a) get type is entity type: false ... passed in 0.000s
    Then answer get row(0) get attribute(a) get type is relation type: false ... passed in 0.000s
    Then answer get row(0) get attribute(a) get type is attribute type: true ... passed in 0.000s
    Then answer get row(0) get attribute(a) get type is role type: false ... passed in 0.000s
    Then answer get row(0) get attribute(a) get type get value type: duration ... passed in 0.000s
    Then answer get row(0) get attribute(a) get duration ... passed in 0.000s
    Then answer get row(0) get attribute(a) is boolean: false ... passed in 0.000s
    Then answer get row(0) get attribute(a) is integer: false ... passed in 0.000s
    Then answer get row(0) get attribute(a) is double: false ... passed in 0.000s
    Then answer get row(0) get attribute(a) is decimal: false ... passed in 0.000s
    Then answer get row(0) get attribute(a) is string: false ... passed in 0.000s
    Then answer get row(0) get attribute(a) is date: false ... passed in 0.000s
    Then answer get row(0) get attribute(a) is datetime: false ... passed in 0.000s
    Then answer get row(0) get attribute(a) is datetime-tz: false ... passed in 0.000s
    Then answer get row(0) get attribute(a) is duration: true ... passed in 0.000s
    Then answer get row(0) get attribute(a) is struct: false ... passed in 0.000s
    Then answer get row(0) get attribute(a) try get value is: P66W ... passed in 0.000s
    Then answer get row(0) get attribute(a) try get duration is: P66W ... passed in 0.000s
    Then answer get row(0) get attribute(a) try get value is not: P67W ... passed in 0.000s
    Then answer get row(0) get attribute(a) try get duration is not: P67W ... passed in 0.000s
    Then answer get row(0) get attribute(a) get value is: P66W ... passed in 0.000s
    Then answer get row(0) get attribute(a) get duration is: P66W ... passed in 0.000s
    Then answer get row(0) get attribute(a) get value is not: P67W ... passed in 0.000s
    Then answer get row(0) get attribute(a) get duration is not: P67W ... passed in 0.000s

  Scenario Outline: Driver processes values of type boolean correctly -- @1.1 
    Given typedb starts ... passed in 0.000s
    Given connection is open: false ... passed in 0.000s
    Given connection opens with default authentication ... passed in 0.162s
    Given connection is open: true ... passed in 0.000s
    Given connection has 0 databases ... passed in 0.002s
    Given connection create database: typedb ... passed in 0.045s
    Given connection has database: typedb ... passed in 0.002s
    Given connection open schema transaction for database: typedb ... passed in 0.002s
    Given typeql schema query ... passed in 0.005s
      """
      define entity person, owns typed; attribute typed, value boolean;
      """
    Given transaction commits ... passed in 0.016s
    Given connection open write transaction for database: typedb ... passed in 0.005s
    Given typeql write query ... passed in 0.005s
      """
      insert $p isa person, has typed true;
      """
    When get answers of typeql read query ... passed in 0.005s
      """
      match $_ isa person, has typed $v;
      let $value = $v;
      """
    Then answer type is: concept rows ... passed in 0.000s
    Then answer query type is: read ... passed in 0.000s
    Then answer size is: 1 ... passed in 0.001s
    Then answer get row(0) get variable(value) is type: false ... passed in 0.000s
    Then answer get row(0) get variable(value) is instance: false ... passed in 0.000s
    Then answer get row(0) get variable(value) is value: true ... passed in 0.000s
    Then answer get row(0) get variable(value) is entity type: false ... passed in 0.000s
    Then answer get row(0) get variable(value) is relation type: false ... passed in 0.000s
    Then answer get row(0) get variable(value) is attribute type: false ... passed in 0.000s
    Then answer get row(0) get variable(value) is role type: false ... passed in 0.000s
    Then answer get row(0) get variable(value) is entity: false ... passed in 0.000s
    Then answer get row(0) get variable(value) is relation: false ... passed in 0.000s
    Then answer get row(0) get variable(value) is attribute: false ... passed in 0.000s
    Then answer get row(0) get variable(value) try get iid is none ... passed in 0.000s
    Then answer get row(0) get variable(value) as value ... passed in 0.000s
    Then answer get row(0) get variable(value) get label: boolean ... passed in 0.000s
    Then answer get row(0) get value(value) get label: boolean ... passed in 0.000s
    Then answer get row(0) get value(value) try get value type: boolean ... passed in 0.000s
    Then answer get row(0) get value(value) get value type: boolean ... passed in 0.000s
    Then answer get row(0) get value(value) is boolean: true ... passed in 0.000s
    Then answer get row(0) get value(value) is integer: false ... passed in 0.000s
    Then answer get row(0) get value(value) is double: false ... passed in 0.000s
    Then answer get row(0) get value(value) is decimal: false ... passed in 0.000s
    Then answer get row(0) get value(value) is string: false ... passed in 0.000s
    Then answer get row(0) get value(value) is date: false ... passed in 0.000s
    Then answer get row(0) get value(value) is datetime: false ... passed in 0.000s
    Then answer get row(0) get value(value) is datetime-tz: false ... passed in 0.000s
    Then answer get row(0) get value(value) is duration: false ... passed in 0.000s
    Then answer get row(0) get value(value) is struct: false ... passed in 0.000s
    Then answer get row(0) get value(value) try get value is: true ... passed in 0.000s
    Then answer get row(0) get value(value) try get boolean is: true ... passed in 0.000s
    Then answer get row(0) get value(value) try get value is not: false ... passed in 0.000s
    Then answer get row(0) get value(value) try get boolean is not: false ... passed in 0.000s
    Then answer get row(0) get value(value) get is: true ... passed in 0.000s
    Then answer get row(0) get value(value) get boolean is: true ... passed in 0.000s
    Then answer get row(0) get value(value) get is not: false ... passed in 0.000s
    Then answer get row(0) get value(value) get boolean is not: false ... passed in 0.000s

  Scenario Outline: Driver processes values of type integer correctly -- @1.2 
    Given typedb starts ... passed in 0.000s
    Given connection is open: false ... passed in 0.000s
    Given connection opens with default authentication ... passed in 0.170s
    Given connection is open: true ... passed in 0.000s
    Given connection has 0 databases ... passed in 0.002s
    Given connection create database: typedb ... passed in 0.046s
    Given connection has database: typedb ... passed in 0.001s
    Given connection open schema transaction for database: typedb ... passed in 0.002s
    Given typeql schema query ... passed in 0.008s
      """
      define entity person, owns typed; attribute typed, value integer;
      """
    Given transaction commits ... passed in 0.011s
    Given connection open write transaction for database: typedb ... passed in 0.002s
    Given typeql write query ... passed in 0.006s
      """
      insert $p isa person, has typed 12345090;
      """
    When get answers of typeql read query ... passed in 0.006s
      """
      match $_ isa person, has typed $v;
      let $value = $v;
      """
    Then answer type is: concept rows ... passed in 0.000s
    Then answer query type is: read ... passed in 0.000s
    Then answer size is: 1 ... passed in 0.000s
    Then answer get row(0) get variable(value) is type: false ... passed in 0.000s
    Then answer get row(0) get variable(value) is instance: false ... passed in 0.000s
    Then answer get row(0) get variable(value) is value: true ... passed in 0.000s
    Then answer get row(0) get variable(value) is entity type: false ... passed in 0.000s
    Then answer get row(0) get variable(value) is relation type: false ... passed in 0.000s
    Then answer get row(0) get variable(value) is attribute type: false ... passed in 0.000s
    Then answer get row(0) get variable(value) is role type: false ... passed in 0.000s
    Then answer get row(0) get variable(value) is entity: false ... passed in 0.000s
    Then answer get row(0) get variable(value) is relation: false ... passed in 0.000s
    Then answer get row(0) get variable(value) is attribute: false ... passed in 0.000s
    Then answer get row(0) get variable(value) try get iid is none ... passed in 0.000s
    Then answer get row(0) get variable(value) as value ... passed in 0.000s
    Then answer get row(0) get variable(value) get label: integer ... passed in 0.000s
    Then answer get row(0) get value(value) get label: integer ... passed in 0.000s
    Then answer get row(0) get value(value) try get value type: integer ... passed in 0.000s
    Then answer get row(0) get value(value) get value type: integer ... passed in 0.000s
    Then answer get row(0) get value(value) is boolean: false ... passed in 0.000s
    Then answer get row(0) get value(value) is integer: true ... passed in 0.000s
    Then answer get row(0) get value(value) is double: false ... passed in 0.000s
    Then answer get row(0) get value(value) is decimal: false ... passed in 0.000s
    Then answer get row(0) get value(value) is string: false ... passed in 0.000s
    Then answer get row(0) get value(value) is date: false ... passed in 0.000s
    Then answer get row(0) get value(value) is datetime: false ... passed in 0.000s
    Then answer get row(0) get value(value) is datetime-tz: false ... passed in 0.000s
    Then answer get row(0) get value(value) is duration: false ... passed in 0.000s
    Then answer get row(0) get value(value) is struct: false ... passed in 0.000s
    Then answer get row(0) get value(value) try get value is: 12345090 ... passed in 0.000s
    Then answer get row(0) get value(value) try get integer is: 12345090 ... passed in 0.000s
    Then answer get row(0) get value(value) try get value is not: 0 ... passed in 0.000s
    Then answer get row(0) get value(value) try get integer is not: 0 ... passed in 0.000s
    Then answer get row(0) get value(value) get is: 12345090 ... passed in 0.000s
    Then answer get row(0) get value(value) get integer is: 12345090 ... passed in 0.000s
    Then answer get row(0) get value(value) get is not: 0 ... passed in 0.000s
    Then answer get row(0) get value(value) get integer is not: 0 ... passed in 0.000s

  Scenario Outline: Driver processes values of type double correctly -- @1.3 
    Given typedb starts ... passed in 0.000s
    Given connection is open: false ... passed in 0.000s
    Given connection opens with default authentication ... passed in 0.165s
    Given connection is open: true ... passed in 0.000s
    Given connection has 0 databases ... passed in 0.002s
    Given connection create database: typedb ... passed in 0.040s
    Given connection has database: typedb ... passed in 0.002s
    Given connection open schema transaction for database: typedb ... passed in 0.002s
    Given typeql schema query ... passed in 0.008s
      """
      define entity person, owns typed; attribute typed, value double;
      """
    Given transaction commits ... passed in 0.013s
    Given connection open write transaction for database: typedb ... passed in 0.003s
    Given typeql write query ... passed in 0.004s
      """
      insert $p isa person, has typed 0.0000000000000000001;
      """
    When get answers of typeql read query ... passed in 0.003s
      """
      match $_ isa person, has typed $v;
      let $value = $v;
      """
    Then answer type is: concept rows ... passed in 0.000s
    Then answer query type is: read ... passed in 0.000s
    Then answer size is: 1 ... passed in 0.001s
    Then answer get row(0) get variable(value) is type: false ... passed in 0.000s
    Then answer get row(0) get variable(value) is instance: false ... passed in 0.000s
    Then answer get row(0) get variable(value) is value: true ... passed in 0.000s
    Then answer get row(0) get variable(value) is entity type: false ... passed in 0.000s
    Then answer get row(0) get variable(value) is relation type: false ... passed in 0.000s
    Then answer get row(0) get variable(value) is attribute type: false ... passed in 0.000s
    Then answer get row(0) get variable(value) is role type: false ... passed in 0.000s
    Then answer get row(0) get variable(value) is entity: false ... passed in 0.000s
    Then answer get row(0) get variable(value) is relation: false ... passed in 0.000s
    Then answer get row(0) get variable(value) is attribute: false ... passed in 0.000s
    Then answer get row(0) get variable(value) try get iid is none ... passed in 0.000s
    Then answer get row(0) get variable(value) as value ... passed in 0.000s
    Then answer get row(0) get variable(value) get label: double ... passed in 0.000s
    Then answer get row(0) get value(value) get label: double ... passed in 0.000s
    Then answer get row(0) get value(value) try get value type: double ... passed in 0.000s
    Then answer get row(0) get value(value) get value type: double ... passed in 0.000s
    Then answer get row(0) get value(value) is boolean: false ... passed in 0.000s
    Then answer get row(0) get value(value) is integer: false ... passed in 0.000s
    Then answer get row(0) get value(value) is double: true ... passed in 0.000s
    Then answer get row(0) get value(value) is decimal: false ... passed in 0.000s
    Then answer get row(0) get value(value) is string: false ... passed in 0.000s
    Then answer get row(0) get value(value) is date: false ... passed in 0.000s
    Then answer get row(0) get value(value) is datetime: false ... passed in 0.000s
    Then answer get row(0) get value(value) is datetime-tz: false ... passed in 0.000s
    Then answer get row(0) get value(value) is duration: false ... passed in 0.000s
    Then answer get row(0) get value(value) is struct: false ... passed in 0.000s
    Then answer get row(0) get value(value) try get value is: 0.0000000000000000001 ... passed in 0.000s
    Then answer get row(0) get value(value) try get double is: 0.0000000000000000001 ... passed in 0.000s
    Then answer get row(0) get value(value) try get value is not: 0.000000000000000001 ... passed in 0.000s
    Then answer get row(0) get value(value) try get double is not: 0.000000000000000001 ... passed in 0.000s
    Then answer get row(0) get value(value) get is: 0.0000000000000000001 ... passed in 0.000s
    Then answer get row(0) get value(value) get double is: 0.0000000000000000001 ... passed in 0.000s
    Then answer get row(0) get value(value) get is not: 0.000000000000000001 ... passed in 0.000s
    Then answer get row(0) get value(value) get double is not: 0.000000000000000001 ... passed in 0.000s

  Scenario Outline: Driver processes values of type double correctly -- @1.4 
    Given typedb starts ... passed in 0.000s
    Given connection is open: false ... passed in 0.000s
    Given connection opens with default authentication ... passed in 0.162s
    Given connection is open: true ... passed in 0.000s
    Given connection has 0 databases ... passed in 0.002s
    Given connection create database: typedb ... passed in 0.034s
    Given connection has database: typedb ... passed in 0.001s
    Given connection open schema transaction for database: typedb ... passed in 0.002s
    Given typeql schema query ... passed in 0.013s
      """
      define entity person, owns typed; attribute typed, value double;
      """
    Given transaction commits ... passed in 0.017s
    Given connection open write transaction for database: typedb ... passed in 0.003s
    Given typeql write query ... passed in 0.006s
      """
      insert $p isa person, has typed 2.01234567;
      """
    When get answers of typeql read query ... passed in 0.004s
      """
      match $_ isa person, has typed $v;
      let $value = $v;
      """
    Then answer type is: concept rows ... passed in 0.000s
    Then answer query type is: read ... passed in 0.000s
    Then answer size is: 1 ... passed in 0.001s
    Then answer get row(0) get variable(value) is type: false ... passed in 0.000s
    Then answer get row(0) get variable(value) is instance: false ... passed in 0.000s
    Then answer get row(0) get variable(value) is value: true ... passed in 0.000s
    Then answer get row(0) get variable(value) is entity type: false ... passed in 0.000s
    Then answer get row(0) get variable(value) is relation type: false ... passed in 0.000s
    Then answer get row(0) get variable(value) is attribute type: false ... passed in 0.000s
    Then answer get row(0) get variable(value) is role type: false ... passed in 0.000s
    Then answer get row(0) get variable(value) is entity: false ... passed in 0.000s
    Then answer get row(0) get variable(value) is relation: false ... passed in 0.000s
    Then answer get row(0) get variable(value) is attribute: false ... passed in 0.000s
    Then answer get row(0) get variable(value) try get iid is none ... passed in 0.000s
    Then answer get row(0) get variable(value) as value ... passed in 0.000s
    Then answer get row(0) get variable(value) get label: double ... passed in 0.000s
    Then answer get row(0) get value(value) get label: double ... passed in 0.000s
    Then answer get row(0) get value(value) try get value type: double ... passed in 0.000s
    Then answer get row(0) get value(value) get value type: double ... passed in 0.000s
    Then answer get row(0) get value(value) is boolean: false ... passed in 0.000s
    Then answer get row(0) get value(value) is integer: false ... passed in 0.000s
    Then answer get row(0) get value(value) is double: true ... passed in 0.000s
    Then answer get row(0) get value(value) is decimal: false ... passed in 0.000s
    Then answer get row(0) get value(value) is string: false ... passed in 0.000s
    Then answer get row(0) get value(value) is date: false ... passed in 0.000s
    Then answer get row(0) get value(value) is datetime: false ... passed in 0.000s
    Then answer get row(0) get value(value) is datetime-tz: false ... passed in 0.000s
    Then answer get row(0) get value(value) is duration: false ... passed in 0.000s
    Then answer get row(0) get value(value) is struct: false ... passed in 0.000s
    Then answer get row(0) get value(value) try get value is: 2.01234567 ... passed in 0.000s
    Then answer get row(0) get value(value) try get double is: 2.01234567 ... passed in 0.000s
    Then answer get row(0) get value(value) try get value is not: 2.01234568 ... passed in 0.000s
    Then answer get row(0) get value(value) try get double is not: 2.01234568 ... passed in 0.000s
    Then answer get row(0) get value(value) get is: 2.01234567 ... passed in 0.000s
    Then answer get row(0) get value(value) get double is: 2.01234567 ... passed in 0.000s
    Then answer get row(0) get value(value) get is not: 2.01234568 ... passed in 0.000s
    Then answer get row(0) get value(value) get double is not: 2.01234568 ... passed in 0.000s

  Scenario Outline: Driver processes values of type decimal correctly -- @1.5 
    Given typedb starts ... passed in 0.000s
    Given connection is open: false ... passed in 0.000s
    Given connection opens with default authentication ... passed in 0.169s
    Given connection is open: true ... passed in 0.000s
    Given connection has 0 databases ... passed in 0.002s
    Given connection create database: typedb ... passed in 0.047s
    Given connection has database: typedb ... passed in 0.002s
    Given connection open schema transaction for database: typedb ... passed in 0.002s
    Given typeql schema query ... passed in 0.007s
      """
      define entity person, owns typed; attribute typed, value decimal;
      """
    Given transaction commits ... passed in 0.011s
    Given connection open write transaction for database: typedb ... passed in 0.002s
    Given typeql write query ... passed in 0.005s
      """
      insert $p isa person, has typed 1234567890.0001234567890dec;
      """
    When get answers of typeql read query ... passed in 0.006s
      """
      match $_ isa person, has typed $v;
      let $value = $v;
      """
    Then answer type is: concept rows ... passed in 0.000s
    Then answer query type is: read ... passed in 0.000s
    Then answer size is: 1 ... passed in 0.001s
    Then answer get row(0) get variable(value) is type: false ... passed in 0.000s
    Then answer get row(0) get variable(value) is instance: false ... passed in 0.000s
    Then answer get row(0) get variable(value) is value: true ... passed in 0.000s
    Then answer get row(0) get variable(value) is entity type: false ... passed in 0.000s
    Then answer get row(0) get variable(value) is relation type: false ... passed in 0.000s
    Then answer get row(0) get variable(value) is attribute type: false ... passed in 0.000s
    Then answer get row(0) get variable(value) is role type: false ... passed in 0.000s
    Then answer get row(0) get variable(value) is entity: false ... passed in 0.000s
    Then answer get row(0) get variable(value) is relation: false ... passed in 0.000s
    Then answer get row(0) get variable(value) is attribute: false ... passed in 0.000s
    Then answer get row(0) get variable(value) try get iid is none ... passed in 0.000s
    Then answer get row(0) get variable(value) as value ... passed in 0.000s
    Then answer get row(0) get variable(value) get label: decimal ... passed in 0.000s
    Then answer get row(0) get value(value) get label: decimal ... passed in 0.000s
    Then answer get row(0) get value(value) try get value type: decimal ... passed in 0.000s
    Then answer get row(0) get value(value) get value type: decimal ... passed in 0.000s
    Then answer get row(0) get value(value) is boolean: false ... passed in 0.000s
    Then answer get row(0) get value(value) is integer: false ... passed in 0.000s
    Then answer get row(0) get value(value) is double: false ... passed in 0.000s
    Then answer get row(0) get value(value) is decimal: true ... passed in 0.000s
    Then answer get row(0) get value(value) is string: false ... passed in 0.000s
    Then answer get row(0) get value(value) is date: false ... passed in 0.000s
    Then answer get row(0) get value(value) is datetime: false ... passed in 0.000s
    Then answer get row(0) get value(value) is datetime-tz: false ... passed in 0.000s
    Then answer get row(0) get value(value) is duration: false ... passed in 0.000s
    Then answer get row(0) get value(value) is struct: false ... passed in 0.000s
    Then answer get row(0) get value(value) try get value is: 1234567890.0001234567890dec ... passed in 0.000s
    Then answer get row(0) get value(value) try get decimal is: 1234567890.0001234567890dec ... passed in 0.000s
    Then answer get row(0) get value(value) try get value is not: 1234567890.001234567890dec ... passed in 0.000s
    Then answer get row(0) get value(value) try get decimal is not: 1234567890.001234567890dec ... passed in 0.000s
    Then answer get row(0) get value(value) get is: 1234567890.0001234567890dec ... passed in 0.000s
    Then answer get row(0) get value(value) get decimal is: 1234567890.0001234567890dec ... passed in 0.000s
    Then answer get row(0) get value(value) get is not: 1234567890.001234567890dec ... passed in 0.000s
    Then answer get row(0) get value(value) get decimal is not: 1234567890.001234567890dec ... passed in 0.000s

  Scenario Outline: Driver processes values of type decimal correctly -- @1.6 
    Given typedb starts ... passed in 0.000s
    Given connection is open: false ... passed in 0.000s
    Given connection opens with default authentication ... passed in 0.165s
    Given connection is open: true ... passed in 0.000s
    Given connection has 0 databases ... passed in 0.019s
    Given connection create database: typedb ... passed in 0.047s
    Given connection has database: typedb ... passed in 0.002s
    Given connection open schema transaction for database: typedb ... passed in 0.002s
    Given typeql schema query ... passed in 0.008s
      """
      define entity person, owns typed; attribute typed, value decimal;
      """
    Given transaction commits ... passed in 0.013s
    Given connection open write transaction for database: typedb ... passed in 0.004s
    Given typeql write query ... passed in 0.004s
      """
      insert $p isa person, has typed 0.0000000000000000001dec;
      """
    When get answers of typeql read query ... passed in 0.004s
      """
      match $_ isa person, has typed $v;
      let $value = $v;
      """
    Then answer type is: concept rows ... passed in 0.000s
    Then answer query type is: read ... passed in 0.000s
    Then answer size is: 1 ... passed in 0.001s
    Then answer get row(0) get variable(value) is type: false ... passed in 0.000s
    Then answer get row(0) get variable(value) is instance: false ... passed in 0.000s
    Then answer get row(0) get variable(value) is value: true ... passed in 0.000s
    Then answer get row(0) get variable(value) is entity type: false ... passed in 0.000s
    Then answer get row(0) get variable(value) is relation type: false ... passed in 0.000s
    Then answer get row(0) get variable(value) is attribute type: false ... passed in 0.000s
    Then answer get row(0) get variable(value) is role type: false ... passed in 0.000s
    Then answer get row(0) get variable(value) is entity: false ... passed in 0.000s
    Then answer get row(0) get variable(value) is relation: false ... passed in 0.000s
    Then answer get row(0) get variable(value) is attribute: false ... passed in 0.000s
    Then answer get row(0) get variable(value) try get iid is none ... passed in 0.000s
    Then answer get row(0) get variable(value) as value ... passed in 0.000s
    Then answer get row(0) get variable(value) get label: decimal ... passed in 0.000s
    Then answer get row(0) get value(value) get label: decimal ... passed in 0.000s
    Then answer get row(0) get value(value) try get value type: decimal ... passed in 0.000s
    Then answer get row(0) get value(value) get value type: decimal ... passed in 0.000s
    Then answer get row(0) get value(value) is boolean: false ... passed in 0.000s
    Then answer get row(0) get value(value) is integer: false ... passed in 0.000s
    Then answer get row(0) get value(value) is double: false ... passed in 0.000s
    Then answer get row(0) get value(value) is decimal: true ... passed in 0.000s
    Then answer get row(0) get value(value) is string: false ... passed in 0.000s
    Then answer get row(0) get value(value) is date: false ... passed in 0.000s
    Then answer get row(0) get value(value) is datetime: false ... passed in 0.000s
    Then answer get row(0) get value(value) is datetime-tz: false ... passed in 0.000s
    Then answer get row(0) get value(value) is duration: false ... passed in 0.000s
    Then answer get row(0) get value(value) is struct: false ... passed in 0.000s
    Then answer get row(0) get value(value) try get value is: 0.0000000000000000001dec ... passed in 0.000s
    Then answer get row(0) get value(value) try get decimal is: 0.0000000000000000001dec ... passed in 0.000s
    Then answer get row(0) get value(value) try get value is not: 0.000000000000000001dec ... passed in 0.000s
    Then answer get row(0) get value(value) try get decimal is not: 0.000000000000000001dec ... passed in 0.000s
    Then answer get row(0) get value(value) get is: 0.0000000000000000001dec ... passed in 0.000s
    Then answer get row(0) get value(value) get decimal is: 0.0000000000000000001dec ... passed in 0.000s
    Then answer get row(0) get value(value) get is not: 0.000000000000000001dec ... passed in 0.000s
    Then answer get row(0) get value(value) get decimal is not: 0.000000000000000001dec ... passed in 0.000s

  Scenario Outline: Driver processes values of type string correctly -- @1.7 
    Given typedb starts ... passed in 0.000s
    Given connection is open: false ... passed in 0.000s
    Given connection opens with default authentication ... passed in 0.179s
    Given connection is open: true ... passed in 0.000s
    Given connection has 0 databases ... passed in 0.002s
    Given connection create database: typedb ... passed in 0.047s
    Given connection has database: typedb ... passed in 0.002s
    Given connection open schema transaction for database: typedb ... passed in 0.006s
    Given typeql schema query ... passed in 0.017s
      """
      define entity person, owns typed; attribute typed, value string;
      """
    Given transaction commits ... passed in 0.010s
    Given connection open write transaction for database: typedb ... passed in 0.005s
    Given typeql write query ... passed in 0.005s
      """
      insert $p isa person, has typed "John \"Baba Yaga\" Wick";
      """
    When get answers of typeql read query ... passed in 0.004s
      """
      match $_ isa person, has typed $v;
      let $value = $v;
      """
    Then answer type is: concept rows ... passed in 0.000s
    Then answer query type is: read ... passed in 0.000s
    Then answer size is: 1 ... passed in 0.000s
    Then answer get row(0) get variable(value) is type: false ... passed in 0.000s
    Then answer get row(0) get variable(value) is instance: false ... passed in 0.000s
    Then answer get row(0) get variable(value) is value: true ... passed in 0.000s
    Then answer get row(0) get variable(value) is entity type: false ... passed in 0.000s
    Then answer get row(0) get variable(value) is relation type: false ... passed in 0.000s
    Then answer get row(0) get variable(value) is attribute type: false ... passed in 0.000s
    Then answer get row(0) get variable(value) is role type: false ... passed in 0.000s
    Then answer get row(0) get variable(value) is entity: false ... passed in 0.000s
    Then answer get row(0) get variable(value) is relation: false ... passed in 0.000s
    Then answer get row(0) get variable(value) is attribute: false ... passed in 0.000s
    Then answer get row(0) get variable(value) try get iid is none ... passed in 0.000s
    Then answer get row(0) get variable(value) as value ... passed in 0.000s
    Then answer get row(0) get variable(value) get label: string ... passed in 0.000s
    Then answer get row(0) get value(value) get label: string ... passed in 0.000s
    Then answer get row(0) get value(value) try get value type: string ... passed in 0.000s
    Then answer get row(0) get value(value) get value type: string ... passed in 0.000s
    Then answer get row(0) get value(value) is boolean: false ... passed in 0.000s
    Then answer get row(0) get value(value) is integer: false ... passed in 0.000s
    Then answer get row(0) get value(value) is double: false ... passed in 0.000s
    Then answer get row(0) get value(value) is decimal: false ... passed in 0.000s
    Then answer get row(0) get value(value) is string: true ... passed in 0.000s
    Then answer get row(0) get value(value) is date: false ... passed in 0.000s
    Then answer get row(0) get value(value) is datetime: false ... passed in 0.000s
    Then answer get row(0) get value(value) is datetime-tz: false ... passed in 0.000s
    Then answer get row(0) get value(value) is duration: false ... passed in 0.000s
    Then answer get row(0) get value(value) is struct: false ... passed in 0.000s
    Then answer get row(0) get value(value) try get value is: "John \"Baba Yaga\" Wick" ... passed in 0.000s
    Then answer get row(0) get value(value) try get string is: "John \"Baba Yaga\" Wick" ... passed in 0.000s
    Then answer get row(0) get value(value) try get value is not: "John Baba Yaga Wick" ... passed in 0.000s
    Then answer get row(0) get value(value) try get string is not: "John Baba Yaga Wick" ... passed in 0.000s
    Then answer get row(0) get value(value) get is: "John \"Baba Yaga\" Wick" ... passed in 0.000s
    Then answer get row(0) get value(value) get string is: "John \"Baba Yaga\" Wick" ... passed in 0.000s
    Then answer get row(0) get value(value) get is not: "John Baba Yaga Wick" ... passed in 0.000s
    Then answer get row(0) get value(value) get string is not: "John Baba Yaga Wick" ... passed in 0.000s

  Scenario Outline: Driver processes values of type date correctly -- @1.8 
    Given typedb starts ... passed in 0.000s
    Given connection is open: false ... passed in 0.000s
    Given connection opens with default authentication ... passed in 0.171s
    Given connection is open: true ... passed in 0.000s
    Given connection has 0 databases ... passed in 0.002s
    Given connection create database: typedb ... passed in 0.052s
    Given connection has database: typedb ... passed in 0.003s
    Given connection open schema transaction for database: typedb ... passed in 0.004s
    Given typeql schema query ... passed in 0.010s
      """
      define entity person, owns typed; attribute typed, value date;
      """
    Given transaction commits ... passed in 0.012s
    Given connection open write transaction for database: typedb ... passed in 0.002s
    Given typeql write query ... passed in 0.004s
      """
      insert $p isa person, has typed 2024-09-20;
      """
    When get answers of typeql read query ... passed in 0.005s
      """
      match $_ isa person, has typed $v;
      let $value = $v;
      """
    Then answer type is: concept rows ... passed in 0.000s
    Then answer query type is: read ... passed in 0.000s
    Then answer size is: 1 ... passed in 0.000s
    Then answer get row(0) get variable(value) is type: false ... passed in 0.000s
    Then answer get row(0) get variable(value) is instance: false ... passed in 0.000s
    Then answer get row(0) get variable(value) is value: true ... passed in 0.000s
    Then answer get row(0) get variable(value) is entity type: false ... passed in 0.000s
    Then answer get row(0) get variable(value) is relation type: false ... passed in 0.000s
    Then answer get row(0) get variable(value) is attribute type: false ... passed in 0.000s
    Then answer get row(0) get variable(value) is role type: false ... passed in 0.000s
    Then answer get row(0) get variable(value) is entity: false ... passed in 0.000s
    Then answer get row(0) get variable(value) is relation: false ... passed in 0.000s
    Then answer get row(0) get variable(value) is attribute: false ... passed in 0.000s
    Then answer get row(0) get variable(value) try get iid is none ... passed in 0.000s
    Then answer get row(0) get variable(value) as value ... passed in 0.000s
    Then answer get row(0) get variable(value) get label: date ... passed in 0.000s
    Then answer get row(0) get value(value) get label: date ... passed in 0.000s
    Then answer get row(0) get value(value) try get value type: date ... passed in 0.000s
    Then answer get row(0) get value(value) get value type: date ... passed in 0.000s
    Then answer get row(0) get value(value) is boolean: false ... passed in 0.000s
    Then answer get row(0) get value(value) is integer: false ... passed in 0.000s
    Then answer get row(0) get value(value) is double: false ... passed in 0.000s
    Then answer get row(0) get value(value) is decimal: false ... passed in 0.000s
    Then answer get row(0) get value(value) is string: false ... passed in 0.000s
    Then answer get row(0) get value(value) is date: true ... passed in 0.000s
    Then answer get row(0) get value(value) is datetime: false ... passed in 0.000s
    Then answer get row(0) get value(value) is datetime-tz: false ... passed in 0.000s
    Then answer get row(0) get value(value) is duration: false ... passed in 0.000s
    Then answer get row(0) get value(value) is struct: false ... passed in 0.000s
    Then answer get row(0) get value(value) try get value is: 2024-09-20 ... passed in 0.000s
    Then answer get row(0) get value(value) try get date is: 2024-09-20 ... passed in 0.000s
    Then answer get row(0) get value(value) try get value is not: 2025-09-20 ... passed in 0.000s
    Then answer get row(0) get value(value) try get date is not: 2025-09-20 ... passed in 0.000s
    Then answer get row(0) get value(value) get is: 2024-09-20 ... passed in 0.000s
    Then answer get row(0) get value(value) get date is: 2024-09-20 ... passed in 0.000s
    Then answer get row(0) get value(value) get is not: 2025-09-20 ... passed in 0.000s
    Then answer get row(0) get value(value) get date is not: 2025-09-20 ... passed in 0.000s

  Scenario Outline: Driver processes values of type datetime correctly -- @1.9 
    Given typedb starts ... passed in 0.000s
    Given connection is open: false ... passed in 0.000s
    Given connection opens with default authentication ... passed in 0.163s
    Given connection is open: true ... passed in 0.000s
    Given connection has 0 databases ... passed in 0.002s
    Given connection create database: typedb ... passed in 0.045s
    Given connection has database: typedb ... passed in 0.002s
    Given connection open schema transaction for database: typedb ... passed in 0.002s
    Given typeql schema query ... passed in 0.005s
      """
      define entity person, owns typed; attribute typed, value datetime;
      """
    Given transaction commits ... passed in 0.010s
    Given connection open write transaction for database: typedb ... passed in 0.002s
    Given typeql write query ... passed in 0.005s
      """
      insert $p isa person, has typed 1999-02-26T12:15:05;
      """
    When get answers of typeql read query ... passed in 0.005s
      """
      match $_ isa person, has typed $v;
      let $value = $v;
      """
    Then answer type is: concept rows ... passed in 0.000s
    Then answer query type is: read ... passed in 0.000s
    Then answer size is: 1 ... passed in 0.001s
    Then answer get row(0) get variable(value) is type: false ... passed in 0.000s
    Then answer get row(0) get variable(value) is instance: false ... passed in 0.000s
    Then answer get row(0) get variable(value) is value: true ... passed in 0.000s
    Then answer get row(0) get variable(value) is entity type: false ... passed in 0.000s
    Then answer get row(0) get variable(value) is relation type: false ... passed in 0.000s
    Then answer get row(0) get variable(value) is attribute type: false ... passed in 0.000s
    Then answer get row(0) get variable(value) is role type: false ... passed in 0.000s
    Then answer get row(0) get variable(value) is entity: false ... passed in 0.000s
    Then answer get row(0) get variable(value) is relation: false ... passed in 0.000s
    Then answer get row(0) get variable(value) is attribute: false ... passed in 0.000s
    Then answer get row(0) get variable(value) try get iid is none ... passed in 0.000s
    Then answer get row(0) get variable(value) as value ... passed in 0.000s
    Then answer get row(0) get variable(value) get label: datetime ... passed in 0.000s
    Then answer get row(0) get value(value) get label: datetime ... passed in 0.000s
    Then answer get row(0) get value(value) try get value type: datetime ... passed in 0.000s
    Then answer get row(0) get value(value) get value type: datetime ... passed in 0.000s
    Then answer get row(0) get value(value) is boolean: false ... passed in 0.000s
    Then answer get row(0) get value(value) is integer: false ... passed in 0.000s
    Then answer get row(0) get value(value) is double: false ... passed in 0.000s
    Then answer get row(0) get value(value) is decimal: false ... passed in 0.000s
    Then answer get row(0) get value(value) is string: false ... passed in 0.000s
    Then answer get row(0) get value(value) is date: false ... passed in 0.000s
    Then answer get row(0) get value(value) is datetime: true ... passed in 0.000s
    Then answer get row(0) get value(value) is datetime-tz: false ... passed in 0.000s
    Then answer get row(0) get value(value) is duration: false ... passed in 0.000s
    Then answer get row(0) get value(value) is struct: false ... passed in 0.000s
    Then answer get row(0) get value(value) try get value is: 1999-02-26T12:15:05 ... passed in 0.000s
    Then answer get row(0) get value(value) try get datetime is: 1999-02-26T12:15:05 ... passed in 0.000s
    Then answer get row(0) get value(value) try get value is not: 1999-02-26T12:15:00 ... passed in 0.000s
    Then answer get row(0) get value(value) try get datetime is not: 1999-02-26T12:15:00 ... passed in 0.000s
    Then answer get row(0) get value(value) get is: 1999-02-26T12:15:05 ... passed in 0.000s
    Then answer get row(0) get value(value) get datetime is: 1999-02-26T12:15:05 ... passed in 0.000s
    Then answer get row(0) get value(value) get is not: 1999-02-26T12:15:00 ... passed in 0.000s
    Then answer get row(0) get value(value) get datetime is not: 1999-02-26T12:15:00 ... passed in 0.000s

  Scenario Outline: Driver processes values of type datetime correctly -- @1.10 
    Given typedb starts ... passed in 0.000s
    Given connection is open: false ... passed in 0.000s
    Given connection opens with default authentication ... passed in 0.172s
    Given connection is open: true ... passed in 0.000s
    Given connection has 0 databases ... passed in 0.002s
    Given connection create database: typedb ... passed in 0.043s
    Given connection has database: typedb ... passed in 0.002s
    Given connection open schema transaction for database: typedb ... passed in 0.002s
    Given typeql schema query ... passed in 0.005s
      """
      define entity person, owns typed; attribute typed, value datetime;
      """
    Given transaction commits ... passed in 0.015s
    Given connection open write transaction for database: typedb ... passed in 0.004s
    Given typeql write query ... passed in 0.004s
      """
      insert $p isa person, has typed 1999-02-26T12:15:05.000000001;
      """
    When get answers of typeql read query ... passed in 0.005s
      """
      match $_ isa person, has typed $v;
      let $value = $v;
      """
    Then answer type is: concept rows ... passed in 0.000s
    Then answer query type is: read ... passed in 0.000s
    Then answer size is: 1 ... passed in 0.001s
    Then answer get row(0) get variable(value) is type: false ... passed in 0.000s
    Then answer get row(0) get variable(value) is instance: false ... passed in 0.000s
    Then answer get row(0) get variable(value) is value: true ... passed in 0.000s
    Then answer get row(0) get variable(value) is entity type: false ... passed in 0.000s
    Then answer get row(0) get variable(value) is relation type: false ... passed in 0.000s
    Then answer get row(0) get variable(value) is attribute type: false ... passed in 0.000s
    Then answer get row(0) get variable(value) is role type: false ... passed in 0.000s
    Then answer get row(0) get variable(value) is entity: false ... passed in 0.000s
    Then answer get row(0) get variable(value) is relation: false ... passed in 0.000s
    Then answer get row(0) get variable(value) is attribute: false ... passed in 0.000s
    Then answer get row(0) get variable(value) try get iid is none ... passed in 0.000s
    Then answer get row(0) get variable(value) as value ... passed in 0.000s
    Then answer get row(0) get variable(value) get label: datetime ... passed in 0.000s
    Then answer get row(0) get value(value) get label: datetime ... passed in 0.000s
    Then answer get row(0) get value(value) try get value type: datetime ... passed in 0.000s
    Then answer get row(0) get value(value) get value type: datetime ... passed in 0.000s
    Then answer get row(0) get value(value) is boolean: false ... passed in 0.000s
    Then answer get row(0) get value(value) is integer: false ... passed in 0.000s
    Then answer get row(0) get value(value) is double: false ... passed in 0.000s
    Then answer get row(0) get value(value) is decimal: false ... passed in 0.000s
    Then answer get row(0) get value(value) is string: false ... passed in 0.000s
    Then answer get row(0) get value(value) is date: false ... passed in 0.000s
    Then answer get row(0) get value(value) is datetime: true ... passed in 0.000s
    Then answer get row(0) get value(value) is datetime-tz: false ... passed in 0.000s
    Then answer get row(0) get value(value) is duration: false ... passed in 0.000s
    Then answer get row(0) get value(value) is struct: false ... passed in 0.000s
    Then answer get row(0) get value(value) try get value is: 1999-02-26T12:15:05.000000001 ... passed in 0.000s
    Then answer get row(0) get value(value) try get datetime is: 1999-02-26T12:15:05.000000001 ... passed in 0.000s
    Then answer get row(0) get value(value) try get value is not: 1999-02-26T12:15:05.000000010 ... passed in 0.000s
    Then answer get row(0) get value(value) try get datetime is not: 1999-02-26T12:15:05.000000010 ... passed in 0.000s
    Then answer get row(0) get value(value) get is: 1999-02-26T12:15:05.000000001 ... passed in 0.000s
    Then answer get row(0) get value(value) get datetime is: 1999-02-26T12:15:05.000000001 ... passed in 0.000s
    Then answer get row(0) get value(value) get is not: 1999-02-26T12:15:05.000000010 ... passed in 0.000s
    Then answer get row(0) get value(value) get datetime is not: 1999-02-26T12:15:05.000000010 ... passed in 0.000s

  Scenario Outline: Driver processes values of type datetime-tz correctly -- @1.11 
    Given typedb starts ... passed in 0.000s
    Given connection is open: false ... passed in 0.000s
    Given connection opens with default authentication ... passed in 0.188s
    Given connection is open: true ... passed in 0.000s
    Given connection has 0 databases ... passed in 0.002s
    Given connection create database: typedb ... passed in 0.050s
    Given connection has database: typedb ... passed in 0.002s
    Given connection open schema transaction for database: typedb ... passed in 0.002s
    Given typeql schema query ... passed in 0.005s
      """
      define entity person, owns typed; attribute typed, value datetime-tz;
      """
    Given transaction commits ... passed in 0.010s
    Given connection open write transaction for database: typedb ... passed in 0.006s
    Given typeql write query ... passed in 0.004s
      """
      insert $p isa person, has typed 2024-09-20T16:40:05 America/New_York;
      """
    When get answers of typeql read query ... passed in 0.004s
      """
      match $_ isa person, has typed $v;
      let $value = $v;
      """
    Then answer type is: concept rows ... passed in 0.000s
    Then answer query type is: read ... passed in 0.000s
    Then answer size is: 1 ... passed in 0.001s
    Then answer get row(0) get variable(value) is type: false ... passed in 0.000s
    Then answer get row(0) get variable(value) is instance: false ... passed in 0.000s
    Then answer get row(0) get variable(value) is value: true ... passed in 0.000s
    Then answer get row(0) get variable(value) is entity type: false ... passed in 0.000s
    Then answer get row(0) get variable(value) is relation type: false ... passed in 0.000s
    Then answer get row(0) get variable(value) is attribute type: false ... passed in 0.000s
    Then answer get row(0) get variable(value) is role type: false ... passed in 0.000s
    Then answer get row(0) get variable(value) is entity: false ... passed in 0.000s
    Then answer get row(0) get variable(value) is relation: false ... passed in 0.000s
    Then answer get row(0) get variable(value) is attribute: false ... passed in 0.000s
    Then answer get row(0) get variable(value) try get iid is none ... passed in 0.000s
    Then answer get row(0) get variable(value) as value ... passed in 0.000s
    Then answer get row(0) get variable(value) get label: datetime-tz ... passed in 0.000s
    Then answer get row(0) get value(value) get label: datetime-tz ... passed in 0.000s
    Then answer get row(0) get value(value) try get value type: datetime-tz ... passed in 0.000s
    Then answer get row(0) get value(value) get value type: datetime-tz ... passed in 0.000s
    Then answer get row(0) get value(value) is boolean: false ... passed in 0.000s
    Then answer get row(0) get value(value) is integer: false ... passed in 0.000s
    Then answer get row(0) get value(value) is double: false ... passed in 0.000s
    Then answer get row(0) get value(value) is decimal: false ... passed in 0.000s
    Then answer get row(0) get value(value) is string: false ... passed in 0.000s
    Then answer get row(0) get value(value) is date: false ... passed in 0.000s
    Then answer get row(0) get value(value) is datetime: false ... passed in 0.000s
    Then answer get row(0) get value(value) is datetime-tz: true ... passed in 0.000s
    Then answer get row(0) get value(value) is duration: false ... passed in 0.000s
    Then answer get row(0) get value(value) is struct: false ... passed in 0.000s
    Then answer get row(0) get value(value) try get value is: 2024-09-20T16:40:05 America/New_York ... passed in 0.000s
    Then answer get row(0) get value(value) try get datetime-tz is: 2024-09-20T16:40:05 America/New_York ... passed in 0.000s
    Then answer get row(0) get value(value) try get value is not: 2024-06-20T15:40:05 America/New_York ... passed in 0.000s
    Then answer get row(0) get value(value) try get datetime-tz is not: 2024-06-20T15:40:05 America/New_York ... passed in 0.000s
    Then answer get row(0) get value(value) get is: 2024-09-20T16:40:05 America/New_York ... passed in 0.000s
    Then answer get row(0) get value(value) get datetime-tz is: 2024-09-20T16:40:05 America/New_York ... passed in 0.000s
    Then answer get row(0) get value(value) get is not: 2024-06-20T15:40:05 America/New_York ... passed in 0.000s
    Then answer get row(0) get value(value) get datetime-tz is not: 2024-06-20T15:40:05 America/New_York ... passed in 0.000s

  Scenario Outline: Driver processes values of type datetime-tz correctly -- @1.12 
    Given typedb starts ... passed in 0.000s
    Given connection is open: false ... passed in 0.000s
    Given connection opens with default authentication ... passed in 0.158s
    Given connection is open: true ... passed in 0.000s
    Given connection has 0 databases ... passed in 0.002s
    Given connection create database: typedb ... passed in 0.043s
    Given connection has database: typedb ... passed in 0.001s
    Given connection open schema transaction for database: typedb ... passed in 0.002s
    Given typeql schema query ... passed in 0.010s
      """
      define entity person, owns typed; attribute typed, value datetime-tz;
      """
    Given transaction commits ... passed in 0.012s
    Given connection open write transaction for database: typedb ... passed in 0.004s
    Given typeql write query ... passed in 0.004s
      """
      insert $p isa person, has typed 2024-09-20T16:40:05.000000001 Europe/London;
      """
    When get answers of typeql read query ... passed in 0.005s
      """
      match $_ isa person, has typed $v;
      let $value = $v;
      """
    Then answer type is: concept rows ... passed in 0.000s
    Then answer query type is: read ... passed in 0.000s
    Then answer size is: 1 ... passed in 0.001s
    Then answer get row(0) get variable(value) is type: false ... passed in 0.000s
    Then answer get row(0) get variable(value) is instance: false ... passed in 0.000s
    Then answer get row(0) get variable(value) is value: true ... passed in 0.000s
    Then answer get row(0) get variable(value) is entity type: false ... passed in 0.000s
    Then answer get row(0) get variable(value) is relation type: false ... passed in 0.000s
    Then answer get row(0) get variable(value) is attribute type: false ... passed in 0.000s
    Then answer get row(0) get variable(value) is role type: false ... passed in 0.000s
    Then answer get row(0) get variable(value) is entity: false ... passed in 0.000s
    Then answer get row(0) get variable(value) is relation: false ... passed in 0.000s
    Then answer get row(0) get variable(value) is attribute: false ... passed in 0.000s
    Then answer get row(0) get variable(value) try get iid is none ... passed in 0.000s
    Then answer get row(0) get variable(value) as value ... passed in 0.000s
    Then answer get row(0) get variable(value) get label: datetime-tz ... passed in 0.000s
    Then answer get row(0) get value(value) get label: datetime-tz ... passed in 0.000s
    Then answer get row(0) get value(value) try get value type: datetime-tz ... passed in 0.000s
    Then answer get row(0) get value(value) get value type: datetime-tz ... passed in 0.000s
    Then answer get row(0) get value(value) is boolean: false ... passed in 0.000s
    Then answer get row(0) get value(value) is integer: false ... passed in 0.000s
    Then answer get row(0) get value(value) is double: false ... passed in 0.000s
    Then answer get row(0) get value(value) is decimal: false ... passed in 0.000s
    Then answer get row(0) get value(value) is string: false ... passed in 0.000s
    Then answer get row(0) get value(value) is date: false ... passed in 0.000s
    Then answer get row(0) get value(value) is datetime: false ... passed in 0.000s
    Then answer get row(0) get value(value) is datetime-tz: true ... passed in 0.000s
    Then answer get row(0) get value(value) is duration: false ... passed in 0.000s
    Then answer get row(0) get value(value) is struct: false ... passed in 0.000s
    Then answer get row(0) get value(value) try get value is: 2024-09-20T16:40:05.000000001 Europe/London ... passed in 0.000s
    Then answer get row(0) get value(value) try get datetime-tz is: 2024-09-20T16:40:05.000000001 Europe/London ... passed in 0.000s
    Then answer get row(0) get value(value) try get value is not: 2024-09-20T16:40:05.000000001 UTC ... passed in 0.000s
    Then answer get row(0) get value(value) try get datetime-tz is not: 2024-09-20T16:40:05.000000001 UTC ... passed in 0.000s
    Then answer get row(0) get value(value) get is: 2024-09-20T16:40:05.000000001 Europe/London ... passed in 0.000s
    Then answer get row(0) get value(value) get datetime-tz is: 2024-09-20T16:40:05.000000001 Europe/London ... passed in 0.000s
    Then answer get row(0) get value(value) get is not: 2024-09-20T16:40:05.000000001 UTC ... passed in 0.000s
    Then answer get row(0) get value(value) get datetime-tz is not: 2024-09-20T16:40:05.000000001 UTC ... passed in 0.000s

  Scenario Outline: Driver processes values of type datetime-tz correctly -- @1.13 
    Given typedb starts ... passed in 0.000s
    Given connection is open: false ... passed in 0.000s
    Given connection opens with default authentication ... passed in 0.160s
    Given connection is open: true ... passed in 0.000s
    Given connection has 0 databases ... passed in 0.002s
    Given connection create database: typedb ... passed in 0.040s
    Given connection has database: typedb ... passed in 0.002s
    Given connection open schema transaction for database: typedb ... passed in 0.002s
    Given typeql schema query ... passed in 0.009s
      """
      define entity person, owns typed; attribute typed, value datetime-tz;
      """
    Given transaction commits ... passed in 0.013s
    Given connection open write transaction for database: typedb ... passed in 0.002s
    Given typeql write query ... passed in 0.005s
      """
      insert $p isa person, has typed 2024-09-20T16:40:05.000000001 Europe/Belfast;
      """
    When get answers of typeql read query ... passed in 0.004s
      """
      match $_ isa person, has typed $v;
      let $value = $v;
      """
    Then answer type is: concept rows ... passed in 0.000s
    Then answer query type is: read ... passed in 0.000s
    Then answer size is: 1 ... passed in 0.000s
    Then answer get row(0) get variable(value) is type: false ... passed in 0.000s
    Then answer get row(0) get variable(value) is instance: false ... passed in 0.000s
    Then answer get row(0) get variable(value) is value: true ... passed in 0.000s
    Then answer get row(0) get variable(value) is entity type: false ... passed in 0.000s
    Then answer get row(0) get variable(value) is relation type: false ... passed in 0.000s
    Then answer get row(0) get variable(value) is attribute type: false ... passed in 0.000s
    Then answer get row(0) get variable(value) is role type: false ... passed in 0.000s
    Then answer get row(0) get variable(value) is entity: false ... passed in 0.000s
    Then answer get row(0) get variable(value) is relation: false ... passed in 0.000s
    Then answer get row(0) get variable(value) is attribute: false ... passed in 0.000s
    Then answer get row(0) get variable(value) try get iid is none ... passed in 0.000s
    Then answer get row(0) get variable(value) as value ... passed in 0.000s
    Then answer get row(0) get variable(value) get label: datetime-tz ... passed in 0.000s
    Then answer get row(0) get value(value) get label: datetime-tz ... passed in 0.000s
    Then answer get row(0) get value(value) try get value type: datetime-tz ... passed in 0.000s
    Then answer get row(0) get value(value) get value type: datetime-tz ... passed in 0.000s
    Then answer get row(0) get value(value) is boolean: false ... passed in 0.000s
    Then answer get row(0) get value(value) is integer: false ... passed in 0.000s
    Then answer get row(0) get value(value) is double: false ... passed in 0.000s
    Then answer get row(0) get value(value) is decimal: false ... passed in 0.000s
    Then answer get row(0) get value(value) is string: false ... passed in 0.000s
    Then answer get row(0) get value(value) is date: false ... passed in 0.000s
    Then answer get row(0) get value(value) is datetime: false ... passed in 0.000s
    Then answer get row(0) get value(value) is datetime-tz: true ... passed in 0.000s
    Then answer get row(0) get value(value) is duration: false ... passed in 0.000s
    Then answer get row(0) get value(value) is struct: false ... passed in 0.000s
    Then answer get row(0) get value(value) try get value is: 2024-09-20T16:40:05.000000001 Europe/Belfast ... passed in 0.000s
    Then answer get row(0) get value(value) try get datetime-tz is: 2024-09-20T16:40:05.000000001 Europe/Belfast ... passed in 0.000s
    Then answer get row(0) get value(value) try get value is not: 2024-09-20T16:40:05 Europe/Belfast ... passed in 0.000s
    Then answer get row(0) get value(value) try get datetime-tz is not: 2024-09-20T16:40:05 Europe/Belfast ... passed in 0.000s
    Then answer get row(0) get value(value) get is: 2024-09-20T16:40:05.000000001 Europe/Belfast ... passed in 0.000s
    Then answer get row(0) get value(value) get datetime-tz is: 2024-09-20T16:40:05.000000001 Europe/Belfast ... passed in 0.000s
    Then answer get row(0) get value(value) get is not: 2024-09-20T16:40:05 Europe/Belfast ... passed in 0.000s
    Then answer get row(0) get value(value) get datetime-tz is not: 2024-09-20T16:40:05 Europe/Belfast ... passed in 0.000s

  Scenario Outline: Driver processes values of type datetime-tz correctly -- @1.14 
    Given typedb starts ... passed in 0.000s
    Given connection is open: false ... passed in 0.000s
    Given connection opens with default authentication ... passed in 0.165s
    Given connection is open: true ... passed in 0.000s
    Given connection has 0 databases ... passed in 0.002s
    Given connection create database: typedb ... passed in 0.047s
    Given connection has database: typedb ... passed in 0.002s
    Given connection open schema transaction for database: typedb ... passed in 0.003s
    Given typeql schema query ... passed in 0.009s
      """
      define entity person, owns typed; attribute typed, value datetime-tz;
      """
    Given transaction commits ... passed in 0.014s
    Given connection open write transaction for database: typedb ... passed in 0.002s
    Given typeql write query ... passed in 0.004s
      """
      insert $p isa person, has typed 2024-09-20T16:40:05.000000001+0100;
      """
    When get answers of typeql read query ... passed in 0.005s
      """
      match $_ isa person, has typed $v;
      let $value = $v;
      """
    Then answer type is: concept rows ... passed in 0.000s
    Then answer query type is: read ... passed in 0.000s
    Then answer size is: 1 ... passed in 0.001s
    Then answer get row(0) get variable(value) is type: false ... passed in 0.000s
    Then answer get row(0) get variable(value) is instance: false ... passed in 0.000s
    Then answer get row(0) get variable(value) is value: true ... passed in 0.000s
    Then answer get row(0) get variable(value) is entity type: false ... passed in 0.000s
    Then answer get row(0) get variable(value) is relation type: false ... passed in 0.000s
    Then answer get row(0) get variable(value) is attribute type: false ... passed in 0.000s
    Then answer get row(0) get variable(value) is role type: false ... passed in 0.000s
    Then answer get row(0) get variable(value) is entity: false ... passed in 0.000s
    Then answer get row(0) get variable(value) is relation: false ... passed in 0.000s
    Then answer get row(0) get variable(value) is attribute: false ... passed in 0.000s
    Then answer get row(0) get variable(value) try get iid is none ... passed in 0.000s
    Then answer get row(0) get variable(value) as value ... passed in 0.000s
    Then answer get row(0) get variable(value) get label: datetime-tz ... passed in 0.000s
    Then answer get row(0) get value(value) get label: datetime-tz ... passed in 0.000s
    Then answer get row(0) get value(value) try get value type: datetime-tz ... passed in 0.000s
    Then answer get row(0) get value(value) get value type: datetime-tz ... passed in 0.000s
    Then answer get row(0) get value(value) is boolean: false ... passed in 0.000s
    Then answer get row(0) get value(value) is integer: false ... passed in 0.000s
    Then answer get row(0) get value(value) is double: false ... passed in 0.000s
    Then answer get row(0) get value(value) is decimal: false ... passed in 0.000s
    Then answer get row(0) get value(value) is string: false ... passed in 0.000s
    Then answer get row(0) get value(value) is date: false ... passed in 0.000s
    Then answer get row(0) get value(value) is datetime: false ... passed in 0.000s
    Then answer get row(0) get value(value) is datetime-tz: true ... passed in 0.000s
    Then answer get row(0) get value(value) is duration: false ... passed in 0.000s
    Then answer get row(0) get value(value) is struct: false ... passed in 0.000s
    Then answer get row(0) get value(value) try get value is: 2024-09-20T16:40:05.000000001+0100 ... passed in 0.000s
    Then answer get row(0) get value(value) try get datetime-tz is: 2024-09-20T16:40:05.000000001+0100 ... passed in 0.000s
    Then answer get row(0) get value(value) try get value is not: 2024-09-20T16:40:05.000000001-0100 ... passed in 0.000s
    Then answer get row(0) get value(value) try get datetime-tz is not: 2024-09-20T16:40:05.000000001-0100 ... passed in 0.000s
    Then answer get row(0) get value(value) get is: 2024-09-20T16:40:05.000000001+0100 ... passed in 0.000s
    Then answer get row(0) get value(value) get datetime-tz is: 2024-09-20T16:40:05.000000001+0100 ... passed in 0.000s
    Then answer get row(0) get value(value) get is not: 2024-09-20T16:40:05.000000001-0100 ... passed in 0.000s
    Then answer get row(0) get value(value) get datetime-tz is not: 2024-09-20T16:40:05.000000001-0100 ... passed in 0.000s

  Scenario Outline: Driver processes values of type datetime-tz correctly -- @1.15 
    Given typedb starts ... passed in 0.000s
    Given connection is open: false ... passed in 0.000s
    Given connection opens with default authentication ... passed in 0.162s
    Given connection is open: true ... passed in 0.000s
    Given connection has 0 databases ... passed in 0.002s
    Given connection create database: typedb ... passed in 0.037s
    Given connection has database: typedb ... passed in 0.001s
    Given connection open schema transaction for database: typedb ... passed in 0.002s
    Given typeql schema query ... passed in 0.009s
      """
      define entity person, owns typed; attribute typed, value datetime-tz;
      """
    Given transaction commits ... passed in 0.012s
    Given connection open write transaction for database: typedb ... passed in 0.006s
    Given typeql write query ... passed in 0.005s
      """
      insert $p isa person, has typed 2024-09-20T16:40:05.000000001+1115;
      """
    When get answers of typeql read query ... passed in 0.004s
      """
      match $_ isa person, has typed $v;
      let $value = $v;
      """
    Then answer type is: concept rows ... passed in 0.000s
    Then answer query type is: read ... passed in 0.000s
    Then answer size is: 1 ... passed in 0.000s
    Then answer get row(0) get variable(value) is type: false ... passed in 0.000s
    Then answer get row(0) get variable(value) is instance: false ... passed in 0.000s
    Then answer get row(0) get variable(value) is value: true ... passed in 0.000s
    Then answer get row(0) get variable(value) is entity type: false ... passed in 0.000s
    Then answer get row(0) get variable(value) is relation type: false ... passed in 0.000s
    Then answer get row(0) get variable(value) is attribute type: false ... passed in 0.000s
    Then answer get row(0) get variable(value) is role type: false ... passed in 0.000s
    Then answer get row(0) get variable(value) is entity: false ... passed in 0.000s
    Then answer get row(0) get variable(value) is relation: false ... passed in 0.000s
    Then answer get row(0) get variable(value) is attribute: false ... passed in 0.000s
    Then answer get row(0) get variable(value) try get iid is none ... passed in 0.000s
    Then answer get row(0) get variable(value) as value ... passed in 0.000s
    Then answer get row(0) get variable(value) get label: datetime-tz ... passed in 0.000s
    Then answer get row(0) get value(value) get label: datetime-tz ... passed in 0.000s
    Then answer get row(0) get value(value) try get value type: datetime-tz ... passed in 0.000s
    Then answer get row(0) get value(value) get value type: datetime-tz ... passed in 0.000s
    Then answer get row(0) get value(value) is boolean: false ... passed in 0.000s
    Then answer get row(0) get value(value) is integer: false ... passed in 0.000s
    Then answer get row(0) get value(value) is double: false ... passed in 0.000s
    Then answer get row(0) get value(value) is decimal: false ... passed in 0.000s
    Then answer get row(0) get value(value) is string: false ... passed in 0.000s
    Then answer get row(0) get value(value) is date: false ... passed in 0.000s
    Then answer get row(0) get value(value) is datetime: false ... passed in 0.000s
    Then answer get row(0) get value(value) is datetime-tz: true ... passed in 0.000s
    Then answer get row(0) get value(value) is duration: false ... passed in 0.000s
    Then answer get row(0) get value(value) is struct: false ... passed in 0.000s
    Then answer get row(0) get value(value) try get value is: 2024-09-20T16:40:05.000000001+1115 ... passed in 0.000s
    Then answer get row(0) get value(value) try get datetime-tz is: 2024-09-20T16:40:05.000000001+1115 ... passed in 0.000s
    Then answer get row(0) get value(value) try get value is not: 2024-09-20T16:40:05.000000001+0000 ... passed in 0.000s
    Then answer get row(0) get value(value) try get datetime-tz is not: 2024-09-20T16:40:05.000000001+0000 ... passed in 0.000s
    Then answer get row(0) get value(value) get is: 2024-09-20T16:40:05.000000001+1115 ... passed in 0.000s
    Then answer get row(0) get value(value) get datetime-tz is: 2024-09-20T16:40:05.000000001+1115 ... passed in 0.000s
    Then answer get row(0) get value(value) get is not: 2024-09-20T16:40:05.000000001+0000 ... passed in 0.000s
    Then answer get row(0) get value(value) get datetime-tz is not: 2024-09-20T16:40:05.000000001+0000 ... passed in 0.000s

  Scenario Outline: Driver processes values of type datetime-tz correctly -- @1.16 
    Given typedb starts ... passed in 0.000s
    Given connection is open: false ... passed in 0.000s
    Given connection opens with default authentication ... passed in 0.157s
    Given connection is open: true ... passed in 0.000s
    Given connection has 0 databases ... passed in 0.002s
    Given connection create database: typedb ... passed in 0.030s
    Given connection has database: typedb ... passed in 0.001s
    Given connection open schema transaction for database: typedb ... passed in 0.002s
    Given typeql schema query ... passed in 0.008s
      """
      define entity person, owns typed; attribute typed, value datetime-tz;
      """
    Given transaction commits ... passed in 0.011s
    Given connection open write transaction for database: typedb ... passed in 0.008s
    Given typeql write query ... passed in 0.005s
      """
      insert $p isa person, has typed 2024-09-20T16:40:05.000000001+0000;
      """
    When get answers of typeql read query ... passed in 0.005s
      """
      match $_ isa person, has typed $v;
      let $value = $v;
      """
    Then answer type is: concept rows ... passed in 0.000s
    Then answer query type is: read ... passed in 0.000s
    Then answer size is: 1 ... passed in 0.001s
    Then answer get row(0) get variable(value) is type: false ... passed in 0.000s
    Then answer get row(0) get variable(value) is instance: false ... passed in 0.000s
    Then answer get row(0) get variable(value) is value: true ... passed in 0.000s
    Then answer get row(0) get variable(value) is entity type: false ... passed in 0.000s
    Then answer get row(0) get variable(value) is relation type: false ... passed in 0.000s
    Then answer get row(0) get variable(value) is attribute type: false ... passed in 0.000s
    Then answer get row(0) get variable(value) is role type: false ... passed in 0.000s
    Then answer get row(0) get variable(value) is entity: false ... passed in 0.000s
    Then answer get row(0) get variable(value) is relation: false ... passed in 0.000s
    Then answer get row(0) get variable(value) is attribute: false ... passed in 0.000s
    Then answer get row(0) get variable(value) try get iid is none ... passed in 0.000s
    Then answer get row(0) get variable(value) as value ... passed in 0.000s
    Then answer get row(0) get variable(value) get label: datetime-tz ... passed in 0.000s
    Then answer get row(0) get value(value) get label: datetime-tz ... passed in 0.000s
    Then answer get row(0) get value(value) try get value type: datetime-tz ... passed in 0.000s
    Then answer get row(0) get value(value) get value type: datetime-tz ... passed in 0.000s
    Then answer get row(0) get value(value) is boolean: false ... passed in 0.000s
    Then answer get row(0) get value(value) is integer: false ... passed in 0.000s
    Then answer get row(0) get value(value) is double: false ... passed in 0.000s
    Then answer get row(0) get value(value) is decimal: false ... passed in 0.000s
    Then answer get row(0) get value(value) is string: false ... passed in 0.000s
    Then answer get row(0) get value(value) is date: false ... passed in 0.000s
    Then answer get row(0) get value(value) is datetime: false ... passed in 0.000s
    Then answer get row(0) get value(value) is datetime-tz: true ... passed in 0.000s
    Then answer get row(0) get value(value) is duration: false ... passed in 0.000s
    Then answer get row(0) get value(value) is struct: false ... passed in 0.000s
    Then answer get row(0) get value(value) try get value is: 2024-09-20T16:40:05.000000001+0000 ... passed in 0.000s
    Then answer get row(0) get value(value) try get datetime-tz is: 2024-09-20T16:40:05.000000001+0000 ... passed in 0.000s
    Then answer get row(0) get value(value) try get value is not: 2024-09-20T16:40:05+0000 ... passed in 0.000s
    Then answer get row(0) get value(value) try get datetime-tz is not: 2024-09-20T16:40:05+0000 ... passed in 0.000s
    Then answer get row(0) get value(value) get is: 2024-09-20T16:40:05.000000001+0000 ... passed in 0.000s
    Then answer get row(0) get value(value) get datetime-tz is: 2024-09-20T16:40:05.000000001+0000 ... passed in 0.000s
    Then answer get row(0) get value(value) get is not: 2024-09-20T16:40:05+0000 ... passed in 0.000s
    Then answer get row(0) get value(value) get datetime-tz is not: 2024-09-20T16:40:05+0000 ... passed in 0.000s

  Scenario Outline: Driver processes values of type duration correctly -- @1.17 
    Given typedb starts ... passed in 0.000s
    Given connection is open: false ... passed in 0.000s
    Given connection opens with default authentication ... passed in 0.162s
    Given connection is open: true ... passed in 0.000s
    Given connection has 0 databases ... passed in 0.002s
    Given connection create database: typedb ... passed in 0.041s
    Given connection has database: typedb ... passed in 0.001s
    Given connection open schema transaction for database: typedb ... passed in 0.002s
    Given typeql schema query ... passed in 0.008s
      """
      define entity person, owns typed; attribute typed, value duration;
      """
    Given transaction commits ... passed in 0.012s
    Given connection open write transaction for database: typedb ... passed in 0.002s
    Given typeql write query ... passed in 0.004s
      """
      insert $p isa person, has typed P1Y10M7DT15H44M5.00394892S;
      """
    When get answers of typeql read query ... passed in 0.004s
      """
      match $_ isa person, has typed $v;
      let $value = $v;
      """
    Then answer type is: concept rows ... passed in 0.000s
    Then answer query type is: read ... passed in 0.000s
    Then answer size is: 1 ... passed in 0.000s
    Then answer get row(0) get variable(value) is type: false ... passed in 0.000s
    Then answer get row(0) get variable(value) is instance: false ... passed in 0.000s
    Then answer get row(0) get variable(value) is value: true ... passed in 0.000s
    Then answer get row(0) get variable(value) is entity type: false ... passed in 0.000s
    Then answer get row(0) get variable(value) is relation type: false ... passed in 0.000s
    Then answer get row(0) get variable(value) is attribute type: false ... passed in 0.000s
    Then answer get row(0) get variable(value) is role type: false ... passed in 0.000s
    Then answer get row(0) get variable(value) is entity: false ... passed in 0.000s
    Then answer get row(0) get variable(value) is relation: false ... passed in 0.000s
    Then answer get row(0) get variable(value) is attribute: false ... passed in 0.000s
    Then answer get row(0) get variable(value) try get iid is none ... passed in 0.000s
    Then answer get row(0) get variable(value) as value ... passed in 0.000s
    Then answer get row(0) get variable(value) get label: duration ... passed in 0.000s
    Then answer get row(0) get value(value) get label: duration ... passed in 0.000s
    Then answer get row(0) get value(value) try get value type: duration ... passed in 0.000s
    Then answer get row(0) get value(value) get value type: duration ... passed in 0.000s
    Then answer get row(0) get value(value) is boolean: false ... passed in 0.000s
    Then answer get row(0) get value(value) is integer: false ... passed in 0.000s
    Then answer get row(0) get value(value) is double: false ... passed in 0.000s
    Then answer get row(0) get value(value) is decimal: false ... passed in 0.000s
    Then answer get row(0) get value(value) is string: false ... passed in 0.000s
    Then answer get row(0) get value(value) is date: false ... passed in 0.000s
    Then answer get row(0) get value(value) is datetime: false ... passed in 0.000s
    Then answer get row(0) get value(value) is datetime-tz: false ... passed in 0.000s
    Then answer get row(0) get value(value) is duration: true ... passed in 0.000s
    Then answer get row(0) get value(value) is struct: false ... passed in 0.000s
    Then answer get row(0) get value(value) try get value is: P1Y10M7DT15H44M5.00394892S ... passed in 0.000s
    Then answer get row(0) get value(value) try get duration is: P1Y10M7DT15H44M5.00394892S ... passed in 0.000s
    Then answer get row(0) get value(value) try get value is not: P1Y10M7DT15H44M5.0394892S ... passed in 0.000s
    Then answer get row(0) get value(value) try get duration is not: P1Y10M7DT15H44M5.0394892S ... passed in 0.000s
    Then answer get row(0) get value(value) get is: P1Y10M7DT15H44M5.00394892S ... passed in 0.000s
    Then answer get row(0) get value(value) get duration is: P1Y10M7DT15H44M5.00394892S ... passed in 0.000s
    Then answer get row(0) get value(value) get is not: P1Y10M7DT15H44M5.0394892S ... passed in 0.000s
    Then answer get row(0) get value(value) get duration is not: P1Y10M7DT15H44M5.0394892S ... passed in 0.000s

  Scenario Outline: Driver processes values of type duration correctly -- @1.18 
    Given typedb starts ... passed in 0.000s
    Given connection is open: false ... passed in 0.000s
    Given connection opens with default authentication ... passed in 0.161s
    Given connection is open: true ... passed in 0.000s
    Given connection has 0 databases ... passed in 0.002s
    Given connection create database: typedb ... passed in 0.044s
    Given connection has database: typedb ... passed in 0.002s
    Given connection open schema transaction for database: typedb ... passed in 0.002s
    Given typeql schema query ... passed in 0.009s
      """
      define entity person, owns typed; attribute typed, value duration;
      """
    Given transaction commits ... passed in 0.011s
    Given connection open write transaction for database: typedb ... passed in 0.002s
    Given typeql write query ... passed in 0.006s
      """
      insert $p isa person, has typed P66W;
      """
    When get answers of typeql read query ... passed in 0.004s
      """
      match $_ isa person, has typed $v;
      let $value = $v;
      """
    Then answer type is: concept rows ... passed in 0.000s
    Then answer query type is: read ... passed in 0.000s
    Then answer size is: 1 ... passed in 0.000s
    Then answer get row(0) get variable(value) is type: false ... passed in 0.000s
    Then answer get row(0) get variable(value) is instance: false ... passed in 0.000s
    Then answer get row(0) get variable(value) is value: true ... passed in 0.000s
    Then answer get row(0) get variable(value) is entity type: false ... passed in 0.000s
    Then answer get row(0) get variable(value) is relation type: false ... passed in 0.000s
    Then answer get row(0) get variable(value) is attribute type: false ... passed in 0.000s
    Then answer get row(0) get variable(value) is role type: false ... passed in 0.000s
    Then answer get row(0) get variable(value) is entity: false ... passed in 0.000s
    Then answer get row(0) get variable(value) is relation: false ... passed in 0.000s
    Then answer get row(0) get variable(value) is attribute: false ... passed in 0.000s
    Then answer get row(0) get variable(value) try get iid is none ... passed in 0.000s
    Then answer get row(0) get variable(value) as value ... passed in 0.000s
    Then answer get row(0) get variable(value) get label: duration ... passed in 0.000s
    Then answer get row(0) get value(value) get label: duration ... passed in 0.000s
    Then answer get row(0) get value(value) try get value type: duration ... passed in 0.000s
    Then answer get row(0) get value(value) get value type: duration ... passed in 0.000s
    Then answer get row(0) get value(value) is boolean: false ... passed in 0.000s
    Then answer get row(0) get value(value) is integer: false ... passed in 0.000s
    Then answer get row(0) get value(value) is double: false ... passed in 0.000s
    Then answer get row(0) get value(value) is decimal: false ... passed in 0.000s
    Then answer get row(0) get value(value) is string: false ... passed in 0.000s
    Then answer get row(0) get value(value) is date: false ... passed in 0.000s
    Then answer get row(0) get value(value) is datetime: false ... passed in 0.000s
    Then answer get row(0) get value(value) is datetime-tz: false ... passed in 0.000s
    Then answer get row(0) get value(value) is duration: true ... passed in 0.000s
    Then answer get row(0) get value(value) is struct: false ... passed in 0.000s
    Then answer get row(0) get value(value) try get value is: P66W ... passed in 0.000s
    Then answer get row(0) get value(value) try get duration is: P66W ... passed in 0.000s
    Then answer get row(0) get value(value) try get value is not: P67W ... passed in 0.000s
    Then answer get row(0) get value(value) try get duration is not: P67W ... passed in 0.000s
    Then answer get row(0) get value(value) get is: P66W ... passed in 0.000s
    Then answer get row(0) get value(value) get duration is: P66W ... passed in 0.000s
    Then answer get row(0) get value(value) get is not: P67W ... passed in 0.000s
    Then answer get row(0) get value(value) get duration is not: P67W ... passed in 0.000s

  Scenario Outline: Driver processes values in concept documents correctly -- @1.1 
    Given typedb starts ... passed in 0.000s
    Given connection is open: false ... passed in 0.000s
    Given connection opens with default authentication ... passed in 0.178s
    Given connection is open: true ... passed in 0.000s
    Given connection has 0 databases ... passed in 0.002s
    Given connection create database: typedb ... passed in 0.044s
    Given connection has database: typedb ... passed in 0.002s
    Given connection open schema transaction for database: typedb ... passed in 0.002s
    Given typeql schema query ... passed in 0.008s
      """
      define entity person, owns typed;
      attribute typed, value boolean;
      """
    Given transaction commits ... passed in 0.019s
    Given connection open write transaction for database: typedb ... passed in 0.002s
    Given typeql write query ... passed in 0.004s
      """
      insert $p isa person, has typed true;
      """
    When get answers of typeql read query ... passed in 0.005s
      """
      match $_ isa person, has $a;
      fetch { "a": $a };
      """
    Then answer type is: concept documents ... passed in 0.000s
    Then answer query type is: read ... passed in 0.000s
    Then answer size is: 1 ... passed in 0.000s
    Then answer contains document ... passed in 0.000s
      """
      { "a": true }
      """
    Then answer does not contain document ... passed in 0.000s
      """
      { "a": false }
      """
    When get answers of typeql read query ... passed in 0.005s
      """
      match $_ isa person, has $a; let $v = $a;
      fetch { "v": $v };
      """
    Then answer type is: concept documents ... passed in 0.000s
    Then answer query type is: read ... passed in 0.000s
    Then answer size is: 1 ... passed in 0.000s
    Then answer contains document ... passed in 0.000s
      """
      { "v": true }
      """
    Then answer does not contain document ... passed in 0.000s
      """
      { "v": false }
      """

  Scenario Outline: Driver processes values in concept documents correctly -- @1.2 
    Given typedb starts ... passed in 0.000s
    Given connection is open: false ... passed in 0.000s
    Given connection opens with default authentication ... passed in 0.193s
    Given connection is open: true ... passed in 0.000s
    Given connection has 0 databases ... passed in 0.002s
    Given connection create database: typedb ... passed in 0.042s
    Given connection has database: typedb ... passed in 0.002s
    Given connection open schema transaction for database: typedb ... passed in 0.002s
    Given typeql schema query ... passed in 0.006s
      """
      define entity person, owns typed;
      attribute typed, value integer;
      """
    Given transaction commits ... passed in 0.012s
    Given connection open write transaction for database: typedb ... passed in 0.002s
    Given typeql write query ... passed in 0.004s
      """
      insert $p isa person, has typed 12345090;
      """
    When get answers of typeql read query ... passed in 0.004s
      """
      match $_ isa person, has $a;
      fetch { "a": $a };
      """
    Then answer type is: concept documents ... passed in 0.000s
    Then answer query type is: read ... passed in 0.000s
    Then answer size is: 1 ... passed in 0.000s
    Then answer contains document ... passed in 0.000s
      """
      { "a": 12345090 }
      """
    Then answer does not contain document ... passed in 0.000s
      """
      { "a": 0 }
      """
    When get answers of typeql read query ... passed in 0.004s
      """
      match $_ isa person, has $a; let $v = $a;
      fetch { "v": $v };
      """
    Then answer type is: concept documents ... passed in 0.000s
    Then answer query type is: read ... passed in 0.000s
    Then answer size is: 1 ... passed in 0.000s
    Then answer contains document ... passed in 0.000s
      """
      { "v": 12345090 }
      """
    Then answer does not contain document ... passed in 0.000s
      """
      { "v": 0 }
      """

  Scenario Outline: Driver processes values in concept documents correctly -- @1.3 
    Given typedb starts ... passed in 0.000s
    Given connection is open: false ... passed in 0.000s
    Given connection opens with default authentication ... passed in 0.176s
    Given connection is open: true ... passed in 0.000s
    Given connection has 0 databases ... passed in 0.002s
    Given connection create database: typedb ... passed in 0.047s
    Given connection has database: typedb ... passed in 0.002s
    Given connection open schema transaction for database: typedb ... passed in 0.002s
    Given typeql schema query ... passed in 0.008s
      """
      define entity person, owns typed;
      attribute typed, value double;
      """
    Given transaction commits ... passed in 0.013s
    Given connection open write transaction for database: typedb ... passed in 0.002s
    Given typeql write query ... passed in 0.004s
      """
      insert $p isa person, has typed 0.0000000001;
      """
    When get answers of typeql read query ... passed in 0.004s
      """
      match $_ isa person, has $a;
      fetch { "a": $a };
      """
    Then answer type is: concept documents ... passed in 0.000s
    Then answer query type is: read ... passed in 0.000s
    Then answer size is: 1 ... passed in 0.000s
    Then answer contains document ... passed in 0.000s
      """
      { "a": 0.0000000001 }
      """
    Then answer does not contain document ... passed in 0.000s
      """
      { "a": 0.000000001 }
      """
    When get answers of typeql read query ... passed in 0.004s
      """
      match $_ isa person, has $a; let $v = $a;
      fetch { "v": $v };
      """
    Then answer type is: concept documents ... passed in 0.000s
    Then answer query type is: read ... passed in 0.000s
    Then answer size is: 1 ... passed in 0.000s
    Then answer contains document ... passed in 0.000s
      """
      { "v": 0.0000000001 }
      """
    Then answer does not contain document ... passed in 0.000s
      """
      { "v": 0.000000001 }
      """

  Scenario Outline: Driver processes values in concept documents correctly -- @1.4 
    Given typedb starts ... passed in 0.000s
    Given connection is open: false ... passed in 0.000s
    Given connection opens with default authentication ... passed in 0.191s
    Given connection is open: true ... passed in 0.000s
    Given connection has 0 databases ... passed in 0.002s
    Given connection create database: typedb ... passed in 0.056s
    Given connection has database: typedb ... passed in 0.002s
    Given connection open schema transaction for database: typedb ... passed in 0.002s
    Given typeql schema query ... passed in 0.007s
      """
      define entity person, owns typed;
      attribute typed, value double;
      """
    Given transaction commits ... passed in 0.010s
    Given connection open write transaction for database: typedb ... passed in 0.015s
    Given typeql write query ... passed in 0.005s
      """
      insert $p isa person, has typed 2.01234567;
      """
    When get answers of typeql read query ... passed in 0.005s
      """
      match $_ isa person, has $a;
      fetch { "a": $a };
      """
    Then answer type is: concept documents ... passed in 0.000s
    Then answer query type is: read ... passed in 0.000s
    Then answer size is: 1 ... passed in 0.000s
    Then answer contains document ... passed in 0.000s
      """
      { "a": 2.01234567 }
      """
    Then answer does not contain document ... passed in 0.000s
      """
      { "a": 2.01234568 }
      """
    When get answers of typeql read query ... passed in 0.005s
      """
      match $_ isa person, has $a; let $v = $a;
      fetch { "v": $v };
      """
    Then answer type is: concept documents ... passed in 0.000s
    Then answer query type is: read ... passed in 0.000s
    Then answer size is: 1 ... passed in 0.000s
    Then answer contains document ... passed in 0.000s
      """
      { "v": 2.01234567 }
      """
    Then answer does not contain document ... passed in 0.000s
      """
      { "v": 2.01234568 }
      """

  Scenario Outline: Driver processes values in concept documents correctly -- @1.5 
    Given typedb starts ... passed in 0.000s
    Given connection is open: false ... passed in 0.000s
    Given connection opens with default authentication ... passed in 0.175s
    Given connection is open: true ... passed in 0.000s
    Given connection has 0 databases ... passed in 0.002s
    Given connection create database: typedb ... passed in 0.048s
    Given connection has database: typedb ... passed in 0.002s
    Given connection open schema transaction for database: typedb ... passed in 0.002s
    Given typeql schema query ... passed in 0.013s
      """
      define entity person, owns typed;
      attribute typed, value decimal;
      """
    Given transaction commits ... passed in 0.013s
    Given connection open write transaction for database: typedb ... passed in 0.007s
    Given typeql write query ... passed in 0.005s
      """
      insert $p isa person, has typed 1234567890.0001234567890dec;
      """
    When get answers of typeql read query ... passed in 0.006s
      """
      match $_ isa person, has $a;
      fetch { "a": $a };
      """
    Then answer type is: concept documents ... passed in 0.000s
    Then answer query type is: read ... passed in 0.000s
    Then answer size is: 1 ... passed in 0.000s
    Then answer contains document ... passed in 0.000s
      """
      { "a": "1234567890.000123456789dec" }
      """
    Then answer does not contain document ... passed in 0.000s
      """
      { "a": "1234567890.0001234567890dec" }
      """
    When get answers of typeql read query ... passed in 0.006s
      """
      match $_ isa person, has $a; let $v = $a;
      fetch { "v": $v };
      """
    Then answer type is: concept documents ... passed in 0.000s
    Then answer query type is: read ... passed in 0.000s
    Then answer size is: 1 ... passed in 0.000s
    Then answer contains document ... passed in 0.000s
      """
      { "v": "1234567890.000123456789dec" }
      """
    Then answer does not contain document ... passed in 0.000s
      """
      { "v": "1234567890.0001234567890dec" }
      """

  Scenario Outline: Driver processes values in concept documents correctly -- @1.6 
    Given typedb starts ... passed in 0.000s
    Given connection is open: false ... passed in 0.000s
    Given connection opens with default authentication ... passed in 0.171s
    Given connection is open: true ... passed in 0.000s
    Given connection has 0 databases ... passed in 0.002s
    Given connection create database: typedb ... passed in 0.043s
    Given connection has database: typedb ... passed in 0.002s
    Given connection open schema transaction for database: typedb ... passed in 0.002s
    Given typeql schema query ... passed in 0.008s
      """
      define entity person, owns typed;
      attribute typed, value decimal;
      """
    Given transaction commits ... passed in 0.012s
    Given connection open write transaction for database: typedb ... passed in 0.005s
    Given typeql write query ... passed in 0.005s
      """
      insert $p isa person, has typed 0.0000000000000000001dec;
      """
    When get answers of typeql read query ... passed in 0.004s
      """
      match $_ isa person, has $a;
      fetch { "a": $a };
      """
    Then answer type is: concept documents ... passed in 0.000s
    Then answer query type is: read ... passed in 0.000s
    Then answer size is: 1 ... passed in 0.001s
    Then answer contains document ... passed in 0.000s
      """
      { "a": "0.0000000000000000001dec" }
      """
    Then answer does not contain document ... passed in 0.000s
      """
      { "a": "0.000000000000000001dec" }
      """
    When get answers of typeql read query ... passed in 0.004s
      """
      match $_ isa person, has $a; let $v = $a;
      fetch { "v": $v };
      """
    Then answer type is: concept documents ... passed in 0.000s
    Then answer query type is: read ... passed in 0.000s
    Then answer size is: 1 ... passed in 0.000s
    Then answer contains document ... passed in 0.000s
      """
      { "v": "0.0000000000000000001dec" }
      """
    Then answer does not contain document ... passed in 0.000s
      """
      { "v": "0.000000000000000001dec" }
      """

  Scenario Outline: Driver processes values in concept documents correctly -- @1.7 
    Given typedb starts ... passed in 0.000s
    Given connection is open: false ... passed in 0.000s
    Given connection opens with default authentication ... passed in 0.164s
    Given connection is open: true ... passed in 0.000s
    Given connection has 0 databases ... passed in 0.002s
    Given connection create database: typedb ... passed in 0.040s
    Given connection has database: typedb ... passed in 0.002s
    Given connection open schema transaction for database: typedb ... passed in 0.002s
    Given typeql schema query ... passed in 0.009s
      """
      define entity person, owns typed;
      attribute typed, value string;
      """
    Given transaction commits ... passed in 0.012s
    Given connection open write transaction for database: typedb ... passed in 0.002s
    Given typeql write query ... passed in 0.004s
      """
      insert $p isa person, has typed "outPUT";
      """
    When get answers of typeql read query ... passed in 0.003s
      """
      match $_ isa person, has $a;
      fetch { "a": $a };
      """
    Then answer type is: concept documents ... passed in 0.000s
    Then answer query type is: read ... passed in 0.000s
    Then answer size is: 1 ... passed in 0.001s
    Then answer contains document ... passed in 0.000s
      """
      { "a": "outPUT" }
      """
    Then answer does not contain document ... passed in 0.000s
      """
      { "a": "output" }
      """
    When get answers of typeql read query ... passed in 0.003s
      """
      match $_ isa person, has $a; let $v = $a;
      fetch { "v": $v };
      """
    Then answer type is: concept documents ... passed in 0.000s
    Then answer query type is: read ... passed in 0.000s
    Then answer size is: 1 ... passed in 0.001s
    Then answer contains document ... passed in 0.000s
      """
      { "v": "outPUT" }
      """
    Then answer does not contain document ... passed in 0.000s
      """
      { "v": "output" }
      """

  Scenario Outline: Driver processes values in concept documents correctly -- @1.8 
    Given typedb starts ... passed in 0.000s
    Given connection is open: false ... passed in 0.000s
    Given connection opens with default authentication ... passed in 0.158s
    Given connection is open: true ... passed in 0.000s
    Given connection has 0 databases ... passed in 0.002s
    Given connection create database: typedb ... passed in 0.041s
    Given connection has database: typedb ... passed in 0.002s
    Given connection open schema transaction for database: typedb ... passed in 0.002s
    Given typeql schema query ... passed in 0.009s
      """
      define entity person, owns typed;
      attribute typed, value date;
      """
    Given transaction commits ... passed in 0.011s
    Given connection open write transaction for database: typedb ... passed in 0.007s
    Given typeql write query ... passed in 0.004s
      """
      insert $p isa person, has typed 2024-09-20;
      """
    When get answers of typeql read query ... passed in 0.003s
      """
      match $_ isa person, has $a;
      fetch { "a": $a };
      """
    Then answer type is: concept documents ... passed in 0.000s
    Then answer query type is: read ... passed in 0.000s
    Then answer size is: 1 ... passed in 0.000s
    Then answer contains document ... passed in 0.000s
      """
      { "a": "2024-09-20" }
      """
    Then answer does not contain document ... passed in 0.000s
      """
      { "a": "2025-09-20" }
      """
    When get answers of typeql read query ... passed in 0.003s
      """
      match $_ isa person, has $a; let $v = $a;
      fetch { "v": $v };
      """
    Then answer type is: concept documents ... passed in 0.000s
    Then answer query type is: read ... passed in 0.000s
    Then answer size is: 1 ... passed in 0.001s
    Then answer contains document ... passed in 0.000s
      """
      { "v": "2024-09-20" }
      """
    Then answer does not contain document ... passed in 0.000s
      """
      { "v": "2025-09-20" }
      """

  Scenario Outline: Driver processes values in concept documents correctly -- @1.9 
    Given typedb starts ... passed in 0.000s
    Given connection is open: false ... passed in 0.000s
    Given connection opens with default authentication ... passed in 0.159s
    Given connection is open: true ... passed in 0.000s
    Given connection has 0 databases ... passed in 0.002s
    Given connection create database: typedb ... passed in 0.043s
    Given connection has database: typedb ... passed in 0.002s
    Given connection open schema transaction for database: typedb ... passed in 0.002s
    Given typeql schema query ... passed in 0.008s
      """
      define entity person, owns typed;
      attribute typed, value datetime;
      """
    Given transaction commits ... passed in 0.011s
    Given connection open write transaction for database: typedb ... passed in 0.002s
    Given typeql write query ... passed in 0.004s
      """
      insert $p isa person, has typed 1999-02-26T12:15:05;
      """
    When get answers of typeql read query ... passed in 0.003s
      """
      match $_ isa person, has $a;
      fetch { "a": $a };
      """
    Then answer type is: concept documents ... passed in 0.000s
    Then answer query type is: read ... passed in 0.000s
    Then answer size is: 1 ... passed in 0.001s
    Then answer contains document ... passed in 0.000s
      """
      { "a": "1999-02-26T12:15:05.000000000" }
      """
    Then answer does not contain document ... passed in 0.000s
      """
      { "a": "1999-02-26T12:15:05" }
      """
    When get answers of typeql read query ... passed in 0.003s
      """
      match $_ isa person, has $a; let $v = $a;
      fetch { "v": $v };
      """
    Then answer type is: concept documents ... passed in 0.000s
    Then answer query type is: read ... passed in 0.000s
    Then answer size is: 1 ... passed in 0.001s
    Then answer contains document ... passed in 0.000s
      """
      { "v": "1999-02-26T12:15:05.000000000" }
      """
    Then answer does not contain document ... passed in 0.000s
      """
      { "v": "1999-02-26T12:15:05" }
      """

  Scenario Outline: Driver processes values in concept documents correctly -- @1.10 
    Given typedb starts ... passed in 0.000s
    Given connection is open: false ... passed in 0.000s
    Given connection opens with default authentication ... passed in 0.163s
    Given connection is open: true ... passed in 0.000s
    Given connection has 0 databases ... passed in 0.002s
    Given connection create database: typedb ... passed in 0.041s
    Given connection has database: typedb ... passed in 0.002s
    Given connection open schema transaction for database: typedb ... passed in 0.002s
    Given typeql schema query ... passed in 0.007s
      """
      define entity person, owns typed;
      attribute typed, value datetime;
      """
    Given transaction commits ... passed in 0.011s
    Given connection open write transaction for database: typedb ... passed in 0.002s
    Given typeql write query ... passed in 0.005s
      """
      insert $p isa person, has typed 1999-02-26T12:15:05.000000001;
      """
    When get answers of typeql read query ... passed in 0.004s
      """
      match $_ isa person, has $a;
      fetch { "a": $a };
      """
    Then answer type is: concept documents ... passed in 0.000s
    Then answer query type is: read ... passed in 0.000s
    Then answer size is: 1 ... passed in 0.000s
    Then answer contains document ... passed in 0.000s
      """
      { "a": "1999-02-26T12:15:05.000000001" }
      """
    Then answer does not contain document ... passed in 0.000s
      """
      { "a": "1999-02-26T12:15:05.000000000" }
      """
    When get answers of typeql read query ... passed in 0.004s
      """
      match $_ isa person, has $a; let $v = $a;
      fetch { "v": $v };
      """
    Then answer type is: concept documents ... passed in 0.000s
    Then answer query type is: read ... passed in 0.000s
    Then answer size is: 1 ... passed in 0.001s
    Then answer contains document ... passed in 0.000s
      """
      { "v": "1999-02-26T12:15:05.000000001" }
      """
    Then answer does not contain document ... passed in 0.000s
      """
      { "v": "1999-02-26T12:15:05.000000000" }
      """

  Scenario Outline: Driver processes values in concept documents correctly -- @1.11 
    Given typedb starts ... passed in 0.000s
    Given connection is open: false ... passed in 0.000s
    Given connection opens with default authentication ... passed in 0.160s
    Given connection is open: true ... passed in 0.000s
    Given connection has 0 databases ... passed in 0.002s
    Given connection create database: typedb ... passed in 0.040s
    Given connection has database: typedb ... passed in 0.002s
    Given connection open schema transaction for database: typedb ... passed in 0.002s
    Given typeql schema query ... passed in 0.008s
      """
      define entity person, owns typed;
      attribute typed, value datetime-tz;
      """
    Given transaction commits ... passed in 0.010s
    Given connection open write transaction for database: typedb ... passed in 0.002s
    Given typeql write query ... passed in 0.005s
      """
      insert $p isa person, has typed 2024-09-20T16:40:05.000000001 Europe/London;
      """
    When get answers of typeql read query ... passed in 0.004s
      """
      match $_ isa person, has $a;
      fetch { "a": $a };
      """
    Then answer type is: concept documents ... passed in 0.000s
    Then answer query type is: read ... passed in 0.000s
    Then answer size is: 1 ... passed in 0.001s
    Then answer contains document ... passed in 0.000s
      """
      { "a": "2024-09-20T16:40:05.000000001 Europe/London" }
      """
    Then answer does not contain document ... passed in 0.000s
      """
      { "a": "2024-09-20T16:40:05.000000001Europe/London" }
      """
    When get answers of typeql read query ... passed in 0.003s
      """
      match $_ isa person, has $a; let $v = $a;
      fetch { "v": $v };
      """
    Then answer type is: concept documents ... passed in 0.000s
    Then answer query type is: read ... passed in 0.000s
    Then answer size is: 1 ... passed in 0.001s
    Then answer contains document ... passed in 0.000s
      """
      { "v": "2024-09-20T16:40:05.000000001 Europe/London" }
      """
    Then answer does not contain document ... passed in 0.000s
      """
      { "v": "2024-09-20T16:40:05.000000001Europe/London" }
      """

  Scenario Outline: Driver processes values in concept documents correctly -- @1.12 
    Given typedb starts ... passed in 0.000s
    Given connection is open: false ... passed in 0.000s
    Given connection opens with default authentication ... passed in 0.156s
    Given connection is open: true ... passed in 0.000s
    Given connection has 0 databases ... passed in 0.002s
    Given connection create database: typedb ... passed in 0.044s
    Given connection has database: typedb ... passed in 0.001s
    Given connection open schema transaction for database: typedb ... passed in 0.002s
    Given typeql schema query ... passed in 0.008s
      """
      define entity person, owns typed;
      attribute typed, value datetime-tz;
      """
    Given transaction commits ... passed in 0.012s
    Given connection open write transaction for database: typedb ... passed in 0.002s
    Given typeql write query ... passed in 0.005s
      """
      insert $p isa person, has typed 2024-09-20T16:40:05.000000001+0100;
      """
    When get answers of typeql read query ... passed in 0.004s
      """
      match $_ isa person, has $a;
      fetch { "a": $a };
      """
    Then answer type is: concept documents ... passed in 0.000s
    Then answer query type is: read ... passed in 0.000s
    Then answer size is: 1 ... passed in 0.001s
    Then answer contains document ... passed in 0.000s
      """
      { "a": "2024-09-20T16:40:05.000000001+01:00" }
      """
    Then answer does not contain document ... passed in 0.000s
      """
      { "a": "2024-09-20T16:40:05.000000001+0100" }
      """
    When get answers of typeql read query ... passed in 0.004s
      """
      match $_ isa person, has $a; let $v = $a;
      fetch { "v": $v };
      """
    Then answer type is: concept documents ... passed in 0.000s
    Then answer query type is: read ... passed in 0.000s
    Then answer size is: 1 ... passed in 0.000s
    Then answer contains document ... passed in 0.000s
      """
      { "v": "2024-09-20T16:40:05.000000001+01:00" }
      """
    Then answer does not contain document ... passed in 0.000s
      """
      { "v": "2024-09-20T16:40:05.000000001+0100" }
      """

  Scenario Outline: Driver processes values in concept documents correctly -- @1.13 
    Given typedb starts ... passed in 0.000s
    Given connection is open: false ... passed in 0.000s
    Given connection opens with default authentication ... passed in 0.159s
    Given connection is open: true ... passed in 0.000s
    Given connection has 0 databases ... passed in 0.002s
    Given connection create database: typedb ... passed in 0.041s
    Given connection has database: typedb ... passed in 0.001s
    Given connection open schema transaction for database: typedb ... passed in 0.002s
    Given typeql schema query ... passed in 0.009s
      """
      define entity person, owns typed;
      attribute typed, value duration;
      """
    Given transaction commits ... passed in 0.010s
    Given connection open write transaction for database: typedb ... passed in 0.002s
    Given typeql write query ... passed in 0.004s
      """
      insert $p isa person, has typed P1Y10M7DT15H44M5.00394892S;
      """
    When get answers of typeql read query ... passed in 0.003s
      """
      match $_ isa person, has $a;
      fetch { "a": $a };
      """
    Then answer type is: concept documents ... passed in 0.000s
    Then answer query type is: read ... passed in 0.000s
    Then answer size is: 1 ... passed in 0.001s
    Then answer contains document ... passed in 0.000s
      """
      { "a": "P1Y10M7DT15H44M5.003948920S" }
      """
    Then answer does not contain document ... passed in 0.000s
      """
      { "a": "P1Y10M7DT15H44M5.00394892S" }
      """
    When get answers of typeql read query ... passed in 0.003s
      """
      match $_ isa person, has $a; let $v = $a;
      fetch { "v": $v };
      """
    Then answer type is: concept documents ... passed in 0.000s
    Then answer query type is: read ... passed in 0.000s
    Then answer size is: 1 ... passed in 0.001s
    Then answer contains document ... passed in 0.000s
      """
      { "v": "P1Y10M7DT15H44M5.003948920S" }
      """
    Then answer does not contain document ... passed in 0.000s
      """
      { "v": "P1Y10M7DT15H44M5.00394892S" }
      """

  Scenario Outline: Driver processes values in concept documents correctly -- @1.14 
    Given typedb starts ... passed in 0.000s
    Given connection is open: false ... passed in 0.000s
    Given connection opens with default authentication ... passed in 0.158s
    Given connection is open: true ... passed in 0.000s
    Given connection has 0 databases ... passed in 0.002s
    Given connection create database: typedb ... passed in 0.046s
    Given connection has database: typedb ... passed in 0.001s
    Given connection open schema transaction for database: typedb ... passed in 0.002s
    Given typeql schema query ... passed in 0.009s
      """
      define entity person, owns typed;
      attribute typed, value duration;
      """
    Given transaction commits ... passed in 0.012s
    Given connection open write transaction for database: typedb ... passed in 0.002s
    Given typeql write query ... passed in 0.004s
      """
      insert $p isa person, has typed P66W;
      """
    When get answers of typeql read query ... passed in 0.004s
      """
      match $_ isa person, has $a;
      fetch { "a": $a };
      """
    Then answer type is: concept documents ... passed in 0.000s
    Then answer query type is: read ... passed in 0.000s
    Then answer size is: 1 ... passed in 0.000s
    Then answer contains document ... passed in 0.000s
      """
      { "a": "P462D" }
      """
    Then answer does not contain document ... passed in 0.000s
      """
      { "a": "P66W" }
      """
    When get answers of typeql read query ... passed in 0.003s
      """
      match $_ isa person, has $a; let $v = $a;
      fetch { "v": $v };
      """
    Then answer type is: concept documents ... passed in 0.000s
    Then answer query type is: read ... passed in 0.000s
    Then answer size is: 1 ... passed in 0.001s
    Then answer contains document ... passed in 0.000s
      """
      { "v": "P462D" }
      """
    Then answer does not contain document ... passed in 0.000s
      """
      { "v": "P66W" }
      """

  Scenario: Driver processes concept errors correctly
    Given typedb starts ... passed in 0.000s
    Given connection is open: false ... passed in 0.000s
    Given connection opens with default authentication ... passed in 0.155s
    Given connection is open: true ... passed in 0.000s
    Given connection has 0 databases ... passed in 0.002s
    Given connection create database: typedb ... passed in 0.041s
    Given connection has database: typedb ... passed in 0.001s
    Given connection open schema transaction for database: typedb ... passed in 0.002s
    Given typeql schema query ... passed in 0.008s
      """
      define attribute age @independent, value integer; attribute name @independent, value string;
      """
    Given transaction commits ... passed in 0.010s
    Given connection open write transaction for database: typedb ... passed in 0.002s
    Given typeql write query ... passed in 0.004s
      """
      insert $a isa age 25; $n isa name "John";
      """
    When get answers of typeql read query ... passed in 0.003s
      """
      match $a isa age;
      """
    Then answer unwraps as ok; fails ... passed in 0.000s
    Then answer unwraps as concept documents; fails ... passed in 0.000s
    Then answer get row(0) get variable(unknown); fails with a message containing: "Cannot get concept from a concept row by variable 'unknown'" ... passed in 0.001s
    Then answer get row(0) get variable by index(15); fails with a message containing: "Cannot get concept from a concept row by index '15'" ... passed in 0.000s
    Then answer get row(0) get variable(); fails with a message containing: "Cannot get concept from a concept row by variable ''" ... passed in 0.000s
    Then answer get row(0) get variable( ); fails with a message containing: "Cannot get concept from a concept row by variable ' '" ... passed in 0.000s
    Then answer get row(0) get variable(a) as entity; fails with a message containing: "Invalid concept conversion" ... passed in 0.000s
    Then answer get row(0) get variable(a) as attribute type; fails with a message containing: "Invalid concept conversion" ... passed in 0.000s
    Then answer get row(0) get variable(a) as value; fails with a message containing: "Invalid concept conversion" ... passed in 0.000s
    Then answer get row(0) get attribute(a) get boolean; fails with a message containing: "Could not retrieve a 'boolean' value" ... passed in 0.000s
    Then answer get row(0) get attribute(a) get double; fails with a message containing: "Could not retrieve a 'double' value" ... passed in 0.000s
    Then answer get row(0) get attribute(a) get decimal; fails with a message containing: "Could not retrieve a 'decimal' value" ... passed in 0.000s
    Then answer get row(0) get attribute(a) get string; fails with a message containing: "Could not retrieve a 'string' value" ... passed in 0.000s
    Then answer get row(0) get attribute(a) get date; fails with a message containing: "Could not retrieve a 'date' value" ... passed in 0.000s
    Then answer get row(0) get attribute(a) get datetime; fails with a message containing: "Could not retrieve a 'datetime' value" ... passed in 0.000s
    Then answer get row(0) get attribute(a) get datetime-tz; fails with a message containing: "Could not retrieve a 'datetime-tz' value" ... passed in 0.000s
    Then answer get row(0) get attribute(a) get duration; fails with a message containing: "Could not retrieve a 'duration' value" ... passed in 0.000s
    Then answer get row(0) get attribute(a) get struct; fails with a message containing: "Could not retrieve a 'struct' value" ... passed in 0.000s
    When get answers of typeql read query ... passed in 0.004s
      """
      match $n isa name;
      """
    Then answer unwraps as ok; fails ... passed in 0.000s
    Then answer unwraps as concept documents; fails ... passed in 0.000s
    Then answer get row(0) get variable(n) as relation; fails with a message containing: "Invalid concept conversion" ... passed in 0.001s
    Then answer get row(0) get attribute(n) get integer; fails with a message containing: "Could not retrieve a 'integer' value" ... passed in 0.000s
    Then typeql read query; fails with a message containing: "syntax error" ... passed in 0.001s
    Then typeql read query; fails with a message containing: "syntax error" ... passed in 0.001s

  Scenario: Driver processes datetime values in different user time-zones identically
    Given typedb starts ... passed in 0.000s
    Given connection is open: false ... passed in 0.000s
    Given connection opens with default authentication ... passed in 0.155s
    Given connection is open: true ... passed in 0.000s
    Given connection has 0 databases ... passed in 0.002s
    Given connection create database: typedb ... passed in 0.041s
    Given connection has database: typedb ... passed in 0.002s
    Given set time-zone: Asia/Calcutta ... passed in 0.000s
    Given connection open schema transaction for database: typedb ... passed in 0.002s
    Given typeql schema query ... passed in 0.007s
      """
      define attribute dt @independent, value datetime;
      """
    Given transaction commits ... passed in 0.012s
    Given connection open write transaction for database: typedb ... passed in 0.005s
    When get answers of typeql write query ... passed in 0.005s
      """
      insert $dt isa dt 2023-05-01T00:00:00;
      """
    Then answer get row(0) get attribute(dt) get value is: 2023-05-01T00:00:00 ... passed in 0.001s
    Then answer get row(0) get attribute(dt) get value is not: 2023-04-30T13:30:00 ... passed in 0.000s
    When get answers of typeql read query ... passed in 0.004s
      """
      match $x isa dt;
      """
    Then answer get row(0) get attribute(x) get value is: 2023-05-01T00:00:00 ... passed in 0.001s
    Then answer get row(0) get attribute(x) get value is not: 2023-04-30T13:30:00 ... passed in 0.000s
    When transaction commits ... passed in 0.004s
    When connection closes ... passed in 0.000s
    When set time-zone: America/Chicago ... passed in 0.000s
    When connection opens with default authentication ... passed in 0.163s
    When connection open read transaction for database: typedb ... passed in 0.003s
    When get answers of typeql read query ... passed in 0.002s
      """
      match $x isa dt;
      """
    Then answer get row(0) get attribute(x) get value is: 2023-05-01T00:00:00 ... passed in 0.002s
    Then answer get row(0) get attribute(x) get value is not: 2023-04-30T13:30:00 ... passed in 0.000s

  Scenario: Driver processes datetime-tz values in different user time-zones identically
    Given typedb starts ... passed in 0.000s
    Given connection is open: false ... passed in 0.000s
    Given connection opens with default authentication ... passed in 0.158s
    Given connection is open: true ... passed in 0.000s
    Given connection has 0 databases ... passed in 0.002s
    Given connection create database: typedb ... passed in 0.045s
    Given connection has database: typedb ... passed in 0.002s
    Given set time-zone: Asia/Calcutta ... passed in 0.000s
    Given connection open schema transaction for database: typedb ... passed in 0.004s
    Given typeql schema query ... passed in 0.016s
      """
      define attribute dt @independent, value datetime-tz;
      """
    Given transaction commits ... passed in 0.018s
    Given connection open write transaction for database: typedb ... passed in 0.002s
    When get answers of typeql write query ... passed in 0.005s
      """
      insert $dt isa dt 2023-05-01T00:00:00 Asia/Calcutta;
      """
    Then answer get row(0) get attribute(dt) get value is: 2023-05-01T00:00:00 Asia/Calcutta ... passed in 0.005s
    Then answer get row(0) get attribute(dt) get value is not: 2023-04-30T13:30:00 Asia/Calcutta ... passed in 0.000s
    Then answer get row(0) get attribute(dt) get value is not: 2023-05-01T00:00:00 America/Chicago ... passed in 0.000s
    When get answers of typeql read query ... passed in 0.003s
      """
      match $x isa dt;
      """
    Then answer get row(0) get attribute(x) get value is: 2023-05-01T00:00:00 Asia/Calcutta ... passed in 0.002s
    Then answer get row(0) get attribute(x) get value is not: 2023-04-30T13:30:00 Asia/Calcutta ... passed in 0.000s
    Then answer get row(0) get attribute(x) get value is not: 2023-05-01T00:00:00 America/Chicago ... passed in 0.000s
    When transaction commits ... passed in 0.005s
    When connection closes ... passed in 0.001s
    When set time-zone: America/Chicago ... passed in 0.000s
    When connection opens with default authentication ... passed in 0.174s
    When connection open read transaction for database: typedb ... passed in 0.003s
    When get answers of typeql read query ... passed in 0.002s
      """
      match $x isa dt;
      """
    Then answer get row(0) get attribute(x) get value is: 2023-05-01T00:00:00 Asia/Calcutta ... passed in 0.002s
    Then answer get row(0) get attribute(x) get value is not: 2023-04-30T13:30:00 Asia/Calcutta ... passed in 0.000s
    Then answer get row(0) get attribute(x) get value is not: 2023-05-01T00:00:00 America/Chicago ... passed in 0.000s
    When connection closes ... passed in 0.000s
    When set time-zone: Europe/London ... passed in 0.000s
    When connection opens with default authentication ... passed in 0.180s
    When connection open read transaction for database: typedb ... passed in 0.004s
    When get answers of typeql read query ... passed in 0.003s
      """
      match $x isa dt;
      """
    Then answer get row(0) get attribute(x) get value is: 2023-05-01T00:00:00 Asia/Calcutta ... passed in 0.004s
    Then answer get row(0) get attribute(x) get value is not: 2023-04-30T13:30:00 Asia/Calcutta ... passed in 0.000s
    Then answer get row(0) get attribute(x) get value is not: 2023-05-01T00:00:00 America/Chicago ... passed in 0.000s

1 feature passed, 0 failed, 0 skipped
74 scenarios passed, 0 failed, 0 skipped
3368 steps passed, 0 failed, 0 skipped, 0 undefined
Took 0m18.877s
