Cloning into '/home/user/typedb-slatedb/sources/typedb'...
From https://github.com/typedb/typedb
 * branch                2256711abd532742dae8e822a9ad5cce63e69b1a -> FETCH_HEAD
HEAD is now at 2256711ab Add "manual" tag to mac-installer targets (#7914)
dangling commit 7104b07894addbcaa35641099178c77cbce3f74c
dangling tree fc07083735359305dd2f9cc779b34c6ca80d5236
dangling tree 8e0cb851c04983a9cc312aa58940fe18215a3b76
dangling commit b40d7842398fc360dfbdec5d26cd3a6ec71f308a
dangling commit 8c11f88bc3341618c6696e6334eea0d8045d1e46
dangling commit da16a069932f8c051966085f2900ad4412ad73ef
dangling commit 0e1eb0ba660efa8d7cea0931388de833ce3eedb9
dangling commit 7c1fd8fa8036951412c58ba913a89c889af8c976
dangling tree ee2010b23f1ed0da8d79ce114e6dfc85c3bbd8c7
dangling commit 67264851dbf936c4c010874d976a2d3172a4ee6a
dangling tree 5f2d60accfc3ed12d246676f39d89a6e79cbd573
dangling commit 9c31900836f26cfb30985f5b86dd55d78cbee3e9
dangling commit 2f33c0b1fe528914a0e3fbaea409ae4589aa9aff
dangling commit 6f33e8c110cb9f90cf281aa79a6bbf2da646d870
dangling tree 86339071dd71783ed9143feb26f544a3b496b1fc
dangling tree 64345836a2d85f18b6246ce3b88c35f0761d5cda
dangling commit 2939a8464096c73b42ec0702647a246f357f226b
dangling commit 073b58662847001f3d0dfdb05d7e2c0d3a71f9b7
dangling tree 553c58564a867090c1c2f14a944f3c286f315e9b
dangling tree 8b3f88e9839c2ed105f97f52c5a8241f0f61876a
dangling tree 064488890627241c67a9545f7cb623e39d57abd9
dangling commit ff4cb0f31e0529de31a5d150df65feeb15cff6a8
dangling tree 10511070f97763f37fb9b1d2ae1bfe4c1976524a
dangling commit 9d54904bfa19479c0989d0b065cdf3f649d8876b
dangling commit 045888c3cdf5b6f601e0fefd82c8e3f82539c0e8
dangling tree 395848bd989a1e79087e83425503bcbea7f1bdc7
dangling tree bf5fe81d2696c70e3c26a4babb0e116e4d194b6d
dangling commit 1164e02fd53ff4451995987e981cd4971b1958a1
dangling tree 6f6920b4f18db1437fef3d4aa78188547c1fe8a3
dangling tree 5d6c409dfebaac8994b1258414015e1b22606a78
dangling tree 176d70716f8bb95e206259a78c25fe6aa640f6e9
dangling tree ab6d6062b2e6875534c12cf76ee2622601cd4523
dangling tree 367338b075db1391c0da7a8bf8bbc8bf6094672b
dangling commit a479a8ef56b20c5585fae18362c29326f0ffeea2
dangling commit 228840033bbe2e12d295c553f6e2f707649ee3b3
dangling commit 308a784efd87c44e9d9aeecbfb757790ec31f543
dangling commit 4b944058f7f58007e9d70d2a10cea6e09430bb3d
dangling tree 6b9820657d1b4ff5a774bad6705ed00f43eb4fa4
dangling tree 8798086fac8be7b2df2d024d84d2c099e11b4358
dangling tree 44a5c02b7943a9b23fa5d9f2649f42c915993e70
dangling tree aea63851b4b87a1150a98bb9a9fd3bbccdcb760e
dangling commit 61adb072f5dbd52b2144b6a9467944b15cd703a9
dangling commit feb2009db4798396fe8af6b131dd8e57178b4892
dangling commit 72bc28cbba8c00297c305cfda9fa934fd6fe0aa5
dangling commit c8c47020191a322ff9b3375e881b285d67f91786
dangling commit d6c84812a87de401abaf01f0cf16d407a68d304e
dangling commit 6ed020e52fe379d1100f64511805ed344c7a68db
dangling commit 6dd1a0e6b3ae4c7a937861f3a6ac38ed4ed35d04
dangling tree 4de35882f84680a0c960aa9df37a92a54fb7ff9f
dangling tree 66ef6017491f1bf6d4c8ca27c9a743b9a1c840e4
dangling tree fa0781676f0fe4cf2194ed9f2b2daaf1e2f0f134
dangling commit f907098d74dfd0b19028eaa8457cfed8a7637894
dangling tree 511601249bbda9fa74192973f47a72508a7fa8fa
dangling commit ca20897c718e0c4452d12d31ce8e0c23f3497bc9
dangling tree ab27c1ba1ce1528798451d59c3896de15b49b701
dangling tree 513479eed55d19667ff2e9759a1e54ab550039cf
dangling tree 363a397ee83872d7cadc4de3a91d47173b86393b
dangling commit 7e3bc1e37604b102f51f4b6c764399441a396a91
dangling commit e34731fcfcf0962054b0f393aeb0ff595c7588ff
dangling tree 7d5149622b34a34ab33cd16455617546cfc7affc
dangling commit 4852e93f24e1d8bb885fb21c5dddecd7dc0a2e6a
dangling tree b9571186a10be8902789802e7d69ea4990cb8fc7
dangling tree 2568e181d6158369893a358952d2614ef7a4fe3b
dangling commit 7d69898b3053eb2a222e517ac704742c3d8470c9
dangling commit f975a9848e25e59746c6b16bb9becd2effadd098
dangling tree b27959c7c1a6ea2cb628470c77ad4a6ef5e85d3a
dangling tree e582d15ee31d5f2c3d0f5ff20767fcf9feb71d81
dangling tree 3788897dd11b1c9c4cfbd3e58279416b48b49e04
dangling tree a3972939111947358385aadb801baf92abe71fd9
dangling tree fe9c89e9287b9a8b785a0bcd20c5a3dad36fe27f
dangling tree 879ea1d9fa6090adb55d0465ac7c6ba1f4f5b6f2
dangling commit 84bcd90915d45e566378b42a2ad2f0fe763588a1
dangling commit 0ec3c1186da1ffc43eefeb39ca3804a90a8174ad
dangling commit 6cc8c90a304fa4741cd9a6a23395ddd7ac9a4f82
dangling commit e6e669091e1b449c5b348d60c3d0f2cc9448c59d
dangling tree 4eee895f42622a804fff2cc74fcf69f750f446eb
dangling commit 1afa39e43089159b7b49b8c92481b7661c6b3ba6
dangling commit f0fd99902fa25c8dc47683a97abda8cc1f07792c
dangling commit 1200c2b534622181209d632c4c5857ddddc6bac2
dangling commit 78034201521c121ff8841736589545160dc5364c
dangling commit 4c073abe6eb637faa8bbc6ceaa8dd3487866d270
dangling commit f809927bfd172e99c2cbf25c27df2560d99c22e7
dangling commit d60ee2114f35963487698c5e3ecf5480238cc2fd
dangling commit de19827feef6d40f6b01d57d22dc37003e1acebe
dangling tree d9340a3c7b0b558dd2d7d855b329604df582ea58
dangling tree 39441acdbf362220152d3f73ca815ea14f0cde83
dangling commit 4d449aa198fd5cceca54cb3889114ab5aa1b8e5e
dangling commit ac4b22bc431840bec5f830739b687e5d5e90e010
dangling tree de582a6a3cb6a13d1cf25843f97d72881143d470
dangling tree 29662a94863dffa69b4858220a7543c2543a3882
dangling tree 4c66cacc918609dc6f71fbdbf3b52ca37431c96f
dangling tree 426d2a4c4fe804704fb67f0d237c6a7e1316ed1c
dangling commit 336efac4aca419a2f01779ed3529b74bb601d40b
dangling tree b275aa887417037a2079c3c168f05846bfb1c89b
dangling tree 29792ab674bee5884cfe62dbb925cb3dc7abefbb
dangling commit 3979424368594199db81022ebb21b316352a9696
dangling commit 2689a2ab3ef254218749cd06f306b44dfbd3b7c5
dangling tree 6ca8023c38fc803231e52d7bfd11d8f4ae19ca21
dangling tree bda89aa2f842998715f52452a2a06181215aa2cd
dangling tree 2ba922cc74dcdea702d59ea9d38a4d91faba7920
dangling tree c3aaaa53f57abfa76997340fa6fb837dccc0dd41
dangling commit 5cb962dffd57c68b946e0e4792a209cf1627ca23
dangling tree ccc07ad927769ecb9bcc93d67aea20448918b9c9
dangling commit 5ecbeae43c364c899bab11d05ae18b6f51e83289
dangling commit 5fd2228e8d5dfd9fee787116d2dd976833d48a13
dangling tree 31d392f9152c19933546cc5ce8d030cd298136c0
dangling commit b1dfdadd33ce2e998e183fd76d9009719866c73d
dangling tree 2ee27241d602ff6ff832ed0684658d04d12f256f
dangling commit 1cf74ade8cd561bc72842a0b6fd3651f53e8950d
dangling commit 68fc3af373d17b21e883029c304c25c893135103
dangling tree 5603135f1cc9a5879bd45c25ae24ddb55ff6f55b
dangling commit 7008cb4abdc2121758cce2e92c9ca5c8a7afe195
dangling commit 170e8b90d13bb176b9a178b76338573e77820bfa
dangling commit 8e10fbd4db4b7ad47d4dbea960a7644dbbbd5273
dangling tree a9100b5ecf7c8a2ff10a7dd52c1a57f1a4101ce9
dangling commit a91373ce7ff0b4482afd5388afb1c6232bedf5c8
dangling commit 041593d4cf29c4e416c4caaf3cd0eb6e3d0bb78c
dangling commit da1c8b4488bcc80e79f092cea16fd4239fc4ff28
dangling tree 171d33febee09ab7b07f55403b361c5987177e34
dangling tree e02ec3c94cf8ba49f89375a9e11e6f563dd8444a
dangling tree 983313d536d37eb753c925b2be9c0240fe1f407a
dangling commit 7d34db55bae1a737f3a3febd4316837002c829e4
dangling commit 4335f312f0a6e7896565715f4426eacc1b99c4c4
dangling tree c1355be4f881b8cd11612c54afa1b9f4e37ba864
dangling commit e739b3e7aba717549a8c29d38a07b325a9f49d61
dangling tree 5b3a1b045d664e3c30c111b8aa3ca3a77b5b0034
dangling commit f444cb10d8fa19114070e13da2465fa16ffd73fc
dangling commit 1248fbbe8772851c4d7cf18cb9be142164bd51cc
dangling commit ce4cfb6a11c5088b8f1f69c7020b0d0a03860d64
dangling tree fb5bc3a8f07ea8cd56247f35286fd0df88e63030
dangling tree 466093795d0448dd245c6431d2a1546ae77a7cce
dangling tree 94684358b1b9ab9adad26ada233dd2f02906ba81
dangling tree d96af36e80b11b4636ed6322495d76f87c6043f4
dangling commit 927023b293c5a2f75a054d1df52fbd8eeaf1ce49
dangling commit 07772b3436339f6719169663a24c7b12616e7d7a
dangling tree 197763f3b3c1ebf620c59b5bd6ca43026fe968be
dangling tree 65852b01808652b377bda2c5275e4b94542bc4f2
dangling commit d28843b6707464f5556f8bef1a437111a2f7ec47
dangling commit 8d9523367fb961ec0c372144cf8d1fe2c69d2e5b
dangling tree 92981bad48735d00379f24f6f3dc1d88d9dc731f
dangling commit c59c830c00b7b7cb29c32bd36a76840d19ee1dcb
dangling commit 08aa63a8a128e3d6a97d5be40d322552d261a4f6
dangling commit bcbfbb8daddff04ce79a6993322c20331c942d5d
dangling tree 29c0eb27969ebe5314c5679d7e0d989283664a21
dangling tree c8c053af0c535827931a8c86056b398afd63cd77
dangling tree e7c52b1c5738ec2184f529ddfc0794375e03cc4e
dangling commit c3caeb7b626b41f0a0a8784af11840d682d9b17c
dangling commit 1ad52bd308e5b4e2bfe8ef6d9e8e73ca6e7bae6d
dangling commit dfdc03ee2fbc299a9749765685c99aed53f14d7c
dangling commit c9e7abeb80aca8787fc3fc391ad115f60c5aa55a
dangling tree 26e9cb62079c0c8018f179ebbfda0d85d023d288
dangling commit 32ee4beac580dcb5646453b4294f8c5320bb3256
dangling commit 66f0232a971a79a47b1a14f754c98b50847f94f7
dangling tree 94f2931367d30e8dd3c307ecc8905fd7d9803020
dangling tree 25f72b349acb143fbd920948d2db749b0c029966
dangling commit 31f76be01b407274d7406ff8b1dcf9c21df61952
dangling commit e004ec8c40f8b7469a2b62594fee1d4afe7bb612
dangling commit 431c4404c2ecd057a109f2a3d05f1121875fa1ea
dangling tree d423046926a67ba37ad343e627c0838522d5c5ed
dangling tree dd285c81534206f87e47fa8e3147d4e8e2784c4d
dangling commit 693404cda4c3fbfccea19ac0e56e62035a945888
dangling commit 8a3454b875f9895d9fe583673af700eae52a00e2
dangling tree 3b39b4786859bdd4bd4a241670770726b3c3f5ee
dangling tree c744bc323cdef05882c0c2591e82db6c6d56cd55
dangling commit 3a4a5c98bcf52e7d850c7fb74d059bd6de531c7b
dangling tree 34554c15f87abf3b18991ea9c7a81f85ac084833
dangling commit 4c5a4cd8462063ed4863e00a541cb682b2ab006b
dangling commit 9e5d6cd8881b5adbd25603b362cfe9fc6e72fa51
dangling commit d1627c5e0555a820bb4d5be1b3a447189c52642c
dangling commit 0b8114e212a6f6592e752d43291aca65ee1f28bc
dangling commit 1d8ae4c43d41c95651090280713f7fb8c23cd3ea
dangling commit a5aa9c933520d32c33f5e3504d7a0774c33a0107
dangling commit f5aa341cf5032bd62d4cf6956603dd635f1b0192
dangling commit a8abec8d7e997734254093a2d11eb07f7c536229
dangling tree 53ae84c59505a3b5e1a98101ba4349804c5617c6
dangling commit a0c06c3abbac738ef22d39d52fcc3efad557dab6
dangling tree cac2d436a7e84ece718cc1dd9b6a7b42d3db8490
dangling commit 15c3f4816a39af3b7275cf3f11926eb03408a050
dangling commit 5ec5fcc01c8db65d3f3038dec422827792d492f8
dangling tree 97c6345e5b9053fbbafff02f676ddf516b1dcfe3
dangling commit 66ce5409d41ab3d6b1a1df05c0afd11d8ff2ab47
dangling commit b2d2d40d5db2799ba28a9696d186fbee702e15da
dangling tree a4e04488d92342156be6d2f7e72b02877799d9ac
dangling tree 91e6d4aefaa4f9300c1b9abe879c162e3927f80f
dangling tree 1fe7c4bce59afa1b2bfbf31d7652f9e2798afee0
dangling tree b3ebc428d855cadca199f212d9717a27c3e1620e
dangling commit 1af4048546adfcf7130abfda8aed84e26f663179
dangling tree 26ff140d8c59a0a8599b2a5ca99b2ca456cfb764
dangling tree 79159504e9d078ecd334fd98a5a6127abad00d4b
dangling commit 64174561e9657ccb48e76b98a4c3b11461cba464
dangling commit c51875fd186b5d58da0cb0b950f14905efb5cd5f
dangling commit 4c25cd127c250446c40e8d3bdefaa41c185f1d5e
dangling tree 4e25f5202ee574d9baaa76fcedb351e615366974
dangling tree a92ffd65b508f16321f040e1a6784bf7d27829b5
dangling commit 2430fd626bd6cfbe7be0f74d6ae6f2d97f66b6de
dangling commit 69414d89f5abb368a23a660204234f120071ea05
dangling tree 714385fcc27d8cd9fd36bc091dec07af636a8d1a
dangling tree 4e61c536ce5822857bc2b11d148bd7f6893b463d
dangling commit 2c627df2bd68f4a08624bf4490876e2092d0d0a6
dangling commit 1a745de82940cc7e5d9b24e45f1f614f7e96c5d6
dangling commit 1c85d5a6ecb76696aaa654831894cca9c56c4462
dangling tree c08c4d9c478b9febff306bca58272d1bcc605d8d
dangling tree 418e9d466873f8dd0ad72f860844893817686c40
dangling commit d69e45ac8fff98a9893790388233971b4c419b81
dangling commit 309fa539c631e3e1e6141a4794a81ac9a40d186a
dangling commit 47a8ad03c76783c8766ecd763b67355110267210
dangling commit 03aae59c7724fe06b67f03b26faadd9abb1f4799
dangling commit 8bba1d6a4e593a1bb53857c0a0eab813a71d0a7d
dangling tree b6c96daa7b99fca4647f9d00ed7f1b4bb4e1b178
dangling commit 86d0fd854e79b910674214586a6513e4bb95d7c8
dangling tree 1dd1d50fb6342ede84c362ed5b1558ed0c542540
dangling commit 7ad63db73e7782123794dc37a8d4044f92b2153b
dangling commit 76d915f5432bcbc24acfd913b0ce8a78f2409080
dangling tree 72daede2c3fb04450b3ac1907fa3903758f2c272
dangling commit 52deddd14b0e31033fd8c0848ad2eb5dd8bcb767
dangling commit 7dea3d4a6254a8965cc5f9b0d55e094098f7c38c
dangling commit 87ebedeb4ea93c16c336d2aa379173de588bbb9d
dangling commit 16eca5f4238a772532a6824966e2fc78437467dc
dangling tree 78f47db5e4a9310e19b7a3a7c081e8ba24bb67f2
dangling tree 57f775ccae74921e8dbeb58964a4c959f4704941
dangling tree 95f79de76cb4097635e1c5c82e919f3d9afceb16
dangling tree cef9756503a585941c8c3d83ef549c42a5e9fc28
dangling tree 050636301f0a587f3158444bdeab8a3ea4dd6b36
dangling commit 461d8e581f8bf8b65b28f3e62080bb29bb4b3ae9
dangling tree 351f2ed83fc9cdac37060cb74184d6f399fc4049
dangling tree 8c28d6990caa9e126ddc0c934220eb60ac18dbc1
dangling commit 5b2af6ccee1c425590f83fc1477d07c031ff815d
dangling commit 592d36abfc3b6415da6bde1ff4e416613534d94a
dangling commit 092f3e9f502aaeaa261e448098151aed88c3c250
dangling tree aa3836406ad643f8fbe4854b40ff6bc923c43d28
dangling tree c5387e096c4e33f238b454c69b1daf39be197ba5
dangling commit ec4526db67ba3081cab8ee66c8b610aa8d2e9598
dangling tree 0748aeb1bd3ca70f742284f20bedbc04496b6acc
dangling commit ef482e84f000ff4123ecbced94a8a1bf2fa46a23
dangling tree 0558b6b19cfd8e91010366a8c4c557dbab0a7bb9
dangling commit 795b4e101798d31d8fb4c6f37ea3e1aee479d7c0
dangling tree 5e5d3eba09e67cef771ce26951e91e6b4346de48
dangling commit 1f5e4ef4669fd8fe55e567a0c6672afd0195d134
dangling tree 09613efde50367810d9a82d37e04df0c34b6db2b
dangling commit 9b62fe0de154fa64b5af093510c09a08e3c35193
dangling commit 116eb692ea65973e716f4c3ab053923ade24137c
dangling tree cc6e0eb9bca551b02729af6b12122d232e7bf9f6
dangling tree c275ae3e0f413f9f3940d20dcfd8f00c63a5f4ea
dangling tree 8c7b0ef3894a8db0c0802a71d4e1d2c848310c22
dangling tree 29850ed9c8faa0fb4c6fd13295e07f184df8d86d
dangling tree 358a469109f13dec214856f9a510ceba34f65ecf
dangling commit 0b913e8c53c4dd1caa7c3c871f06dc81f002a6b4
dangling commit 2c9266888433877d3bc104bf6299e838521bef31
dangling tree f29b16a6561ec68767540b346fa86e992f0d46c7
dangling tree 71a3cee7aff2d5d68d4c86cd724a990c2f6eda6c
dangling commit cfa40e421efd0858e4364da91ed5efc130c53e82
dangling tree 3da8be76084a1736005bd4a9a413fb5249b8d546
dangling commit c6b09660985eb6e0a313697257cec1d5028fe416
dangling commit 5cb4969a4845a9d8c70c2f86258f45045365aa06
dangling tree 43b516c4d880fb0cd95130c4b83082c09d567245
dangling tree 4aba0602a6c232fa0b9ec920f24bc4ed3d8bac47
dangling commit 2abffef1748bb9a8f6cbe54fadf9fc31e26ed184
dangling commit d3c2c6d70eee4f6618931a9ce1cf7fda4e2bf0d4
dangling tree 3ad2267e8221c212b262acb2254bf9c2b58ca88c
dangling commit b8d946fa4838c01634d79ee2a319779a065672ec
dangling tree 86e536457dd04db51b6df5b53ab4922aeea01d4f
dangling tree 3fe65e2a129c847b805296218ee51c09ec0b44dc
dangling tree 1ef906accf4845ae0ea11cd138041dbccb4cd4cb
dangling commit 0cfdd65b066e6bdaa0229593350882bf9f966519
dangling tree 0c02ef997b0de364227a519531bae9f45d917f97
dangling tree dc072fc964e941f2362e445728061c5edf937919
dangling tree d60d9f35c05133e0d00f16a57dbd251bbb9a9f33
dangling tree c019ef243386a32911649c78679fa3ae65ab4bc7
dangling tree e91987701a2adf8e2ac55cb3594093a522319eda
dangling commit 051c1f1603148c3ba6a5b219eaf8b049a4d0dadf
dangling tree 6f20478c3e5b5038a6c05274ce3bab0916747c38
dangling tree f7219fb30809f5a893cc80de8329d64f035a26b3
dangling tree 4e228fe8895f462269b30d052485752d2d9e816d
dangling tree 9b272f5245af62f78896c2b8ec3eb78e6afee631
dangling commit d72d7f3fb394eb0748117a976fced7c3388e334d
dangling commit d93137827fef140583caac804bdf9fe676517632
dangling tree 533c0f84ac45539b3db2b84315236c7f27af75b0
dangling tree 0347e705125c3f5101d8f3e8de672990e74a85f8
dangling tree 8b4dd701b434b5f7c3812455e2b2e14a4e2b6be3
dangling commit c160c78f708f9db1639f441a6d35d04f5f67cbe6
dangling tree e965d779a12f109baedc5ddb0de7ff90064ab1ec
dangling commit 9c863753d324e2c06279ae62a50e782f938a47e5
dangling commit 0388cff90340f35493a0d52077b5adbbfa3a5531
dangling commit f08957bbde56fbeb011bc61fb39162ffc8e385ea
dangling commit b38d4f568a5e6431d26e8e9a8b4bad2ee012983a
dangling commit a994b7f110f7ea90862733169a120794d73b158f
dangling tree e3a097107884d18b09bd8751ce41add95ced60da
dangling commit 97a21f7df61f8a66c9b795f00528a266d4cb0a11
dangling commit fda48ff1557e674b061c2df135fe04634110c42f
dangling commit 1ca71fa6a89faea6315de587948140aa1814254f
dangling commit d9a8d7557cb466519121a16f45fc76df11d29a7c
dangling tree 2daa379830793cc11b98406981c1bc1097696189
dangling commit 7cb307c3e48bd7675445e58edd7b37044882fa44
dangling commit 8fd64f68b454a5af7fe88a98188073c5ef99810f
dangling tree 58d8e7768d8753db02e4894cfe3040ca41281717
dangling tree d8da4f041efdcaaa4eef69b1a6e76d086743fac5
dangling tree 4ce06f8f9efc4e36c82b482f586d8cca5b4db4eb
dangling commit 15ebe70f428d610134e6d1d2f79671cad514d79b
dangling commit bbf0a761cd90206435d7fe5ec652c4f3b4422d25
dangling tree 6af5473bdee07f5075ca9a2f1e3d2a2ecb82cd15
dangling tree 90fa079b40769f000f2c0939b8c17ff11ede9a5c
Cloning into '/home/user/typedb-slatedb/sources/slatedb'...
From https://github.com/slatedb/slatedb
 * branch            f88be86d17ac53260d3684edbc8f82811d945b5c -> FETCH_HEAD
HEAD is now at f88be86 Enable unused_qualifications and drop redundant path prefixes (#2020)
dangling commit 81007bc71aa7766d5ef3382dab93f58bb5159ea2
dangling tree fe00bf4a09931667ad22ba4f42f141ab9507aaa6
dangling tree 29017f6dfbf3a09beb894d8f3df906285e98c61f
dangling tree 350133b4dff20d136e5410457c7712c75c76904d
dangling tree 6001b2974f26180b1c7270add9c76009c59318c6
dangling tree 9c03eee5daa7fefd0514ce92beff61c4f1198cb5
dangling tree b405ff107053ed9e0eb9481e4c9fca9f0fde8f18
dangling commit 0006c78ded8d03f2e08393a192a1ba64a06bd8e9
dangling tree cf082c022470349e4722efe0361cfd72bed17122
dangling tree e108b163fa93cafa5f9f46f8ebc2a38712bcb838
dangling tree 72091ba9581edaee8d2a81d388e32e8a70320619
dangling tree 2a0a9f10f6b7094d46fe631b8052607fb9f8b4c8
dangling tree 110ba4e5bd82dd7a62ce797319c273ba7f0b401e
dangling commit 5f0cd84269934be8e9e6e18e9e82ac80a3537782
dangling tree 790ef92358ba9207c3948463f81c430de8a3523e
dangling commit a20e644c0cee8a808606fe1c4b0b3ced40bed2e6
dangling commit c90e790cbcbcb0cdd7638526be2e2a902050964e
dangling tree 2e0f240ca61fd9a69295bfb9bd616200f9330fba
dangling commit b8119884229f4c2bb3e3e4eb511e633fe4ac0406
dangling tree cb11d847e3d1faab8d2bbd3c2cdcc229bd2ee733
dangling tree db11e921d7fc91738c39e6aed9bd32e915d70296
dangling commit 331213f09f1dc54f4965cbcdc6bdef805b53d2be
dangling commit a313ae2b00a798dd090c51688fdb01c89e6eee41
dangling tree 3f163c66186ee8fd9edbe3105adf61ffc652a571
dangling tree 8616c15a69fa707c921b767455dd2721d87844fe
dangling commit 4717a47a7d691e507a7fecac4b3977d6e0943dd2
dangling tree fa173b358e242d425544f884a5cf14e5b807fb1d
dangling commit 2c1bd63dfe4b157ffed08ad49ef57ffc12e5a65c
dangling commit 5e1b59dfac9fcee69100c86800399bd611370d23
dangling tree 2f1d214b0ce1f798fcc5dc903213fd3feb257445
dangling commit 781e875542a61576fd04d8471ecd7e5c8c679149
dangling tree 981f7815214f534a1c65ecd4a5b878c0a3ff0179
dangling tree 32209f20478f7f8964519d1d95b6c9b04d027104
dangling tree ce2174f0a209fbe7a28014ac5ac824d480ec4bd0
dangling commit 1d225f3c7f96416c83188e5572cd1c84d546555a
dangling commit 022548d8bc067f7dca200d0ca147f2bb1a995203
dangling tree 1926c4f807c940d70894c0f99893808d8e53550b
dangling commit bc268bcaa3d1b2c9853b22ffc7c753b1e44b9655
dangling tree cf2645033cdf86b16dcab3374847a8af0ab1b320
dangling commit 622cc631b57b5af832f23ae00bdb87bef4cbf3ff
dangling tree 6a2e08d324c7f614a0e7650d7fe7cfc6ece5145f
dangling tree e52ed3da098c49498ee4771c31b3465ea553f017
dangling tree e22f5c6c571ca5e40fcee507bd9c05897de7ea42
dangling commit 6a3436e2163628d731e8c9f44ceb61bf134eeecc
dangling tree ad349c258b470da0cf9ece74c7ebd06bf2e7d96b
dangling commit 79357b34e30496df3121af04812deb19270e1ab6
dangling tree c4359dc8918b05043ff8fb15c2d3fe763f1fcf06
dangling tree ee36db3c74f4fd73fa001426ba2d967920abd755
dangling tree 9f3b45f67339e701efea7a5a434c0ba9573eab75
dangling tree 603c545e9dad7971c6542a7364e56a00866aaa0c
dangling commit 8040c2993b24c350b3bab2ca20807d6e370d8a95
dangling tree 7041aed64e54c0308bbc7f7b7588fa3d08112825
dangling tree ac4118d519001634f580117ce77fb7c892d5447f
dangling commit b6417db1bde8fa75691a237802514932a7510460
dangling commit 5a4284c4cdc2d67d2e1c0406085eca23eeb1f486
dangling tree ef44e8e13bb4a74d27ecf11871c81a5bb632997d
dangling commit 4b45c2f01fda568eff47e50012a63f9ddf1517a8
dangling tree 8e4525bde5f6571dd8c2f997ebd07511082bf632
dangling tree ce457c46d23a568555fb326a3f22dbae670053bd
dangling commit 8746ef900b50659e728beb11f93523785b298051
dangling commit ee4631fdac873a21bef02c562a318ca0d72d9293
dangling commit b847b99d202027190efac95568b16324002c408d
dangling commit f54f303259a503824ffbafab96622a4f389b8df2
dangling tree 1c5061af6fa70d6dd27389564bcffc3d3170071e
dangling commit 665203afe8f0348e1ae0c38644d318c0e9442104
dangling tree fe5413262ffb206fd2b2a6ccfc475ff24877e525
dangling tree 4b595eba1de41aaf73dde9cdb91cbddb00a8f52f
dangling tree 575fe70985f6005f6802ac395f3add180bd8d2c4
dangling commit 4860943858f5b6946556eed1cc1a29a5d9a4908a
dangling commit 6061f936901d3b8aed6c7a881599b858a044ec2e
dangling tree 6a616fe6a074b86b0f905a2e2eaf0e4dddad969c
dangling tree c2614cf77a2df56de33b800b110da2bbdbc86f07
dangling commit 886256eda29785e702ae1af2ef2e744559c0867e
dangling tree 4c637fba5444b78942708080f94a803863e54f83
dangling tree b1648301c2780a14abfd91c244b59157dedf3fa0
dangling commit 02666c7221245d618f32feabdbb5c99d021c802e
dangling commit 4967c390afd9b1dac881e0f03aeaf68b6ccb5689
dangling tree 5568bda0b3be456227ca6ec99dc7964fb3536f2e
dangling tree 7c69d5f35ce253cc588fd52a8c7c33c0dd6bcbda
dangling tree 226a0270b27fb3c3c4cca7393106f356acc6430a
dangling tree c76b75b4aada0787a92f6f55155a81604ce08de5
dangling tree 836d0a02af668c040302b4ab7cb84b3d8f270dea
dangling tree b56e1dfcf85c064597a0ded6007a1a28c88f0c3e
dangling tree cd7043b80a960ecb8adb7600e1a69709747a4718
dangling commit a9718d57dacbb97f52ed0100838a2073933021d0
dangling tree eb72bd32aa9b880dbdc248042221958fd3352b8a
dangling commit 96731fecafa42a8307328c11a150bcc6b9870f78
dangling tree 2a753c361baa3b8e9f05389ddee266119cf6e6f0
dangling commit 457653358db7068ce2fb8135b84055b164152be2
dangling tree d9768f8481b3b070da7df380dfbbdd5ebc144a31
dangling tree f47b8657ac112b9b81fa8507dada782d48b54efe
dangling tree 507cc680e647c4d7260f7c4e38f4cea27122a5fc
dangling tree 4b833581db768a502f3582cdec6a586f182e5ae8
dangling commit 1e8b04f9a4646e2d77b1667b714622aead3060c5
dangling commit a28d89b58faeda9172174fc55e9cc7ce0585955b
dangling commit c48dac672711d86b8c9781f6d20939ff0f63f204
dangling commit d58d00b4b64987de4ddf36c2fa5d2b52ca255c6d
dangling commit 5f8ede6d527b10e3cfae09a1945fd1dd034fc4be
dangling tree 608f229b5422a71360f7679894b9d6bf78f0b93c
dangling tree 45907cc9ec00651efdca085e3b83317e0a666e5c
dangling tree 4c92cbe9e1e4fcb4836ad117fee92a1a52ccbb0f
dangling tree d992ba6ec711d429f321f2184dd67b777b0f04fa
dangling commit 7d949ae75d4f54e07e57150bb82a74b999eb73a0
dangling tree 1696ee2a3b427c8679fa535e4d79901d5af708fd
dangling tree 4297dd0499fe0280a5233e8fc12af549b9d264e5
dangling commit 9097ceeb9ddd00e1876c80f0fe8cf8d715b7fea1
dangling tree cd9a2c07a60c2e1e0e2ff241da168a02af51de39
dangling commit c99c47b7357a9b3f8610cddbcc26a25288d79653
dangling commit 4e9e3a39d83c2cc901f00cdd53a33ad0fb48787d
dangling commit 389f044545db602954fe3b362eccfb6e61414aba
dangling commit a3a1caee2992cef9e81451c00450c8004df2f01d
dangling commit c1a34cdf25563cc73fba8350cc921d7747f9fd82
dangling tree 33a5ca5f5aa00864aa711b32e3f4c3ff827bce4c
dangling tree d0a52f570616134f7ef957245f9cb06dbe3fcbcb
dangling commit bea6326d6fbddf9601cbabe7c5c7ddd3ef873858
dangling commit 97a9f6ec8e7504af0ff897db6f0c19e403752c35
dangling commit 81acc3cca2f4de62a54ad82f3ecaa8263412a4d1
dangling tree a9ac73e64a921175e6c693ea40dc52000d5c84c9
dangling commit 72aee028ee81b0f457498dcb827ae56d2ccebc64
dangling commit dbaf925c753385bc0a559bd99c0eed33251e2a93
dangling tree 36b0e924a0933f9e6e648ed19a42a31b331e9521
dangling tree 77b0238e6d836bc039826b815a3c511a9adb9a4f
dangling tree e5b172a84657d7c922191319ec4284e0c0d5a36f
dangling tree dfb4de46d656116120462f603ee97efe6682badb
dangling tree 76b5eba9931c6244b9423a564f4412601f08e0c7
dangling tree 70b6d8602b4f3591af2d85c672a71c3ce02e5744
dangling commit 7fb644d3c716b6442067ff54bffd8589a17689aa
dangling commit 02b73bd284060a62c9c8abade81c23afc7f4ab87
dangling tree bcb92c00ed9f2c124968dc2a7c0d0c4b6da6f7a2
dangling commit 74ba07c207867b1f01d6421f813817d41608c537
dangling tree dbbab6304396f763e2e1ddb28ca8c1b906d55497
dangling commit 29bbaf5fe0ed44178eb48cfa9ee2164ef1558099
dangling tree 9abb619942b8f20232c2a5bb97c69b2bd3b1b983
dangling tree c0bce1a593fbb535d27207b74eeb2dfc3905419f
dangling tree 12bd6dbfb5dc6055cb33f9f2752948c0e60a4b0a
dangling commit 6fc024ee515c906be963d784c9fea3a64deac042
dangling commit 0dc1cea1b195991cf72d7fb8fd5a8416f1f78b9d
dangling tree 2ac1c3570c7b090f84d6a6661f22b7ffa10ee698
dangling tree ffc2f5ee3f88eb962ba1138647c216ca64d6b409
dangling tree bec50c4d5b02ffb2ee91d33720c72709c1a6705d
dangling commit 2fc85845824011e7062b77422d5c378dbe35104d
dangling tree 50c8adf6b935a7e569ad5d07c6f106be4663695f
dangling commit dbc91c0cffc5722b8c6ebc93deff8e32d556dcac
dangling commit d4ccefe0631ec9572b7498ce8dab16942be10408
dangling commit 25cf5068dafb48b1b3e10455f8ce4c02066255c6
dangling tree 9ecf23e41d1c158502a7ffa9d27eb0a3f3eb8374
dangling commit e9d0a37434c47f77911074ec8f6d679eae7c860c
dangling tree 09d24227c81a2510bb57cf23b4858837dae4e56c
dangling commit aad3c65aa27098b286e319c08b098d69a27d6458
dangling tree ead6aa59a8d91d5f7b0c2832ecf50548205df943
dangling commit 3bd733befea7d4c7be3b874870aa071bcd5ddcb7
dangling commit 38daf6dbe1ec890009a5690ab14c6f7d23d2859e
dangling commit 62dd8b9b4e9b5bc3f48f342f5453e3212ab6a458
dangling tree 1adf3f7ce6b7dc3298e62d417cfcb4e747eda491
dangling tree 12e46f9d569a7a7c810a7ed4345513803f499cf6
dangling commit d2e4fc2877074512e27230f45b326d40ddfea9bf
dangling commit fde4bc1743b008c9dfd0a57caaa3a4275f45e180
dangling commit 92e59480fafd70fcd2a92a0afd412807781dbcb1
dangling commit d8e50fdecfcf6de28f2174f98604a6cf3710e40f
dangling tree 94e83adda816874c0904a163d5d184097f8df2be
dangling commit a1e824f91ca179c3a39a5d8ee494369fcbd2041d
dangling commit fae8752a58e7af6e0a459b0597a8ce200a67103a
dangling commit 46ea45b0d336574d061b3d5c53e7fd2cf95f3549
dangling commit deecce0184170a38b65fde0a5da795a7f166c1b0
dangling commit 4deff7f240d95a3465a95195cd4d1a1d3ee39882
dangling commit b6f57c74eb0caf814fc70fafae889096b7696a30
dangling tree 62f60021406bae0ba030ed4627f9dc5a2ae5b0a1
dangling tree 2ff7cf681ebdf0647f4c3d1a2bf42b20dfec56ab
dangling tree 0ffafbb35cb6a712e9ff58ffe8ced5aa18a9282b
dangling tree 5efabc48abbd94709e77db5fa61f6b57fcbad51a
dangling commit 31fb157bad4b2f472a44aaf6cfe17663991772b0
dangling tree 5bfcc38f99cb392fb4fef523e8322effd6782e5f
dangling tree c3fd3f03a2efd405f4d8f288de96d0f63bfc20b4
dangling commit 05ff3bd79b01af3a3f8c37148e53934d80e33561
Cloning into '/home/user/typedb-slatedb/sources/typedb-behaviour'...
From https://github.com/typedb/typedb-behaviour
 * branch            ac5d5733a484cea1d8809a2968029a818fdae24f -> FETCH_HEAD
HEAD is now at ac5d573 Add tests for whether conjunctions can have valid plans (#434)
dangling commit 60841abfb8e4239b48a43789fcde7159c50bfaa6
dangling tree 13d04ac0807880b0552650e5c7cb4ee8d2c616ff
dangling tree 7a194c0db19459efba695f729e6d9ce87aa785f5
dangling commit bedd11c377f41b8d9d351158a5fba021ed589335
dangling tree 33f2188773f51b7543d2b4a7f9335feb92b49744
dangling commit b633b5794c049344b317c3c46abf5a211dd18929
dangling tree 14b818249f12a39ac9bcebfc627325ab280401c8
dangling commit 36fcf85ecdb09b42d539f9bbf4d0e2c0fa5bbea5
dangling tree 403de7ea7e23d16c5261933c863c86b6feedcff7
dangling tree 8a3ec12eba34c299df57a928d5e2757b1d594a8a
dangling commit 8ebfc2e47544b01c852c95a3dcc3e9dc4770d7be
Cloning into '/home/user/typedb-slatedb/sources/typedb-dependencies'...
From https://github.com/typedb/dependencies
 * branch            a5c51254088f343fb8b6a9668eaf99b35503dad4 -> FETCH_HEAD
HEAD is now at a5c5125 Use -fdebug-prefix-map for -sys crate C determinism (#624)
dangling commit 800422b486ac38a8b9ab324bdcd89d973a4d582b
dangling commit ac058d524550c8696a6ceac972feb888bbb1f35f
dangling commit 2408802398f0e89bdb8f69e9c414b74c690399b4
dangling tree 090bb0eec6e79478ba9575ab3d18bca048a62f79
dangling tree d18c821621d53a5d10549b6bdca1b1d013948093
dangling commit e20cd07fe4277af224eeb91fab59c8c2b6d5787c
dangling commit 06d12fdc90aff94e6b785f421c0833bcb0bceec1
dangling tree fe11125651b8297d6634896b197cf28817ee6d24
dangling tree 1765cd430009c04351a25d38a29b8212d2c7309d
dangling commit 30a561148d4f9cd119088e7e5cc19307207fba89
dangling tree 4eeacfcad2d726550f8e9d38e5d361a2290847bb
dangling commit 56ed57603e67103d0a371721db2d15e7e727ccac
dangling commit 5af11f5ae965e9ed94bb22473a5c38d17b9cfe99
dangling tree 5733c7f473d416603e00d836012f805bc45a9fcb
dangling tree acf4dda704c5956ee374582ca86055639da29fb1
dangling tree 2735bdd1d1cd05b43d2fe87dccb938d8cc7e0e34
Cloning into '/home/user/typedb-slatedb/sources/typedb-bazel-distribution'...
From https://github.com/typedb/bazel-distribution
 * branch            ab5bfc90274e2d34569d5bc22558314b551cdecd -> FETCH_HEAD
HEAD is now at ab5bfc9 Propagate tags through deploy_artifact rule (#434)
dangling commit 8756119e8ad5cd52d8a25f0d0204d6ff29dccebf
dangling tree 2579cac450fcaf32a3f91f9d43ea7d7d8e674630
dangling commit fe797562b37acf0e85ffd7507484ac77d0ffa14a
dangling commit 78da2ec22d8c77ee6080c0579da0936b81eca8ac
dangling tree 9c3b96d5f7bab47bc06c29bb959d4e4e0cfcfb75
Cloning into '/home/user/typedb-slatedb/sources/typeql'...
HEAD is now at 7f4cac9 Prepare release 3.12.2 (#459)
dangling commit 170183b8c1fa2f4d61b11828b17f2a711e3c35f6
dangling commit 1504fd772303c2e2a406e907dd56409c45fb4959
dangling tree 6784b68a77684c19f32853d947200d64edee5b3b
dangling tree 2905de3709ac1abfeb71b5526ef018dfae66d7da
dangling tree b785bc2b7b1125c200a49e46ec23783fc20e35ea
dangling tree 2c8601c7c641580ac78d4b14af63a79aaface48d
dangling tree 3f0613614a395eeb5f3acd19ed0d4375956fac30
dangling commit 918714f620cb1a3b117dc0c0d089e22a12d54675
dangling commit f70712bee2be4f72dcf3b957d0682fa5f0af614c
dangling commit 508bdfa6687ae4c48d482318387204f1ae7bd4ac
dangling tree 878d4b815b68413192c11007c3c14624bf425b09
dangling commit 16915743e6a4db488b42f4329b60e784537598e5
dangling commit 73935344f71f8b0ab61225cc77deab459129a3d2
dangling tree 5895da904fa416aa97d789c97864bfbf9a9859f8
dangling commit 9215bccfa9e407c9489d014eb312d56081cda3f8
dangling tree cf952027eb0953eb61653842dda6431455724f30
dangling tree 23964cff7712fe2fe17c0a0d8f4f40d6e6d94c1b
dangling tree 3f999c0ed96bb542bd0d19fce8bc1119728309fa
dangling commit 9f9ad6beea9fe6364caa19112e9534a70c257735
dangling commit 0a9bb351d981516709473969435ca99df4e0f0f2
dangling tree e59b77c6be5d8b00d4ebad3dc99c1c4d1badc831
dangling commit 059c0332e33a892e6a04bbf83df5634d3d5df249
dangling tree a01c17b6456201e4d74907165c42795909a925bf
dangling commit fe9c63e3294009f7610cf474aa7149fbe14bd9da
dangling tree fe9e9a2621699e8b767979f143f14141d4f321e8
dangling tree d3a04414ac3b2c48b7c04b816b04c7b4092266ce
dangling commit e6a179db47dac50c256fd487deba1a0609ac0e34
dangling tree b5a55029bd0776a4a6e7611ef1b704fcce1b64e1
dangling tree 8ea749dd842d1d32134e3c31460da7e6ec2e0988
dangling commit a6a7056f6f157ac9f84e034f2a4d5ccdc53fe83b
dangling commit d728d1021415d39dc308cf684416d9dbbf1571b9
dangling tree 74a9a7270556ef49aaefa8e9f9d2f3d1ff3813be
dangling commit c1ac757189ca77b21371887b634b0e1b143c9c07
dangling commit e02c79ba4845330e01d979aa9089fd96bf1bc6ae
dangling tree e72c18ff2ac3172bf6b1326a918449881d8c3f41
dangling tree c52d14706e579daadd52536beba8c20995de6bd7
dangling tree 53b3f3f83c7fb00c6df067760917989f24af1a07
dangling commit 593476fb3bcb643e59fd16efaffa98743ee23e28
dangling tree c3b57fce3f6fbc385d11b5566466253588bd2428
dangling commit 82361cf09b2dcbf0836c4a5bc312ffbd4b26eade
dangling commit 4e37a87cb562e47f04c270c6147eac2567d4a223
dangling commit 6e373d87b80f0f8e9d55f22ba95c7f29215c60fa
dangling commit 7db725302c9c7cd810823323d00cd31f08e5c160
dangling tree 91b81190d3eb07562e27a589f8de426d9109b33b
dangling tree b83b827e9c4724b557dc588825e0397038c3d042
dangling commit afbc3e2d2bc4fde8838cded376ade469d8fd238b
dangling commit 27bd6871a8b25f77182b7cfa2eb2bb724a7583e5
dangling tree 453d70f5724de405d0844066427fe8c9a90321fb
dangling tree 98bdeed16a4e46c41cf36c914cc0e1ab6e76ea74
dangling tree bc3d134ec172acd78110886bfe908334a54c1c06
dangling tree e8bd77da046f2df1b24c2808604114c59541a247
dangling commit 893f15465c43fd31192eef2f1fed87a9a2d336b2
dangling tree 9d40c6050d95e03ad32bd71f5ee201e5708f5ac8
dangling tree 44c10038c6bd0288e2529d28f2e43bda62d7624a
dangling commit 6d42063bd15f9a293b0f3e19f082bd27a0df74a3
dangling tree 96c239ea2616fd96c6f0ef090caaebc5f3fb3227
dangling commit f543381c43d7874b294db120eed6997a510c0f2e
dangling tree ae44c508574db96587e07ee820db71d3a032d1d6
dangling commit ff46a9b50b021cb8c144998ef2c2e0ee84794363
dangling tree c1cb8488aa6a86fc77a23f2eb8c0cb7f90bc0fa3
dangling tree d34bcf47c8ee694bd0bdb61a73b070ee84f078c3
dangling commit 68cde9e2beebdc5136557e8ff994811704b6d875
dangling commit d84d51a4db42b6a2c2e2dd4aecbd82e8ce7bf521
dangling commit 6dce697f5a0b5f67194e531d3efa3bbcbd31a088
dangling commit 66d016bc9a9fd1c6cd404adebdc520f8bb7a9f9e
dangling commit 7cd01ec7d5fefcdca58c634515299f996037f8c1
dangling commit 995072d6d0a7966dbd7ed8cd73749d150d33f3cb
dangling commit 11d374b157efc00145851e0b8125d65a716b4bd8
dangling commit 04d4d701e84fc569d27aa1cd585b61a9c294ade1
dangling tree 8655bf448b00e3da06dc0c64294bf8154a33537e
dangling commit fe555f53430ab36b5e42c485641047e817a401f9
dangling commit 04d6d804b7493f89156c67e6b4c8d240fb1d4eae
dangling commit 9bd7d56a907e8bf60ac5a5a7ca609131bf1b24f3
dangling tree f4d8948c9d8fc8570fe9cdb0853ab026cab85df5
dangling tree 3a59747a371248af9c62478621b6626737fdd630
dangling tree 4e5b8152d4bc418d22bf55d0f160fbd6768f4524
dangling tree 91db872ea279b4254b24363963098ea9037ac9ff
dangling tree ef5ca8ffa8f04175c66da846c7fbb6ce6d67020e
dangling commit 965d9e09995755a67bbef96b6db01679100285c7
dangling commit c9dd78d683393f54e65139dc01e4b74fadaf3173
dangling tree 52df03793b423ad9f74bef3baf478b5e58e00413
dangling tree 4461fd08b6579db8e59e7c569b9a6a546f87754c
dangling tree ed620f8939aa7b2ad72316ea061c0014dcdff89c
dangling tree 43e42f27a9430a88d309b3d1a99197181239c0a6
dangling commit 5e64a01eed5f8d62a2ff719fdbce83f6fc49a5af
dangling tree 8c652eaf3e0898e2a1e4c3a1abc9ebfb8da1f3d9
dangling tree 2f66d4f05d14930a82426e8889a8e62d95cd9367
dangling tree 0c6753635f58ec2fa757d6e26145dd2005ee3fcd
dangling commit 7768605948d86dbc1903f491a72c4a0b143258fc
dangling tree 8fe803a3c0d5c6c6c794689c4ec1a3ec00a31a8b
dangling commit 7969d446a4f739ccb82ecb93196b7d176471a066
dangling commit bdea915244384eaf0595436e7ff4a4891c95015b
dangling commit fd6a02d44b9b238a10d995884acaae28762231a7
dangling tree 3beb9ed8da4e60d4b042b11770a4a51e7e31e224
dangling tree 5f6ddddda490790f4f1cdb1f0736effd78401f47
dangling tree d6ee811ed952c9244cbf8d64e1c6b65e1916799b
dangling tree 206f5e97d124e3b0f6eef732f04f47ce195ffe26
dangling commit 326f21034851430045379c46acf855d0bfdc7e05
dangling commit d1ef6785b27681bc2296c00e61db793d41f7f018
dangling tree 51f08dbd7a7ae6fba77e8282d7e33340af1a1005
dangling commit e8725d27a82d4b3a31da72821ae70309242c7f86
dangling commit 4c73ae8089e70cfa88fe0b3879c4564a15474a8f
dangling commit 777323fa2df5f1d850243f69ee6568ba8d39ddcc
dangling tree 68f42c3224f396ecb53a9f7a67bf49b3af0d9adc
dangling tree 6f74ae0c6941e38c8ca260799094deaea86ad686
dangling tree bd75b179edb0ef4226b454b4d533aff30396d45a
dangling tree eaf5ea9e38b181498543018d1eabd5364f260608
dangling tree b3f6dc4ccf1897f62ea323934e9ab7244451646e
dangling commit a1f78414a4e3058d34588ab5fc8a4b1d08c239d4
dangling commit a1fae91ebd68ed2d7b2eb5035c1287c3bc66789b
dangling tree b4fcac73ae4a9d0d551bfff28fdec39586e547e4
dangling commit a37d176a2793eda258f99ecc60fc06afa84b401d
dangling commit bd7d5bb023d6a707e8418ecf5979b5532fa863a4
dangling tree 357f37c4aecc09d8f57ff8db64b78118ed6c44f8
dangling commit 7bffd539cad22b5a3257a6a3de29cca220915142
dangling tree 8aff64d1489eebff1a398084ccb856e2c61a1005
dangling tree f97f5fdf2533dacfee3fd8e474537ec2280c0064
Cloning into '/home/user/typedb-slatedb/sources/typedb-protocol'...
HEAD is now at 0373c1a Prepare release 3.12.0 (#255)
dangling commit 3300d136a35f35bed58137bb79a6e3774dd170b9
dangling commit ae00f1339236b851252a4a6ccafe5f1753797945
dangling commit 2481caa9e620ab3502546baba4eba311bad8b92f
dangling commit 246139d83ad8d3b5b3f37e2bf26d3b56fad4d8bc
dangling tree 9f61c582701386d8877f9b4119355028400dc9af
dangling commit 590214ea24561b2cc226a469439ce4544e81f6db
dangling commit e0e207ef0c675e651efe50346fa4e05d32ae3051
dangling tree 80038d9d7241836fbf1d9eca9c6fadd7b00b278c
dangling tree 96038d0afeb90501797267d4d1d1424623a68597
dangling commit 9ca377271d5e5ed9491fd166ccd0a4a8e8c0ec01
dangling commit a943d761c9fd94c9ff1e170ba64f507b8bb51df1
dangling commit db2363760efc2db4973671cd1f550212e2055596
dangling commit 1604a58315aa19db3ef6ddbca7e4e20d2e37f3b5
dangling tree 492444e60a6a13620008484d6508c3da10c0dc59
dangling tree e104427e01f5828bccc9e6dc57bce2ca1e5709bb
dangling commit 29a5eab3ee66363124f4f59f30e36b1c6443945b
dangling tree 6bc5752333592705379e98e3e9432e81c4af1b0e
dangling commit 82a57fd0710d5b5758d04a1146383dbcb242bf37
dangling tree be4541070cd8447074505b00322890525b1f0df4
dangling tree e565a8eadba3bad095262357605edd396ef21a8f
dangling commit 0e26ca6d295a0c82143ac1a36057ed389c057c12
dangling commit 47667a3d28bb30056c5e883b938aef58532df725
dangling commit 5ec62eaed22299a2b56a207db5b83dd58a0e76fd
dangling commit 6aa6e777ff77d7f913f9cce91ad980d5ba593bdb
dangling tree 71a6bf52bd91733774bea3667297edebadffb2d7
dangling tree 01e73c6f30f21fea52d90bcbda7e1c7205d84369
dangling commit 91e7e7423a246bfecb22f87f72d70396af7479f0
dangling tree a347d480ab16c4019212f5eb4cc56deb600dddd5
dangling tree f1e7cc0e6cc3eb38592475803c32dd46fd985191
dangling commit f4a784601e6af2b41695733dac0bf2ebc2ed45a5
dangling tree 3b28e02f288d9c98698370a883279c76e597da82
dangling tree 69e8263a13036915f44637232f8f0f1710d2f22d
dangling tree a8e82fc1f9d57ed65a6a590f6bc74bda1518c639
dangling commit d608bb39f21013ed0e569581b599900d1d60ede2
dangling commit 240978269c6380983238f488a8b488cbea4fbcec
dangling commit 79695d07b9b40648d6b5fdcfc1626ee3b60ed654
dangling commit 7d694faed1d969fc8f33ef1ccb5167aadca8b028
dangling tree cae9b4b47ff9897cbc595c3cdb069abccfbc345f
dangling commit ec89440dadb449f223ad2c925b238aad06b80c81
dangling tree 7bca1f7ba2227ffde1ec6107e91550d9c0c99201
dangling commit a4ea7c4faeb3d070fa6fb778a3fda4da46129462
dangling tree 272b91015d9ee72104450b509d062a45d5eacef4
dangling commit aa6b4165abcac8cd8bc651c9af62d65068b543e0
dangling tree c2cb556f621c7ba146c83252328191803955f721
dangling commit 3c2ce775272bd53b56c46c94ac15b20c09e5a4f5
dangling tree 9b0ce3eaabbe8be3cc5de50297b7fd37526e6c3e
dangling commit ac4ca6a5cba91cd9a42c16b11738f1551cde4288
dangling commit 1a0dfaa4f3a60256aeb749679bf135f3a831242f
dangling commit 3ead863d3a4b15a35178ea9212bc70d0a489bbea
dangling tree 11aeb0d2bb5dddee075c506a584a9910362bc92e
dangling tree e9aed493d2677304100a7d341785adc5b8bf00e9
dangling tree 080f1225dd50d69fc36fc62f55c4f49a4ef8d06a
dangling commit 386f577c27ccd710b31ad7332ef3d733bb8e4a94
dangling tree 84af8ef53e5610fe92489968b168861c9ff3a9a6
dangling tree 97af08151573346420d3b95b9229538507aa1cd7
dangling commit e1efc6cf4dd20462776c95e6ba6d2d617f552c09
dangling tree 5270e44e612bba1e45c6ea0ae4ca736e43013071
dangling commit 6630e4e5199b3a37f7c8870c9c7924d7d933db69
dangling tree 5931898d5232717ef3b5aa33a23eb4c4f7fdf49e
dangling commit 77d166fb93155feb16a9e99d81969888984e8db1
dangling tree b2f126b0274bf2bb31a328acd76a47b73bfec885
dangling tree cc518fefa0378cc53433f383ef4c17154304b66b
dangling commit 4ad2dfeaeca85f4ba2f2b42c263d3adf3e36acc3
dangling commit 5532ac49d8d13d4832388c0f645031781cc12fa5
dangling tree c152b311b96ea0c37adf79dbab341eecd3a81b02
dangling tree cef26e9587754f64c44ecbe227edef3897e62518
dangling commit dd72ce607c0c3ed91b93f5625afbce6033e82eb7
dangling commit f6528beec33d6e3c31cb5dafc30e8f0f097c3f82
dangling tree fa72f5c7f5b3922d6748255f4a4add4b43663525
dangling tree 36f3a18898a360686f8f94fcb393d5453ea23a34
dangling commit a03331b0232d3ab8668c2ac071ec4df5353a735b
dangling commit f2532adc8109bccc6735bcbc1b812650a79314b8
dangling tree 11f4901288cf6b4a5091a05515e684f1a00215d9
dangling tree 72b4e4fc544d786cb70a72f243f724ef59bb5c78
dangling commit 84b45e113a85b36019a3f0214af2ba1fac2c4b8f
dangling tree b77437a3517f8e3843a7ed515237b1c7efc7f62c
dangling commit c89434d79e277aa389b89eab75505bf892e4aa04
dangling tree e7d4ed00b4aac5513e8ff788599f90c9bbd3d658
dangling tree eb94f73546229115929c1f6b2d1dfe7b381f95e0
dangling tree 0ed50ed65fa8ccc415257aaab0e5bda145c4a6d2
dangling commit 4175c66c058fe35eae05f0d45b7ea707d31b0dea
dangling tree a215c9ed738ea722d6eb9a6ea6056b68d42d6370
dangling tree e295edf52bb6fb3659e1d9591e6c52456f1ae250
dangling commit 14d6845751d0e94183f2950618927e7d41f1025b
dangling tree 58b6145c2660b97ebb53b1cfee8e264c917c0d80
dangling tree 9036edea3f8662a91ef100de6dea18a1b001200a
dangling commit a9b62572a7ac9b8ec6d83487eacb2ae12a1a6355
dangling commit ddb6140d52dd7bd7399604f365519751ba09a677
dangling commit e6f62093b54499b20e5202279bdea117bcce7c39
dangling commit e53612c8c65992eed46aca0a69520cfae42cbacf
dangling commit f3d67a36982c528bff837219e83330836d1247ea
dangling tree 3c97133299bafb537cde6981da9fdece0f34593a
dangling commit 6a57230fd28f0f3e91d28237a8c9db4892d3b1b7
dangling commit 6bf7aee90fe0d0b3121a0c22aec73b97b90cb0c4
dangling commit 94b79eb376e853a0a1c2b1ac838cb9d61f385100
dangling commit c85771f64f2ebe9acb8dc25a6c23b22a31067485
dangling tree dd9706912b42e0bd64dbced4b4e84fc2d79ac664
dangling tree 4c78f4c1b5626a4689c0b3ed4655db77ea9f8895
dangling tree 59b8a8d64792bef2be3fed9b219a5ff0d03d6ee2
dangling tree b13849f433ec7a6ef0693318857823b87cbec1af
dangling tree d9788999cee0153dd613ad15dc925fefc6ae4738
dangling commit 0f79a83a87b6120d677264bb46d2bb46df83074d
dangling commit 3a39f0b94fd7ea316ba5a4f74d44d5afc454cedf
dangling tree 3c190ba5452c43d635b6aabd5559e1ebdb152a18
dangling tree 9999d2ba767fe7e908ef1a44af9ca4aeef1eea7d
dangling tree a0d94deffa92966445b1ae375114a0ac00aed083
dangling commit dcf94b9249dfaa86b6cfee926cc5c932426a7995
dangling tree f97932eae7606dc66af39c513e56d77b296c25a3
dangling tree 059afc8dc321e59811bd4c75472884b56b47824a
dangling commit 9e9aefc63c8bde0c4999651e5162e6485d7be18a
dangling tree 7b1bef35725f5c7723f093940b4fae90265d1f25
dangling commit ecfbfc5750df97252636ccea6547585863611c81
dangling commit 195cedd57551936d42c28b258c820263fcc1b563
dangling commit 431c2f95b50164aabd802e86d43aa68a6bd3c959
dangling tree 58dca6452d7b804f40681acc21c50fc03d789aab
dangling tree 96fce472e9a32fdbe230393cf883a1eab31d71c0
dangling tree ab5cfc1466a9570e899af217603fc42dda9b092b
dangling commit ae9cb7adbf234a39d35f158652e290d7190b0cc6
dangling commit 583db3aa61cbc645e94dc382418ca0c1db3e0e2a
dangling commit 8f5d97641c34486652dfc26c1d1f28ab0e677e9b
dangling tree b97d39df36a144ffc5a57d48002d7a9629fe0c25
dangling tree befd974884a73e6e3df36b6d35e73358a4a9d310
dangling commit d93d4e3c62e579cdc2cef619a5929f07da8f0d7f
dangling tree ddbd2a32299c6832969f1267f761ccc498bdd295
dangling tree fa7de81830eb414e4a91d844f033a84abf073fbe
dangling commit 7c7e24c43a59ac3e3b2c4bb17566eb9478099c21
dangling tree 827e3ca732a45f9b0389d9f4b61b1b69aa38802c
dangling tree c2fe3aee29ba34fd7eb760d692e170e0e771c489
dangling commit 3bdf1d5a23b941825f8b1c4b3c0bbb25f2ed7b20
dangling tree 84dfde80295d4821f7e2cbfe041a4681fe70e2f5
dangling tree c8df9ea80740d0accee0b47aa8b8093e92af9a0a
dangling tree e33ff2afebd06441b08c43add3a48bdde289cf98
dangling tree ecbf1022a0e3d92d39de348912765725926001f9
Cloning into '/home/user/typedb-slatedb/sources/cloudflare-containers'...
From https://github.com/cloudflare/containers
 * branch            main       -> FETCH_HEAD
HEAD is now at 78913f0 Merge pull request #221 from cloudflare/dependabot/npm_and_yarn/vite-8.0.16
Your branch is up to date with 'origin/main'.
dangling tree 88c0986a13914831ff16c4df433267933a816002
dangling tree c2c09082f41bb2ed3ab777033a67e1791ffef605
dangling tree 10c1842217b37e2e1b98b861f0032863d7e07f0e
dangling tree b5e39a905e62a0022db9eb55cc0d71f51e5b27e6
dangling tree 240524ad6706f87a9d588edbf2231b10e0325114
dangling tree d0458f38c3f7e3c2aeb14c92046d392ad545f352
dangling tree 1786565764115b5fb88fbcb4ea01072d6ef309b2
dangling commit 9306f8e6bf18fd7d68dafdeb08be9ffaca71d217
dangling commit 542cd2141008b883bdf1a4f19299a602ba41d82a
dangling tree 4d4d364e955eb29fd4baf90a027527e7e92d6f49
dangling tree 281076b2ec19529eef521e10caf40f9ada8c99b8
dangling commit 2ad09b53f58b50e8bdd90d21a694a8eddd9e035d
dangling commit c4f12f162368432d78b225b369280277598f4a25
dangling tree d571153b5354d71828d3c0ac398923ccd3290e12
dangling tree 8393c300b32f1694bb02544ee1eea9054bb75f5f
dangling commit 12d571582047845f2453bb3e47258170e2c30de8
dangling tree cf955f1c9ef8443a17269445e5523feee5fad0eb
dangling commit caf66972a9b57829693e966610f3224f0b99f0fd
dangling tree d7769eb8c05c48ea26573147a948f6d275efdeb5
dangling tree f83673ecf994cf20e31b6bee7b14eb7c86ef09e7
dangling tree e479c67a51713d26f3aaa3f0f0a017c973c87145
dangling tree 3ffd0c7ae652078551e4e06e91db84b11d1de15e
dangling tree 99ddcc6028ff7bdacaef3215e21618b6a3f6c0dc
dangling commit c39e533e665c9d783f3cf35a5632c0c105d54f3f
Cloning into '/home/user/typedb-slatedb/sources/cloudflare-workers-sdk'...
fatal: couldn't find remote ref c576a82
HEAD is now at c576a8271 Version Packages (#15154)
dangling tree a50720c59517fc676899b3d352f32b6dca8d13e1
dangling tree e208905ffe7758e8a755ad5317507853353ab1bf
dangling tree 1a098076282fb524522647023b30abdcc6a087f8
dangling tree 6b09300aba9f51c8e658e0786786547d5631be07
dangling commit f40b68192bdffe17855943d2d3b7093ce10e3d82
dangling tree 710c9004d6a1265aa3d5125a28798758440345db
dangling tree d20cb801a773102770bfa007846fbc189e3f0afa
dangling tree cb0db8eb277dec226faf889f31c8bc0c286d4b2b
dangling commit 950e10197d2c30a312af8d77f97fe4ccb64250d4
dangling tree 9e0ec8e55a7ce2e96a9efb8bf4ba19123fc01a44
dangling tree 040fd078dd80ac3c2813986acfe8dd7eaff95aa6
dangling tree 5c0f98394de95f178d95672c0e5f298d3883a252
dangling commit de0fc8f04893d45c7026b4c1cb1c0f9d57020846
dangling tree 031118a22ef4b66d15af08b1e0cad823f4292137
dangling commit 6d13a80e18f307ae1a9689d3aa8df5791b31f7a1
dangling tree 291518a490c43061bfac8caf7deaabecd46d8b01
dangling commit 1817602f64ffab20eed8613af9bb3b3cd12e268f
dangling commit 8817887f30ffc8a828910f632f6d5486833d8789
dangling commit ee1a30ab974503967171276605cfdd9d364e8dc0
dangling commit 1422101e65361ae9df25805c1fb0916bd187d2a7
dangling commit f12330774fb1bf12a58240439d234136e84ed502
dangling tree 0126b85e6913d264d4dce7132def7c9e627f4ebd
dangling commit ba2608da46e6c032a73b16dadb75ea09fd514a2f
dangling commit a62790fa95b78e16cf53ba108f47ffbb20eb9100
dangling commit d32720f574627efc7edec3461e54ae388c372434
dangling commit 542a2093238eefec797054a94eecebeb792aafd4
dangling commit ba2b58eddfc7a9bc0ee008142a9e3fa1851f6b9b
dangling commit c52bd07c6a9621e864c43d0f2fc4cedf8c77c2af
dangling commit 822d18550a90fe0561c4c38984104a5b17375830
dangling tree 6e2e78068ce2ce99ff76a8fdd05f291e17e3bf67
dangling commit fe2e083d1ee90bee57be58d5249e38858e625385
dangling commit 7d2ff8ded8ce7d94364d68efab93777a4796f04d
dangling commit ee30101db59b195dba734fcbd479ec1aeae1feab
dangling commit 1c31f859e97c065a2124ef054796b83a2eab826f
dangling tree 7133203aff479db7853032fbf8b433076cdbbc35
dangling commit 6c36c054ca726867a32264f0ffc58caff4498a20
dangling commit f23638165670731296da0e044c88c6298e0913fd
dangling commit ba38805b5489f72f649f942a4e040f0a18b43dc8
dangling commit bf38205356e7a24487189d5d8b724226eca7d11b
dangling tree c739382e55e1836d3fc3d427e244391fe99664d0
dangling commit 5a3ba8564fbe92d868e8e89f2a2327c77485589d
dangling tree 6b3ba81784e1d31045843159a34c04a297f3098a
dangling tree d83cb0f9e53866d228f5bc888ac22e8022eb3532
dangling commit 973ed0b908e902cf2c10909aaaa02cfbe44aa778
dangling commit 093f50b956f1ad9cb1bd40ce7f1e4e2de90991bb
dangling commit 363f28a0b2d70be2b863a1f2aebc6ae53245e4bd
dangling commit 6d3f00cd7e6302e5d44491e06b65018cac8253c5
dangling tree b74038ccf75410e2f7ba6be7f5d2d3cc4eb89a98
dangling commit e84008f7362321af61dbce5b5946abe7c8d992f5
dangling tree 0f41b0b5730b723fd5275b9d431ad522d9ee7da2
dangling commit a442e0d7eb2c39c0356ba3d1818cc2f7593692c5
dangling tree b84250cc2ae68542f0b23fe611076fcf898f0721
dangling tree ce4240d6e47542425456dc82c0b376e4d478418c
dangling commit 5843d045a41fd9a335630d5cb61ca1f572a1d8e5
dangling tree eb44205d7a30043ee4757a00f9cca8c66c41b4b3
dangling tree 5047a87683431e79ee78b865d108fdd4a7c32d13
dangling tree 5e47506734e4df918261898e74cbb4f91c68ac3a
dangling tree 2d4fc89c4b33f2cfa285df9c8c42446ab99ee960
dangling tree 3752c0b85450c7fa1b7f2489f423156cd757e2d9
dangling tree 3d54609f914ee17f7859b72b750d37d8e8dbc199
dangling tree 1156d814930accb32598fff9bd51d328f943928e
dangling commit e75850d42aa153001169eb370413de3613c42166
dangling commit 3f5a40d603656207ce2d236df2cd27eaf2476d98
dangling commit ad5e486f7907280a6b426efd64ae1fd8998159b9
dangling tree 575f5844a8d339f2c27c9770b507f26a9ccd7048
dangling tree f25f2852989ebfda1a57e0ccbb4dbf09499de627
dangling tree c36250dc6bbdb864b52385a2d648b1776c5f970b
dangling tree e162d8d95d7d9c05a7f42d1029d40268064af65f
dangling commit 1963f8e34a4572a2c6ee7727b7a46f437017a459
dangling tree 7663404948ade85f97f08758343eff3234748287
dangling tree 5864e0ba295ea70743e2d74f73ba1f1ef1e201c9
dangling commit c4653081c5fbbff80cc313bb059bb1592e7cedec
dangling tree 0e68e0f618c58364b485e92321bb9ba50aab7a7d
dangling tree b56988e281e9500b8fd68e2aa180b4f5b3aa8c78
dangling tree d06cc0366f538d9c40796edfc516052e22045cfe
dangling commit 726e10444d9b50746389b4f97bf483dcc7d0853c
dangling tree 516f508cb0a27bc11acadaba11e88d53c836ba65
dangling tree 5f6f08c695cd2f0e40c90a2c50d2fd04be5e2a30
dangling commit f670d840d0c5c6a7620de5f312f040fe37b99c26
dangling commit 017230f20e2d20295abe19945fae0b5681f867ce
dangling commit 49736081b3d09bdb3f57b78974ddb8fddc50d77d
dangling commit a07478c3ec062ede33f77b08ac277160c9b7c140
dangling tree 447740836674754f85296e03c1a95de5dd607cd9
dangling tree 10786890fc70f2e1486228cd7241693ae03c1452
dangling tree 867b18f7092f7a51c31261677e3a2f517981fafb
dangling tree f47ba8618ad1e8acd37d147667201e82df95c988
dangling tree 387e7071f062b39b3d27a1e88dedbf54452110f8
dangling tree de7e80bc13e939a5b61118e7f007e269534f876e
dangling tree 0381186a62ccceca8f050b2fb0f81867f8640106
dangling tree 5981c84744b392e0439a6ab93429b72727f81650
dangling commit a683385eb285e7fa8e1c368cb49176b481856c47
dangling tree ef84203a61990d0c2bb2b1c1244fa087319cf9ee
dangling tree 088710b646be471fcea9bb69c1de7aaa2bd13f60
dangling tree 0c87b8640271480730008e5c747145a66f865031
dangling tree 4c8b08f110da063cc2be058852f87c20d6d16906
dangling tree 6a8bf0171de08c1a9ad619ded68ba33cc6767c8d
dangling tree ac8b08c4744517c4c57610fec4f87a2af56de343
dangling commit 3d905896c555ebc5c8d9892bbc25324deba7d999
dangling tree b390a02111e8c4d3c9fb1b6ec55b368dfa0fd6fd
dangling commit ba909066bb975429a7c7b367891c07896905007d
dangling tree 0d9288bd50377b459ae3fdcdd1f3bc74c6268b95
dangling tree 1f92c855efb7bf9430fc74e40c3848db93a550a7
dangling tree e1927079c580db164f27e3def2036a965d737f4f
dangling commit f7921810b91c80f0aefd9eee7bd880014eb1280f
dangling commit d9934090594a7101912bd35aacc86ceb4cc15c3a
dangling tree df93e8fd37a50d889f7d04e529cc16f41ce6cf87
dangling tree 6c9408af7869a2289c17cd2467fecb6644aa811f
dangling commit 9e9458bb11bd40fe1d9e46873248e3f9863a383f
dangling tree c795f0a894347761fa0bd9452dbe3ca75ced54d9
dangling tree 1e9670450540b8c36f58ca85d601d8897fcfda8b
dangling tree c7967019678210fe7e95d96c5317dae2bffa5b06
dangling tree f59688b7b5e4869c342e5be7c654836d09a4a4dd
dangling commit 0898f8cbc70949c1327596891c2da2ee8db1dac3
dangling tree c8999003cdaff43606b63028faead4ec0898a92f
dangling commit ee9968e414806779a019e6341b43ee7855158d8a
dangling tree e99ca0b65eb089954ba1a78de5258b9908dfe732
dangling commit 959dc0b2b2353b02103fcff50df2f50171dad2ba
dangling tree 119ed828952c297b5fe88776e37a548983bc9f5a
dangling commit 129ff0ad417e7248e5edf00554271e0a94fe00a4
dangling tree 9f9f0087137c036f329881232e033960253ed1af
dangling tree 8aa3104cad51f9b481dd679e6ad056ff6954951f
dangling commit 3da4504aca8adf52a8b20a12d4277e6f34b1dfe9
dangling commit eaa668e1881702bfbecfd53cdb5d94284cafee4c
dangling commit f7a740f72bf1712ab614efd0d8b7f9e97e9596db
dangling tree b4a87067cbe9273c81a478c53b562b2d7cc81793
dangling commit f2a80088867ffe335c9072f1d7911b9332f150cc
dangling tree b1ac18da14f4080effa747ba8238eea8cdc7f90c
dangling tree e6ad3016698c81a2782205ac08efbaa000b9ff0a
dangling tree 68ae58bd9d40d9e4f5149479844e041e40b4c8db
dangling commit 76afe01ad9eeac26f6ff547cff0f674782c73efd
dangling commit 88af88c7547e824f3c75e3c90f9199e6d102735d
dangling tree c6afd8eb14e7deeb2451618af561b8ab0fc67b39
dangling tree 55b088eea028737f29bec578ad5c8a6ef460f9ef
dangling commit adb12819df095bda91d8515de03ac1a1e34cd9f8
dangling tree 61b2588b41a4152487cb901efe84a3c373ef8cec
dangling tree b0b2a863748538bb4cc5a9d3c6b167d635b0143b
dangling commit fab3a85f286d7ac32ec605c9490f586d96499a6f
dangling tree 6cb5309643df634d27a718b54d363b496153b7b7
dangling commit 89b6b0cc620470c150dbcf77113918d24149b7bc
dangling tree 0eb88877e410433cc01631c7ea222d64fd968fcd
dangling commit 92b858a026ca9f2ff2fc69c5d96f85a502195d65
dangling commit 2dba8067f0b9ffec0ef68d1be072f5ed3b364f26
dangling tree 92ba68936cbebb8c5336eb36c32418c8aac0ee3b
dangling tree 8dbd603dfa11334f2ab9e60c76c9f52dc0154667
dangling tree 53be40c85035f32600ecfb26103217759769f514
dangling tree eebe78bb42400e918030156c6f84ddca5c6ee42b
dangling tree 70c0486b4f7b293110ef32114daa93a7bd51d0e1
dangling tree b0c1507f0c21ee3eb9a28a61b579d3ab0d14e92d
dangling commit c4c5f076e8ed940fff09336c1cb99304bd613b24
dangling commit ffc808f3b0a84a15bbe0967f57df71224e5751c9
dangling tree f0cd7055b7db1466994d3ac833e7a8839c0c301a
dangling commit 6cceb059bd8c6e4461fdc4dda359a5ea6ed8481d
dangling tree f5cf40c8255a8e99d9e917895e0325ac73039ab9
dangling tree facfa8c934efe5797c18a3e858394a51db30dc48
dangling commit 26d09886d4b900a1bbba22ee90da469049654eb5
dangling tree 18d188aa2cb0b9c234a57f52a9b041032cd49ab4
dangling tree c4d2f84413bb13f3b20db2e965430a90483bf7b5
dangling commit 3ed5602adf78a3e5f58ab895ae2ad1ae31731032
dangling tree f5d82093588aa3ea448a662a6cfa4851841ced0c
dangling tree b0da00d6f4aa37899667a0d6c1b38e150bbc4f50
dangling tree b4da986018407ed86a8936364096958eaa4144dc
dangling tree 5dde882aa46c9f31676739cedf7e770deef7374d
dangling tree b6ded8bd5a4b0dc8b47bd795621906f0d4040e2e
dangling commit faded8db9e600da8877902feb98dc7e3acf93794
dangling tree 5ddf2850403a951f26a29e97be861f0902a5f45b
dangling commit 45e0386b126eece43ee63c4477a218170c7ccd62
dangling commit cee1c8ad98805492eecae85ecac37bc937642b95
dangling commit 6de2807b9f933adb5ac484d4fa8a9d882dd3f1d4
dangling commit 00e5c8a7b7a2a5a443f6bcda495361f392176e88
dangling commit f9e7b8bc13b5378788ff54f86d5627bff3029c08
dangling tree 57eaf8f5f2361e81989f1456516ee6ada16b7c0b
dangling tree 74eaf087492a0c4eab6dd46d28309188c9bfb7a0
dangling tree dbebb04197d0f6a1decbc362cea4302630ba408c
dangling tree b2eee0e8d9dceafa823b6854de8fd4e9d1dc2a1d
dangling tree caee98c30c0fd5fb03f3e80d49d0f8ed243d1674
dangling tree 18f0b035ed0b9fabe09ed78ead07376f5210c2a4
dangling tree fcf3308dd7405147ba8aad5b2ba1262f963aa875
dangling commit 8ff4604a7234cde78d7b73d7b98a824d7df8aa3b
dangling tree 3ef6d85e98bf83ec350f2b58d8b58d674d19a6fe
dangling tree 6af7281ea2ed3d30e33363f7bc147b02ced65e73
dangling tree 90fba08a0a4ca6acd1a36b8e8c30018b9c127113
dangling commit 9cfb980c7adfc5ea94243825ed20c2a9f17a1f68
dangling tree a1fbe83a236fb0a608f4afca33977a84fb880694
dangling tree 9ffca899261103fcf45d33a6aa261262bf92701e
dangling tree 8bfdb80d916e2fc8a4ceb6f6b082990f192e0c9a
dangling commit e400d994a1efb670fcadf61882e87176c7983749
dangling tree e900419d9d7c9c3defe4591d2fc5aa0a2dc849f2
dangling tree b702f9e9fb8553786ea34e134a7fdfc65976a4f7
dangling tree eb02d9afbb7a3658149ee009dd0bfc197d9a62ad
dangling tree d40659799e6bec743ef59fbc99fc781041100474
dangling commit 04070119f5fd2785e2bb861738c03bf3214299a4
dangling tree 510ba19adfed9382e165f4e61a22a4f401d482a4
dangling commit 760b79b195924f825cb72662c6ae077f8011f1d4
dangling tree c20dc1b00e31671949b0efc67445320d4ef9fcb5
dangling tree b20e31511ca4bcfdf6090cbd9f63e64a87d7e40d
dangling commit e90ea1c99f91c8dc3e73ff8025bc7a55f4f59a0d
dangling commit 180f01a0cedc21910154589132baf05e4329dca0
dangling commit 240f41a8995d1bae36302b19bbc31fa5f2d27a95
dangling tree 2910b101ec1dd095349b3beffa937757547e13bb
dangling commit 5613497b48220fb05f0a39f0caf0ce72348702a5
dangling commit dd13f18656980b0d32bfdceb75d20b498bcf5a7c
dangling tree 0015812595671db01a338319190c775e6c5acb69
dangling tree 1f1559f20b811109ddeab9702919ecba4e94e2ca
dangling commit 4b15a1d6ebd89a32a92b67d5149902bd5bacbe7e
dangling tree c11661dfda246cbd49c5dfb1b1204c782199c209
dangling tree df1739907645c89908938bca77f0ab62b1b3d25c
dangling tree 5c19b91f3a08359a73c149dc642e8dd733c61239
dangling tree 131d61d57ccb18bd6d15f0f38ca00643c2823dd9
dangling tree 531f912ad95f0574d698449375ed807537d6731c
dangling tree c720310ad23bce0e6aadc50c74a7dae27d529b70
dangling tree 4027b92fbc6911229fc98eadf1fd0e3238d64fd3
dangling commit 772791a1efcbd9b3049d92fb401f3608e43ed757
dangling commit 742a695f94571ed81b6ade87d33ecb683f8a9836
dangling tree 4f2be90dc9edeb538192644cd756affe21c89487
dangling tree 902b0139fd73cae6efd1caee6e3ebef710f8ce86
dangling tree 372c311fd96e1125cfe95a61c8317089a4f9b2de
dangling tree 312f79a8ba4cf6f1c6a9f436689852a251c9ada3
dangling commit b82fc993c27d64e12e3a7f985c3f9b68d8c1ac5a
dangling tree ea3019b2741cb5ee836aeca92de392bcadfc9671
dangling tree e1312130f78a499404d7f75a814a7f5b4e5e97b9
dangling tree 823209af9efc0a76d77a17cf6be501c426981163
dangling tree fe34f1060abcc96be8cfa44dbf2c70a6a31a95ff
dangling commit ff35b9d1f589e2d07e0d1935a1c53b90de01588a
dangling commit 2636f95e8dbdcda9d2767597227f92ae3af14645
dangling tree b639f1d156027dedaf327733df1d001d9429208b
dangling tree 513a5931c0de09ca2f03316c52b1225023b5c253
dangling commit a63dc9c74beb386d96be1a02a2038fb498f4e357
dangling commit 003e490813c1799c4eddaff4c1157276850d471b
dangling commit 003ea960f4d50b87bc65a951d7454aba2d218ec6
dangling commit 413ec164fa919a98dbf82e42d805d7ab3d9a2b90
dangling commit 483f09b3c8a1be996efae4971f0555a31764589d
dangling tree f63f992fc8cd47429f3fae6ee6d7081e5870d0c4
dangling tree 1f40498eb14a37e41eb13e1e9ff47459a4356786
dangling tree ab42615906b101158534ecd24912e24db1f54484
dangling tree f14241957e8ee2578fb2e1cbc9bfa12ca13c6bc3
dangling tree 314571ac5138d28afa3315dd9ecfba9a4376deae
dangling tree 0b4619e0617dca4f31f7d599b5538dac8dfc0c96
dangling tree 8b4809f6d85141d2359511e2e3f6d45fe136c0c0
dangling tree 094ed95a68a800578c41961598ab4c5e96b77cfb
dangling tree 8951c91162e6d88078bdd35ef448381b3d65ba2f
dangling tree b952d1f03eda1b5b035f023b36bd4ae62ff6999e
dangling commit 1d53a182196fa370f273e4930602a40dcbd1784a
dangling tree db563107ebc7c754c435dd161f80aa8e034bfafb
dangling tree d85719953d25ba0a28af10dc2f47e6cb32faf7c7
dangling tree 1a58b130a031687cbaf4db1ed5e7dddcd0d97a5f
dangling tree c658f1d49582a814dcdb333f00e1acd18444f123
dangling commit 365939bf33eed754c6b2b186395244c38ba13887
dangling tree 455a69a138bedff71e6b31a7ebbf7422ac898578
dangling commit 915a5122ee5a6f491a946fdd53f97cd5e4e4e875
dangling commit ec5d31e2778e164f1004617f28677e78d13ce0dc
dangling tree 425ee91b221778a78aece9ac0972220543684b12
dangling tree 6d5e210306c889b7ddcb91ad4dd934135b51b5e3
dangling commit d9620116677f08ab50905625722742dfd7018f38
dangling tree 1564112785fdf1117a509e7b68e6ed90c1e9f3fe
dangling tree a065e1460e48889a38e8778039b0674183ec30e1
dangling commit f165c1e76702549433b8cbecaffe12fff6d80a3e
dangling commit 3566299a5a039862869c43e24309c19032766582
dangling tree a366a97b2832da62c7c2ebb864cc239815356d8e
dangling tree c266a1236acc16ac078c42a916b75d859edd4a68
dangling tree 73696133ed88f9837858a7c83d4a9787264b1816
dangling commit a4697978e238b4f53828d92cfa11521660529ccf
dangling tree 986a11e4864ae176bffce0c13dda6c51867aad7d
dangling tree c16af97411546666f7eb60771ecf4225056949e1
dangling tree 096c19b0ed668745f165171f88cbe098ef991d49
dangling tree 136eb9893c881aa9b7d377f306316218b43733a1
dangling tree 3871e14aa9e147a2ccd804016a8ce66fb7dcb2e2
dangling commit 027209ae97a5d9b47201f36684d3532dc5bbdfee
dangling tree 5c7271b0030832f9c71cc87484d7b89cf771985b
dangling commit ca72f90347de1934f3890709e557d1dcd4a437ee
dangling commit 3474e995ac622902169e25971d3fc8c52e84f16a
dangling commit 6674e9694bae42d0e68ce32e712dbc04bfed2d94
dangling tree 9879b12c3105f9ae3c47f91f7d8dc3b4b69e4e44
dangling tree b07951ebaedacc965ae27aa211b2347ac0278bb6
dangling tree 8d7af95b138dfd0e43c677b964f63559e88351cf
dangling tree 237b715cca34dfd86cb1d59f6fc01b6453a2ecc9
dangling tree b27ca131d147b91fe77a66dca3c4fe2334c18611
dangling commit 797e99acc52dae91bf43a7a7d7a9ba73eaa41982
dangling tree 87804983917c62c3cd0aca7c1cd5fb628f85a52a
dangling commit 0f81c175503adfb276a028fdd24ceea7c2030fd9
dangling commit f3820197b903e7a5f2b2235ac21039ef8631c7f9
dangling commit 418429fa2925426a9ca011175b437a8b84db53cf
dangling tree 3c8869f546ce6f62534cc8845a68bc2c3a2f1c11
dangling tree a48b61b04ebba353ba30e5803011e0146471a1ef
dangling commit e89031751263507df735602fafab6e6028e16f87
dangling commit 499109fc86735c84c16491b9f36d91a2b9bd47de
dangling commit 2d9239cddd83dc1779251011e3936256da717c69
dangling commit 3b93117b52e374425f18bf80403f9febe5372ce3
dangling commit 339509dbe142901a140866ace4fb81e3dab299ba
dangling tree 9197d9469d577c015f29ddff0d8d4bc3b4ecab3c
dangling commit 5a9b91fa0e2c4549a73093e1f70cef6a81d61f7a
dangling commit af9cc9298f550f1f451b49dd995d93d6976fed36
dangling tree d69e09c43c7f83204cf770e8f1292b68ffd73e86
dangling tree 16a0b96ba2ddbe8bc1ba78f89ef4f901e4467595
dangling commit c2a019d827e88cda326b4fe590777ab3894a34f1
dangling commit 63a2e9698d2a95d70a78157b40dfa31339ed9e3a
dangling tree 03a429b8b2e6ceec9f71a95e44c6200d022dc5a9
dangling tree 9da4b1b1e1100734c9ac2ae92ccd0e0e60cbb4bf
dangling commit 52a581e42dd095d9b4115f11168ecfdb59fa3f4d
dangling commit 25a929b5b32241cd4173f76bc53645fa1742992d
dangling tree cfa949dd9047fed2da3c1d97efc0737097fce76e
dangling tree adaac1e5dd018018941d10d00e6063a5bcfc8349
dangling tree fbaa31ee599e6903fc852136cb9ba9e0fe2b0cd2
dangling commit 76abc9b53a845772d613cba930b24a9e14e42744
dangling commit 96ab393538fa4444276106a1a0012e4dc1f68f5f
dangling tree 7eac0929ffa5961d8ab411c998b99809fc57ac67
dangling commit 34aec93c21e121af3a319fe4623f2259009d4dfe
dangling commit ddaef10208340a38e5f40225d77a8ceb273800b6
dangling tree 72afb9d9caea79b4154dd4818ff8c6c08b9946ca
dangling commit deb0d95c6d44294a5df3d76f6e78c7e6845d4840
dangling tree abb3a1571154c10a832324ae95ee91ffd3a298f5
dangling commit 17b561768afba374515d52d35178ec218e5e22a1
dangling tree bdb7e1e0b4d4df5a3432a9ffa25f6ae8ba38c981
dangling commit f2b781096d978aac8b30022f9bf30f3298780525
dangling tree 8bb8f9cd47d1448342492cbef1b4fe9c07e565ad
dangling commit a7b98969371f79cf6b695037f5b627f5fd4fb80b
dangling tree 42bb09b3cad4b5870a0c3dc8f2b932f3dc2ce1a5
dangling tree a8bce9e03f6b12da997c1d4be2ca15024c2bb476
dangling tree ddbc39817da312ea1a753f52699e8cdcb5c1eff0
dangling tree 1ebd591bf73facfbebed9abc29c894244cc159fa
dangling commit f8bdf1c8b0a788cdb8099a34284421cd50e88718
dangling tree 53c159a4c0427358727d4566adccccaebea1b30e
dangling tree bfc3210afe339ede50d4515473edd1791041a1c5
dangling commit 6cc4d10afc43a7e3089348a935094844d9420eb3
dangling tree 4cc559c9a89e50eb8624da70bc8d8d57b65f7a4f
dangling tree 83c5d948892c1b86373f3f58d13d8fd2eeb3ace2
dangling tree e7c501ed7d56d64b56c9559f717dabcb25f7cd4c
dangling commit d1c729cf8d2a04674dda8ad6e6742283e8f33819
dangling tree 18c9d191978301678f258c273ba860df5cfa391f
dangling tree 28ca490d3eaf704795db741f7d593176f6f8dee4
dangling commit b3cc911f0760500fcb0d275547797cb448e16c99
dangling tree aacec1aa02b91f18bd0fc7512730a9ac97f1bbd9
dangling commit 88cfb92511c6be24174ccaab79ba40ae5ba6f2bd
dangling tree adcf59d72e3baf8e1c824606efbfa0e53f8c8339
dangling tree fbd151a3553b46b1e6225781ad4d715491a89c9c
dangling tree b5d3099db7653e267b2638852fbed4855bcde4ad
dangling commit 51d7d1d3da6e17df71b5ff4a4a1b9cee50d5b60b
dangling commit ebd8a9f7b83c0e038077df8301646e46e15f3385
dangling tree 59d9c91fc363e92698dfecf13e386a111ead0eab
dangling commit e5d9298dc52323770a1ba7e696795478a3c62dc8
dangling tree dbda115d39f898440ca47a9883033f5af46d7b35
dangling tree 36dfd1b6fce9684c2e33248368314492750d7f89
dangling commit 41e1e9b13263d4a3c818b76c9771e10b28fd6429
dangling tree 0ae4c995b46aea92583add427479552cf3384155
dangling tree c5e811e63bb77eed28a4851fef21d7f18ef137a2
dangling tree 40e9f1467b3a1929f70e52def25e8fb97bc3ea17
dangling tree 4eebd9912f83d96319148a66f068f31bd3b882cc
dangling commit 3dec1124e548f9243f7c4277bfe6d012e8a94335
dangling commit f7edc104600c214a6927032e08268b1a9a85d253
dangling commit 01ee91a557d4c43e8fe80cd12066b4fbfd4ae492
dangling commit 6eee01fdefc3f675f55180f63c70c528ac7b1b26
dangling commit 7aeee92361d456afea332c220d00f85ff14173b5
dangling commit e5ee19fd877fb89d4107df1066840762591c685c
dangling tree ebeea1a66adfc810a9c1d4c4d13b71d7332cf491
dangling commit acf0e9edb956f63483cba75820ad5d805b9d0011
dangling tree 11f1a91e3b89ed8318117d4e8f823e1ab5292a59
dangling tree 4df6e111d8a112dd02007a8b29b6d77aaf587c88
dangling tree b7f6713ab611efba267f1a1e1c63a24d3f1fb8fe
dangling tree e9f6899970b9f4f400ed4831b07be1a6a1c3acad
dangling commit b6f8d11a8368aff18e075fa6ecf33710c168d213
dangling tree d3fca9b1391fe273b6681598b2894d7abe0f4ee2
dangling commit 40fd59580dc04e02fc05f36f44e310310c63467d
dangling tree 0600625e056ea87ce730cd1de6cb5fc44c8912b7
dangling tree 0e02a2b539a68bd106fc2c41901423403977a002
dangling tree 4d03faba2d7e0f42fced55c19095594f97ae66b2
dangling commit f30312d680a130b0f48f55278e935f6d26e1c004
dangling commit 4c0442a953c28a342d7d0df4e828ccafc666ab98
dangling commit 3806125f6987b6f522298d15a33efaa674d8ceaa
dangling commit ef0642796dbe17b30fd7b83ccfd3efc651ce0a1a
dangling tree 5b08429bafdc19c5c305993098088817d092612a
dangling tree 2d095ac797b0569a4c159fcb0107418de65246d5
dangling tree 370b62f58ff474614614c68b79ca87c4e8aa8317
dangling tree 9b0d8a655e1e579890a8a3c2e61e0b71ac9dbb0a
dangling tree d60eda7265747125f89fc2f14a4186ae0f1f36ed
dangling tree 9a0f92c6f80acaf21548ccbc5aca9ec203aa6190
dangling tree be12eac1b79bdf15378d5e25340d3212b2377013
dangling tree 0113dac7a798d4f6bc5f2437b4f1b9bbff2bc20c
dangling tree c91a72893665fbfb4f3e7cf8edba64cf518ba411
dangling tree e41a1ac3a859438bba367a10e8c11696caaf3b47
dangling tree a81bc2cc723b0765c00f949df701fdf11e04c48a
dangling commit da1b52a0567054656117c11d2db96b886157f58c
dangling commit f11f8a1393d4aed27d54dab31cd2b04115c626f9
dangling tree d1202a2ee41bc08550c434a54d7b58d570d00b60
dangling tree c721caa2a29c7b96434932e27d35f9828de3e912
dangling tree 57226a28ada5990350c905fd11e8f6a646298cb6
dangling tree 3b234aac62bffbf71e7c6a2ad23496d3adfb16cd
dangling tree 8e25cacba8a33c89fd00a6deaa06d4744510080a
dangling tree ce25aae0496a22dd90786331e6f6ce7c50d125a0
dangling commit 1c26ba3a8845a66f1cadcc1109abbc488c760a52
dangling tree e426da047119efd0601067cc9f7be59366546ba8
dangling commit 0429f2b3695b91857020861021a56cfdc8d1ad42
dangling commit d42902e834af63963f675625e6e11671753dac20
dangling tree 652a92f17d4fadfaab130cdbf79618a5a03770cb
dangling tree ff2aca79b327d22fa702b14758b714234d729b7f
dangling tree 382d4299080c0e8cd3ee4ed711786066af3d0345
dangling tree 752e9a46a9d2ee4930b442c2275a2d94d073780e
dangling tree fd2ff2d06e6810f8f09e3c7649c21a566e71d8c4
dangling commit 1732f2db9ed497014c4e1a62a031fdda05acdc39
dangling tree c633325a44ab441d2724daf00f9bc4750514bfaf
dangling tree c3375aeeddcc2926f7894df15b186321fd138faa
dangling tree c537522f53609adfa684be66bfffebbb72b06975
dangling commit c7399a24cc047613da0061f0d5d266498ad052fd
dangling tree 913b4a5b9e42d547641da7e9b29b5b51fcced438
dangling tree 923b2237138cee15c8e93383204097d32810d785
dangling commit 443e0259baaaef25f7cfb5f88c385e57bfbb0291
dangling tree d63ec205ba6ea96023e1a15379a54bb02d45a0a0
dangling commit e33fa28d2981f79cc403917f204543bf52305bf9
dangling tree 334062a2a59b14c68bac9ffd7ba4a0b3a8dea25c
dangling commit 8943d27385d315c9b8c62f2482e9120bbd7c16f7
dangling tree 0f48520298045b687234e9a1c6644dbce6623323
dangling tree a548da8358ebad76cf74c7814bda128a9359b719
dangling commit fe49123b5e942307a476f09c5bd753ca0f374c63
dangling tree d84c2a1bf09128b8606ddd1ad089b71d8da3c47d
dangling commit c84e52b88474a4c55d8f8b0aca798b87fb21328f
dangling tree 504f62965535cf9a7c39e9511c2efeb1f79cc051
dangling commit 9c50ea6c532e2faad5c04828cd70127d9f934216
dangling commit be524282cdea39db3f61d45bd8e0a0949921049e
dangling tree 2755e2cb01ee223b5f896119a4c15ebf86c7d693
dangling commit a05502b28d581c48ed2bc6f7a3bbaeaa70fdffe2
dangling tree 5856424700d34b1c30feb30396c47778575d51ea
dangling tree 6856ba2362241dcfaa58c9a8fa9cc1c63c5bd088
dangling tree c2563aced47067c18abda6af767b7b9a25903273
dangling commit bb581a7215cbfb1b969b90bfdb0aed23694255cc
dangling commit 075dfa9b58411cad1dce5fb5f3751b4b11ec4995
dangling commit 185fe2dfc62040eb202dd4506f75f7d0392f150d
dangling commit 7964c2b4286f73bffced6033f24eab35c30453f5
dangling tree 1866a2ca8d47cc2a213ca53943c534ea915c37e6
dangling tree 7867f2734e2e1431f6bcd0bd4e6902415a68e523
dangling tree cf67ea94ced51434b485c62a7f1ae5e7c7596152
dangling tree df690a953cb736afd2916dce8de3da196f513856
dangling tree 596b726977ca834a070e1fcf4639a72ebd411e06
dangling tree 366ec20fa288165f3b0d83770a21e4721de68692
dangling commit 9e6f12242a8517e713a143010a4f9f8441067cd7
dangling tree 2071fa440ee25fc14897f9d417651486132703f6
dangling tree fb72fa4ff74779e85209b2648cccee0fc6d83410
dangling commit 00739a9bdc61e30b2ba15c645153120be5d69f33
dangling tree 3a73aadb4fe5a54048872e7becb0fd6e666e59a7
dangling commit 3a746ac56a40b805e38f26ef5328e44917b543e6
dangling tree 3875029c2ad671c511072cb983d0628a067ba788
dangling tree 2c76b20053c4eadbdd28c9c13a4714c9385acbb8
dangling commit 8d77f2c8a75eccf0ab1dbbe6e0041e4d9c80e032
dangling commit d2781231a71117e3cceb2fda2004e46526c7d3ec
dangling commit 307aba08952919574fcf53ed73135811897183fa
dangling commit c97b5a395171c64b672aa9a8f8e05e1678d54f14
dangling commit 397c3ae6caddf9320af23484bf2b790b3fe2727c
dangling tree 1b7e1a412725742bdd4f9d4f65aac43be9c51e0e
dangling tree 657fdaab83a6bdb51abdcd71259881edf393a0be
dangling commit ab7f0a6c096488884d43bd51b63ede9cf597019c
dangling tree a0813a0339cc0c7a2e972a75830b254702202878
dangling tree 928342d9c10d37015ff24fad3a3478aa534bb564
dangling commit 2d85e27fd363e25a15d09b0deccf819e2e9dc36f
dangling tree c38722928765b1c7f614a86cbfe98e2f1846ae38
dangling commit 548abafc3bf39ec53acca171fc7e2b909bbdd8ea
dangling tree 8b8ac2aa140838ad636685591a6ee10357d2e88f
dangling tree 0a8cc242405c6a0454891682aff9642db3a083cb
dangling commit 298c026fc8b6c0d194f348caae08a30b7eadd468
dangling tree 7d8cea76481ca1a9b0e4aca1e904680dcd560671
dangling tree a78d3a6a8dc9933d6cafe7041ce7b2af6e1106b9
dangling tree 5f8e1a3948da7c47fce6c596bed9d712baeb2930
dangling commit d78e825fa78d56d9581918e9c8b70d7be6e57956
dangling commit ff8e3ad98df1ce9e0ae0ec9ae9b46d611c2f55b1
dangling tree 988f8ae3daf0ca348710d777a2d2d7d03b7fb69d
dangling tree 1a91c2b5705d7cd415ea3cc0bd9e56b5ded5458a
dangling commit 7b96eacf800ab22e687a3cfc4b6dc1101be5b443
dangling tree e797aa7e214afece97adcb71cc540b5b4884e982
dangling commit 839a92db1ee4180e95b0da4f639368de932ba6f3
dangling tree 6e9d72d5cadfc06ff37dab73d4432fa3cbe5f8c3
dangling tree 25a08ae090b614785ff2b0eb97e97ec5bc75ff1f
dangling commit a4a09a544f312b914fa8a2112a2cf0c69a2888bc
dangling tree c4a01a35732ec216fc748fc1ee6f21d13f61a4f8
dangling tree aaa31a0543ba404773a82876529bea7a99058985
dangling commit aea6a2090404a2c7ab4d630eab17d553a54cc762
dangling commit c0a7ba37f29e77485eb13226e28eea2fd1c05013
dangling tree 74a8aab30175aed5701ca9852c98b45e689d8fc9
dangling commit b9a81a4e327346b2c72ad4da2c7a19b641d7ad32
dangling tree 0aaaaa778b99245cc15d18a93567e5e37dad2bab
dangling tree 5fab52d40d23e1c3a2eb69923d3b1243bcc11d6c
dangling tree aaac8a8ddabd6403491ba0f48716f005e18e0fb6
dangling commit b0ac2a1797db0c3ec686def2b09688cfde21a778
dangling tree b4ac8ac79f0f3cc06c74dbaf7c4c2ebf0326036d
dangling tree feac82861c7466e2fc8c2e7aa37626a6d9501c4b
dangling commit 44afaa4aaf88d1ee3daa5b5df00ab292f6beca6e
dangling tree ecb2aa158022c49ca52e535bc1e026f95a61fab3
dangling commit 8bb59aa66cbc44a3c0f919fd75b2be2a063b6ac4
dangling tree 1ab87aa2336bc49cf96e6f69a1a086fbbf5a2f17
dangling tree e9bbba8f63645f555e2a4d8118be750de1b1bc7b
dangling tree 29bfc252f874f6046bc6daced569d37b6aa610a3
dangling commit aac182247415ffe19fe00033a8f918c8deec309a
dangling commit eec38a18220d15e25d811e274d947dbc4fcdf753
dangling tree a2c4b27945b775a27f3e7989df736847c4f85278
dangling commit 53c7a246a7444218906c524154c0176408a10575
dangling tree a6c7b2c6bcef74c561503df3469593b821963708
dangling commit 28c862cbd2eb2e2584fdefacaf5342bb8aff314b
dangling tree a7c882c1b651c6029ef6e7f4eeb065d27504ec38
dangling commit b3c82aba1f05259392f876024dff2167ebf90181
dangling tree bdc92aa1ded32e8d39c09d4068f166888428ae62
dangling commit 28ca92ae5c819ad02d89083e32d6289720ad2f62
dangling tree c9cb32311d1712046ca457581dd4b9cc14d197c8
dangling commit 3dcd72d3684027ab03654127c6766278c08e4be3
dangling tree c6cd3a2d784299ad0bd00d168c824114b960aa20
dangling tree ecceca9c37e1e8510b1716f14f30be9f40579364
dangling tree e5cf3ab3e3f2d200095558d65b9c67d2c69b0be8
dangling tree 9cd3b2809144d3c7cb7bbd3dd67e39b80ba830ce
dangling tree 6dd5c2c15e6f9929f647f229b658fbcc7b8de358
dangling tree a5d572a149d7d63dc742702cca452f818fad74a5
dangling tree 97d712b6e0a09d70b137cf87210bffb4d51d16fd
dangling commit 1fd8e2ffd61f5c65a54f3cbcc0eb0ee1516a7fad
dangling tree 72d8eae4613aa4cc728ab139ed45796752bb12f6
dangling tree dcd8ba4a3b7c7f26b43976da0a0d3cf16c2eb789
dangling commit 74da421a740e293520a15f2271f6461d1e20e8fc
dangling commit 0adc9a0ef86795b2899c94e8470434a9b7581268
dangling commit 49dcaa9fff02bd21f5e9ec61e326c80351cb0943
dangling tree 44dddaa32e6c957322e5438c13b049e9684ea586
dangling tree 7ddd4af4490aac6d2970c0f55e525bd3bb3bc1db
dangling tree 13df2a5f033d9f92510b36a93ce75757a4f3d0db
dangling tree 48dfd2956cfd5ab1b974889dd5dc60a3b1c45368
dangling tree eadf3a9bdeb6ffc8c4177b164aacfa8bba5215fd
dangling commit ade0ea2cabb707439dd3f3f3a701e4683be1462a
dangling commit b1e1fa9d26a87a0220ee4c881071e153fb5a366d
dangling tree 4ce3ea9a3a0418d07b1d975a8d7d1496066b1db6
dangling tree 45e5a2f89d445af252cf6203dc14edb3c3534c79
dangling tree 10e772036c2ad7ab27c0383f3779e68e5b82b4a9
dangling tree 3be702ac09c3a071e9441630fbe39efc146e6824
dangling tree 9de70ab094b9d267d1816750fe3615213cc1dd15
dangling commit 3fe9824dbbe819db709621bfdbeac1683ed8f073
dangling tree 5ee982c6247b7f1763499bdd4addd23472ebe042
dangling commit e4ecaa5cab8407f616aedbc7b50b43d84393e743
dangling tree 02f03248310f963e694045effaefa6984865b394
dangling commit 2bf1c2023eb336e307e59e737b104b9f73440542
dangling tree f6f45a79bb8dd438807ae91a93775e9445e441bf
dangling commit c8f6525a09ebe01b002c14fe2b9f3d61a4ab869d
dangling tree b6fa9ac2e62b51881e615a47a5c56fd9a3a7823d
dangling commit 04fbb2178692e96186ad28e76994d7ac87d1de0e
dangling commit 40fdd22478094a1b699375536ff24f3ac828730f
dangling tree eafde2ddf1b3784771aaba84cc89515ffc586efc
dangling tree 23ff924a0c7a0b104071f0b8e4bfc04567b50097
dangling commit d5ff5a4699955bc52733e759f68d762aef00c641
dangling tree db00b3f502a7ae1a566a3a3bbd84a588a7057dfc
dangling commit b6049bf1051abb77f44873ba464ab154520bb9cb
dangling tree 42054358b1d1a87695c926fdd199a0a22615749f
dangling tree 89057b22cd7bfdd9b7ac7cd0c166a5b65990443c
dangling tree 5a0783619c6003f313229707d36b1d8303e94655
dangling tree c2079b151f6a6e1219246a53f711041975f9cb76
dangling commit 8608cbd21ad51467c03cbfa15ec3ab33302265b5
dangling tree 220a032128a1ec3b568a05477c3820a72835a93f
dangling tree 1a0d633bed1bfac9517bc35c5dabff0fc9fc05c2
dangling tree e40df35da98285b8dea0bd58f9c4c7569acad98c
dangling tree ed0d0b69c2cdae278e18910459b9ef970bc3ab5a
dangling commit 64107b305708c3b6b4f73c098bf16cb99331b8dd
dangling commit fb12d39fa205fd94d9e7434fb6943963cf84c743
dangling commit 75130b51cd2ef4eaa70972e5d0e80bb969259320
dangling commit 6b15d374e72b901818843b0eee050230a16f53a8
dangling tree 04166b6eaaf0fa46f170e7de7200b93c6167c4d2
dangling tree b01853568c38067f9400635c7a0412bb6c86e409
dangling tree b118a3a6634856c18fc97b5ae655fec475e3a8e2
dangling commit 381e3b2d02c6c52ebcdd8cc637565daa341cb65d
dangling tree d71ed3ea572fce48b54cbd6dd0ce2bcf8af1e140
dangling tree f61fd371e86b3503079d314a52d344fb32395474
dangling tree 6d205382ed816eb45cde37ad1963688835fd4326
dangling commit 8c20b32c822722f3133c127fbd6a80ab32be6939
dangling tree 0c220b2295010222c981ad20f169023ac2c35cbd
dangling tree 60221b203867fef91c87498bb2ef59366c9dcc21
dangling tree f226ebd8b8a383da7daa918c9a4f7a23ecf06577
dangling tree f628fb861f294d337bd2168c42485991c1b8b5d0
dangling tree 7a29db646c76daaba2a2c825f637ca2b16c9592e
dangling tree a42993ce97abc484b033d572a0eb287d494ee07f
dangling commit ce29fba318b9fdb7ca44e9b6c958c415cc0ab43a
dangling tree 572babd32275624dcc372cfb6eae655298831b72
dangling commit 5a2bbbc98d7d4c51b048d9ed6b0b446d6d0b15b2
dangling tree 812c6b86cb006c92371f129dcbc9ba394db11499
dangling commit d42ccb8d90fe9a1eb0635b183fcbd15eac0d13d0
dangling tree d52c43566feda6a20770c01ca91c3cac0d766c14
dangling commit bb2febe2b8b1115a364e50a6d17d926483e66de2
dangling tree 5130fb7c6ad2ca3cfbe9ae47fe1b36868e1baf45
dangling tree 433153b059de59ec20b18957ca9c8c8861fad129
dangling commit 79335b99f6e85215c3de206f02f75552249f477b
dangling tree f2346386b94b1fd6c08d85b4270828d798cb6977
dangling tree 6d350323f078139c7646131da8255604ecb113b9
dangling commit 09388b8547fb13f4d8e636a144adfef56611b486
dangling tree 5338239d400e54d56ada21d8571bfd1fe4e6cca3
dangling tree b7393b6d95e59eab232f98ead6d33e5570e4c2a1
dangling tree 143aabb3dcecfcac007ccf05bf23b4062f3769eb
dangling tree 163acb3bb3e5c6b0a9f901038d1c02f93ee236f5
dangling commit ac3a03e83123c83f3d492b7e2851aad76168886f
dangling commit 223b1b0753830ca3798f13e6dd97171b7c9f2e07
dangling commit 3d3bebb2fee0a44e554918c5c1773ce2c0048066
dangling tree 383de39a108fa6d04b4ed00638a2cc89ca0740c7
dangling commit d63d0bfe205c5b4ad45b33972b5566991be5d568
dangling tree c53ed334aee63b03ad815c43d422fc77b8a79161
dangling tree e03f63911bd1b8a873288290a39327b037b0a47e
dangling tree 22403b18d24acf88fcdb869fef2365a89f9ab6cf
dangling tree 42405b16ddc39b9e9333e77f6fc7168fe15df094
dangling tree 9c40230888944a7e61758cf8e1b61a9041af2b40
dangling tree 244103e4c5c0ab2cbf1aaea48e5c605750353069
dangling commit 6543c307a7a523d1be65f424d62528b407b9b350
dangling tree b2452b217688852518bbe91c5f4169dc9c424823
dangling tree 444783bc4d2a505402869e776e0e01bec0d1a375
dangling commit 22494be16cd6edc9a263e9e100982247e6175f63
dangling commit 2d49a3784cebb64503f26c55b3744589d19fad3e
dangling tree 1e4aa3a0bd9eee5eaf704606e3ec9995186d8ab0
dangling commit b64a5b19f3826409fe267a3aeb83b181fd67998d
dangling commit d54bb3805269106693321561f7d2372eb287362c
dangling commit da4cbb4f69f9eda821167bf110d2d690dfefcadc
dangling commit 435043569e338f7a3ba05f28c08b2819926216a7
dangling commit 85510bec9e57dfd7a192bf7b317218c34508fe20
dangling commit 7654dbbb80ca10ae63ec3e147d5c320de96dedb0
dangling tree 6a55d38cac4f815a095a65f71fe1e67367925bc7
dangling commit 5857a3f5a47c80ffd61e1f958507705b2842f207
dangling commit 16598347b65796182e48bb9b03db0aa973cace0c
dangling tree 5b596b9e4edf5c5808179153e4c4457a7c828571
dangling commit 075aab7b21e29e154848dbc820152b68c746afa1
dangling tree 1c5e935803ab177f6b9d307c0826dadf829363ef
dangling commit 465e9356c4dbace08a34751f2aaceb3b80780405
dangling tree f75f23ce99e5d15c61f1a484e36f8d6ac7072c27
dangling commit 0f602391f2389c7c6a1a804d59f359dc9f519768
dangling commit bd60b3498a6d28efeed0517b4116d641c58a6f00
dangling tree 9e637b512c7056f486490e1811ca6f7c121e1dff
dangling commit e663abb7db77ea00dce17bb2942240b2c4f2d06e
dangling commit 0a6403f166155e35a130c83321fa36e8332ea61d
dangling commit 0d64db513249d456e3e2628720ae7405476930ad
dangling tree 8e64034efe6be06c0becf366d132e9c5727ea8c6
dangling tree db64634db129b3f4dd8feab63bd6c0235d02d221
dangling tree 0e67fb5a19e026b68db12d2f49958189e1e90b82
dangling tree f16a4b6d74b00527b56f3469036ad0b4b0e876da
dangling tree dc6da31017db1b259cc84a4a49d61636dce27f04
dangling tree a6704baf08d9db207626dd66d30dc91948278b61
dangling tree 2171d33ab12af3f4eb3c1eca1155991551a2cb88
dangling commit 4574a3ef4e1b9eeb17ed1b54f81dd1a789c26f12
dangling commit f674b3361d1a94f8c04158022b2e166bf6c0c4a4
dangling tree 0c76fb83fba4a54a1a7cbcad1fe8d4ea96e61ca7
dangling commit 6879b34234e174c821e5257d69c52d19c8a57e51
dangling tree 467af3d6f982d5de86bbff9bc0773e43443e88c2
dangling commit 017f3b5279228da52d5099fe3c09185525c2196e
dangling tree 27808bce1ea90f9972e42f7b03d1555ac42f30f5
dangling tree 49813b0211711d71f76ca3be32f618e3ea50641b
dangling commit 5d8493a38617cd8f1490a17fc75b3900aee0ba78
dangling commit 8284b3d7288f3017ef8f66b4a2b2e9522b298a31
dangling tree ec85b3aad8252d308ddbbb06fd39161f88123ee0
dangling tree 8a873395e9479c994a704c9f42655f7d717b0bb2
dangling tree 938913eaf581067761be8f80b43c154166bc3df2
dangling tree 618a0b6c12a5f8655491121619db560abe0b1e8b
dangling commit 7e8a1b371046cb82cd7697d0c4a755378a1cc3a1
dangling tree 998b53a6ba73f5421397359abda8c42eff164eb4
dangling tree c98c136a5a617f173f512b189d08777cf1457c79
dangling commit 848e0b20489d9214d00c2dcc848b23ea3e857046
dangling tree bb8ea3e8446bb5b586bb80f66cb8e00b81f6ffd8
dangling commit ac90a302a5bf05e3ea75723a9180f5ea30c5882b
dangling commit ec900bce80b2742b5a7b9e70f04b781c5dfd2f03
dangling commit 5891430ce4dce599f33459561e27da27a224c0ba
dangling commit eb919b04ac7a0e2ced82ee654bff2e297fae5f09
dangling commit 78934becccd8b1af804c4e9885d45d1e688a7096
dangling tree 9e9303c0a74b40326a7b63e35408ec7d97ad7518
dangling tree 6394cb3cdb95faa248f950f46ecb04d4500e0666
dangling tree a3947b337788f453b7952f4a497de52473a85598
dangling tree af943babbc4633bc307821dc2721afac635b4a42
dangling tree c394630e9c028b0728bf07a973ac2d009b419965
dangling tree 0f95e3a6a5dbb6718a70617e696cddc8cbb790f7
dangling tree 70966b88b03f4701920645976449c43fa68c0f3e
dangling tree 4c986343332aec626c586b43baa18ff1ef4bdac0
dangling commit 4799bba69bdff28c0dd74b7b660567af32e677f5
dangling commit bc9a5324b25eb308429196dae069e0494dee288c
dangling commit f29a9b99b0ea0746845259eb3f6cbfaa4a5b603d
dangling tree be9d4b88c653a1084c5cf236e7832790f00a4966
dangling commit ba9f53390ce65afaf12c92b9dcf5c202d3543267
dangling tree 69a05bb42f6f0dec420af408dde163bfa474405d
dangling tree b6a373c7cf0dc6cdac1accb6fd4215975a0ed0d3
dangling commit 60a4e353bc02761e18cbed5d2b25dd24a4504d01
dangling tree 8ca76342a42f8930d3a857c1c9993ffcaa67c0a4
dangling tree 2ba8a3fe4518faab2361693e7ab48c3827931627
dangling tree 93a93312e7a7b6046806c33ff924d2c75e3709a8
dangling tree 92aa533a14dc6de5d7108ea8622f776c84087a4f
dangling tree d9aa2bd7305f527584b7628797c02fe7e25ee61d
dangling tree 96ab938100f2f9f47a2f39f9bc71677881dba6d0
dangling tree 0fb1bbd9177e97d905fa96a4a7755ab5ffdee197
dangling commit 2eb173bb754edd44a3274c691938c6ab3ab577bc
dangling tree 2eb4b31b1d49e7d3192eadee35721415f77710c9
dangling commit 47b463f9bc6dbb977cca56ec2e40d6962cb0e317
dangling tree f8b40b2ae34f847f7ed5150f919fa69178e14219
dangling tree 5eb5eb679e53fd731b771f1d1a137cb964b6e48c
dangling tree 1db64b42e420a4b30e041f15b16ce99f01fbce7d
dangling tree 45b81b826e943f9abe8a765e51215e944e66b0a7
dangling tree bdb8e3407b5da9a9c9ba16464392f281a161f3d4
dangling commit 4ab97b01df56c753153e98daa7a4403f3b31941c
dangling commit 99b91b9120ef0c5beb6f65e26bcd4e8ca1ede54e
dangling tree bfb9eb70b8f345b29c5f2c248ddeaabce0e29344
dangling tree b9bbe30073de5a5d0cdc1ce4ccea9d3568c32143
dangling tree fdbba345b9ebd14ea403f19dfafbd083f13896b8
dangling commit 4dbcb36f5bb3d3f373e5c262c0117d8e0bff10a2
dangling commit 00bd73ae33dc6e295fa2133cc48e1213ddd56982
dangling tree f9bd0b0ed0e74314fadf65ef1dc1b9ef12aab80e
dangling tree e0be4b7ee6636fc610bae5f8fac6b671a3897a10
dangling tree 06c203fb19aad5535857364997657f7e9e2ac6e6
dangling tree 9ac28372e73841ba881dfd2e8f82a0e0dbf6007f
dangling commit a0c23b2f520aaeb499d1fc0bcc2c969c8e22f94a
dangling commit 00c3130662f5b25ab05ab36eece0b2f9eefc2bba
dangling commit bbc3cb48d7d925e9451915049c91bbf3675b8d2c
dangling tree f6c4337438d2c49cb7dd5ae1286f54b8b9d9b4bf
dangling tree 7ac5b35f2b3def098cc303f1aefdace8bee4c4df
dangling tree 1cc65b339d483a0760adcd8fa0a471b21a2dc3fe
dangling commit 64c77b490549770078894a70c35a2b304a480d4b
dangling tree b3c97b964dd230e9aa4bb230ae670dea64520d32
dangling commit d9cc438f4ac4c6d1040a07d5c1699bfa186f8d04
dangling tree dbccdb2bb96f90a376ec74fcaa436de42eeb01ab
dangling tree 60ce1b3499f4c2926ee4d720ee0e68ccd31072f6
dangling tree 6dcfa3d28c268ded012114960adf9022cc803db8
dangling commit dacfc3521da735e8d0d748e5b42ccb826660676c
dangling tree 02d45b12be203875f3c37d3605d1a9653f067dd8
dangling tree 04d413057b21abbf5e68abc71eaa5697ec662f61
dangling tree cdd46b542ccb91a42688a4ced8f254cafeb4e4e8
dangling tree ded6db82e74c48dc9a99351028a4800a3236d48e
dangling tree 6fd7ab731dffba81cf3de8f8752669b7753a8dae
dangling commit aed7e3317dc5fa88896f517ff7fb5a0ec5fe5437
dangling tree 70d8032cdc0ba5ebdd2ed6e5b08a1a70315f525d
dangling tree 4edafbdf7758d7a02a0b0d32850462a5bd828891
dangling tree b4db0387b489f7dba480434fcc2c105d29ec2f30
dangling commit fcdbe37603c3fa6335b0f556f61b5905d8800f7c
dangling tree 89dca3ec45cf1146ef4c7a64f7e4c097752bef46
dangling tree 95dc23a461b5cfb16e01e10c25044199f8210b2f
dangling commit 0dddf37d1c597704b881bfedc07030b729c4fd3b
dangling commit 11dd1349dfc60203cade50fac16363aab93aadad
dangling tree fddd3b8ec8635b3e9b69c515365ee20f78473068
dangling commit 62deb33c4a722a2bfbc54a44deb12c1665078b8a
dangling tree 87df4bb12ae1f5ec044dd579bb5b48ac56c3e282
dangling tree 9ddf63cf926610864ed900872f85ef9de694aa8c
dangling commit 2be0f3fe88534a1d5c642bc2b09432626ac1836a
dangling tree 09e3c3390e140fa31b616e7a5256e929f4681537
dangling commit 8ee3d37997e2ea434d3521d0f1430131b2d14368
dangling tree cae38bbe3fc71f017feddfed1f7ec8fdedb74683
dangling commit afe49b83bd4982e03011a00bf300703702b75ef0
dangling tree dfe46ba1dacfe0986880aaf16b42768461f29d50
dangling tree dfe6d365e156be319d9b9f299043c73620dfecc5
dangling tree 26e78b225004c35b8c926bcdb25fd9d8a0fca23d
dangling commit 5be7db141aa197925505969cdaa8798f2f4d5fe9
dangling tree 8fe74b6878f740f8e903d96393c27e60240b7131
dangling commit cae89bb9d5fde3a049ab448f76d440ce13cd44d8
dangling tree a0e92b58cd32a8c48f200c67e80fa49b79bc506a
dangling commit 6dea2bb6d7b4e829f99d465b21d60c1572e9b1ec
dangling tree 82ee73d4173376d4bd5635c03c224861a61b38ba
dangling commit a2eedb1730c2257246b28ca5b3cf00807b1487fa
dangling commit c7f2a3ec138b0e8f411b5adc58167ffc5a4cf5c0
dangling tree 50f4639501fe864ff76a57e32dac5ce4f36f239f
dangling tree 68f41bf914e50c4798b37db4e1d0bb949055a63f
dangling tree 48f56331252062dcb95bdcd37822b1a0216fa2d9
dangling tree 2ef71b6cd4fe9a7b613e0a17c0f6c9c88bb6c553
dangling tree 36f7bb56e8bb38b74f99dd31770b53e3f39ce10a
dangling tree 21f873d9a7498fa4eac160fe90407e838b4714a3
dangling tree 4cf98ba27a908af4e9e5fc517362e35493835689
dangling tree 71fd835f7db4777ac074eb01589c7b4fc38859b1
dangling tree 2bfe2bb639c25fd821329994b77ef9aff07fc31b
dangling commit 11006c073bb32c7cf3fb2a458fadae404572f119
dangling tree 300004fa8101c2ad67de05e4da63093b9c9fc5f4
dangling commit 360004d4d96eb1e89f9a3e01eaea27197e08bf8a
dangling commit ea039cd3ee8351fa627125d6c1802716f022c75e
dangling tree a509b4adf3170061085928dbfbc8b2b35b8ed2b0
dangling tree 760a8c95c35d8e4f4374ef359032cc17e54ccd00
dangling tree b00b6c8f0f97d7f7aa34c1eef3305ca06ea9587b
dangling commit 2f0e047e0ef0e07b185e15e4ccdf4fd3e1120a9e
dangling commit 720e34769558e732f0790f3c141644ce761b05e9
dangling tree bc0e1c4d54a00efe66e07326630a404af741413a
dangling tree fa0e04efbb851363aa105e17fdea6d3bf67bd3f4
dangling commit f90e84dca0ec2502ea1d49d1131d6f77527fea07
dangling commit bf0fdc8c8638072199b78c98575966f8e5fce406
dangling commit 19121443083b5f49cc251f2e14322e6361483b13
dangling tree 94156c6a74ef7005d3e6fde2d7fa3821a3b706d0
dangling commit a0157ca43114852562d9c63316f8442f322c1ee0
dangling tree c1176421d64e29a444af35ad45aa8d90e4c8ccc6
dangling commit 3b19247fe7eb73b9447f628b7a5e34c49136a2da
dangling tree 821904c40eb0554677238d3399a95774a574138b
dangling tree 9819ec00d2683f00e7cf99eea2b31b74ea1d4f10
dangling tree bf199c7cd999e7864de1472841ae8445012fef17
dangling tree df19bc4b26c268447e8bcd95421ddedfbd267a8c
dangling tree 2f1a1cf51ecf920bb554b713e5f2734d804997f8
dangling tree ce1a4472133b0c6633ef481566ba9507f8995cf3
dangling tree 9f1cac297ac0265526270b68ac1bd46e287b9ea1
dangling tree 281d74bc6f8e5c0c16bf791d832cd94b5fedef8b
dangling tree b01d7c7aa6a3e23102dac13b862b31e57375a42e
dangling tree ef221c9f42ab081295a45602638b8aafc3827425
dangling tree 3b24646cdd7e28fd434890c4d91ca8f60ccf15f1
dangling tree 73250ca98277f807976c1ccdba29013135313c16
dangling tree 8926bc59dd14c185736db1f019e96c888a6b16ec
dangling commit a727ec869035aec72a1a32b35c8ff717f12a0942
dangling tree b13204499da73cb6c59cf8e414c9ca8e6b86a05d
dangling tree f33564e869a76d867a0e18728470bcaf57bb16b8
dangling commit 7e3ca469aa8563da5baa9c7ab65ffb449f1ab866
dangling tree f53c149808812cc1ed740fd3a8911f01262f4864
dangling tree 223d8cfde3b1986e7ce080c93c04b108b28eea11
dangling commit 2b3e3c5d7e24b8e0f5205c854832fd45e2b7d525
dangling commit 773f3425b7d4ae53fd17a729f904b80f9a343f24
dangling tree c43f8472691684036503c5fa38fb299f4e371a94
dangling commit 2b4094ae323a7bc9fec954e253e678ad0c8ef6db
dangling tree 1e422c038ae5c3a565436c5109d9fc9fa3f74054
dangling commit 3b43e418c5c6d58eeb82b82ad3868f6c5ede53a6
dangling commit 92438433bcf9fc4dc04979719152c1aef8884525
dangling tree b943d47e53b3858f368673dc075697b0934fddbe
dangling tree 7d474c51d6865110d1a8c6d4cdc4e4e939ce84d4
dangling tree 50499c016542e2af899d8fc6fa660772d04aa583
dangling commit 7049bc0ec9d540320843df57f7e8e1295064672d
dangling tree 904abc619259e6c536a8dcdb0951a4914ed88edf
dangling commit 164e542996402f745c0b63fcecb572762aa95a79
dangling tree 6850b428d65141cc3d3534739690ec7079ce3577
dangling commit 8a501c2ab8982c147a84c4a983dcf0301f025013
dangling tree 3551acf266f6d73bdcd9b65097a0a63472d7a6c9
dangling tree 8c51c4e8c173962ade33b8d2bba40c2a7d7449e3
dangling tree 5b52d43f5045ae8a9f8059a3bee86cb477a93fd7
dangling commit 7c521c4dbdfc1b222b669274af8871be5451c6fe
dangling commit b952944c732b1c633750e2085db4d05c750fc107
dangling commit 415324af8bda04e767c8fcb7885b0c3474bb44fb
dangling commit b5533c728b6b7e79f04ce0eb43bb2364f5c22f94
dangling commit ca534cdb04b526af34f9b8c90c2b7eb58b218ffc
dangling tree 15543431f5c73d296db80831f252dbbe7f85aaf4
dangling commit 595b5c64b040b90f50ef8cfb40f459c55cc98ecf
dangling tree 195c44b7ec2852245e24fd5b6f6cb9921ab68f20
dangling tree c45ca4212d2f429b6e653d4a594bad28c4d09665
dangling commit ec5c44223235a921562de99cb9ac1ffcd4fb0666
dangling tree d65d8cc132af678f7b08f6ff4de9c37ba3ae2ec0
dangling tree 695edceb8b5c950e943cfca841d2a4a1b6fa1627
dangling commit 8260ec679451dc028de8a993cb752949e7954521
dangling tree e96274580a2c974b27b5b990b01b37d8925d5222
dangling commit f163dc90fcf78caaee2f7d3a4791a1e007d6c945
dangling commit f7652442e040a7dbc0760235422f4da198905b43
dangling tree 75664cb95c4c193c224d80b89a2c766406734cc9
dangling tree a6661453ee782b33a3806738138a28926b591f67
dangling commit dc669c404b111f5e710e224a38dcc7f7d3de0564
dangling tree 4367acf422ff569dfde4642f849a657d188637f5
dangling commit 0c6954845447c19ed7d9db275be78588bbc497bd
dangling tree 0b6bd42dffdbcb9173d73ba3ae2f77a89692c534
dangling tree 426b4cc4914663f12fefc77ae1971711a2ce3555
dangling tree 436c2cba21e04ec48dfc22f0d1e0bba6716cb8c8
dangling commit d86cac010e1cec5758124149d226c8ced3a3342a
dangling commit 8f6da45b258e6fcf09128b3f29ada6ae6b9f331b
dangling tree b76d0ce1c1e1eff89f1e505eb56e2e00736f2626
dangling commit e46d9c9402db499daae4bcbe80e339f8e4020b66
dangling tree 466ee413fa86da1442a5d68696f50e2ab27bf8fc
dangling commit a36ee441a8575c7944053f83923fa6582244403e
dangling tree cc72fc399c0a41e7fae0f2c10a16b06843beba7f
dangling commit fa73bc00ac9be361dd5d6c936f1416e292d29edb
dangling tree 0b74f4db6c0f1839153149b0ade283d7fdc9d2be
dangling tree 8576ac827aa42d836989bfd0cec117925ab0b899
dangling tree a877bc30bb4cb058be253e3b45357da5c9b01fb8
dangling commit 6679943b9e886cc637b960f5a004681e0057135c
dangling tree cd7eac2b4598ac3540351faeccec64a43a8f6465
dangling tree 3c7f6cca1a0f756e2c62ea8b093397aab59574c8
dangling commit 5b7f6c755c41333e78b3ac21d69a8326bf6a7fd9
dangling tree ed83bca2dfb88d3a8b811b1e117720ccfabf18f9
dangling commit b484d4595ebf33a847a61db816b66ed7a6f55d57
dangling tree 1e8624cd2ba3fffb4cd58576c5e25087c9444e8c
dangling commit 4b890438dfd4acf6156618030afa295712d99e1b
dangling tree fa8c344063a0b4cbdc3cfb95f00575024ed0f3a2
dangling tree 258dd457b4e38a38e7e2dc29318497cd3f2c75b1
dangling commit 588e84654c6b448e809185c49562fa3ae2e56323
dangling commit 8d8fcc2661e98bbb5116d077c027c861328669a0
dangling commit a68f1ce2fd56f2cac40a4b3f1b3667154ad87672
dangling commit d6906cc66fa359d4d66c9709f0e0bca533248244
dangling tree f790e4829671e3b77f07beeb8bfa61d40b02d545
dangling tree 0891ac4b6c0978ccdeab23fd5597d19e3eb66fd1
dangling commit 74922cf47978d091ee3b2cc1b593b55c1b4fc635
dangling tree 839234aa64b41ae2e7d7a6a4884fd1b61a23859b
dangling commit 9b9254295a064c31d7a2d615c8caa15308be3f37
dangling commit 8e930470c230bae6c7e58bf888d7619c4385d934
dangling tree 5094cc3ec7a58cbbedac28ed2fd5a4b9bd0c76ab
dangling commit c3946c81aa04d2efa5bb61b0ca2e934b1348d713
dangling tree c095cce54269197ee9211e61bdda8c86d5790863
dangling tree cf951c8e95956d30ec5a6cbfe9acfb401e7c7237
dangling commit eb96ecfbcd16b7d6ba7f9383d5aef73939b0d79a
dangling tree 9598dc9f02dc37afa67cd84e50fb209fcea17e71
dangling commit f099a4ff969be68518146e8640bee6232ece1781
dangling tree fd993435b66dfe14534601806520d1b7b6a1c31c
dangling tree 419b342a1b5a0ad4bc11912dcb5ebdd2de2ff165
dangling commit 6c9b74241be65c2de892b86770b6b5619b53adab
dangling tree e39d64ec4603755d32786f2c07ec9a84f1e9ac04
dangling tree 599e9ce3ab2289f8bf144985b20bac6ce07c92e2
dangling tree 7d9e44d77bfa2f9e5327111bf90c14e119da457f
dangling commit 18a0fcd3f91f33cdc5d7ec082f5d392f77206bf3
dangling commit 60a0949cda4362ef1f70a95ed2228031473fb3a7
dangling tree 18a2d447d146c2600b0eaa76bcc8cb7d1188b526
dangling tree dfa2fce52d20050e80c7a4765a9fca0bed03c1a2
dangling tree 59a3c43f23090ed3287bfec69a49b65ab25ef600
dangling commit cba4b42246533b874c83d6384f0d166754513e8b
dangling commit 4aa6a49537992e6d98b45f4eec85278c12b9910b
dangling tree 65a60cabc3133eb056cb24e3b650fc2e8dd1ecc5
dangling commit 64a8048c039bfecd9245693986080a89b43cb4a6
dangling tree b9a9543275f3f1a0365989a11c1110986b3d13b5
dangling tree 47aa8c5a9650efb1754110b54f1632c9f98ffd80
dangling commit 77ab2c8b07d27e08f0bdc3d5aebbfb14269acee7
dangling tree aeabbcdfc0b6ad37a52f5fdb15a40ef3deef6d23
dangling commit d9abc4a989a95405842a1afc03764d6670d1c9b5
dangling tree e7ab641fc6dbc929052ca9d2fdd81c316f754294
dangling commit d7b0ec17301a84966790bcde23ae706e5de70461
dangling tree 47b24436f4eb7c4a7cbdbf09ca294dc56d4cdf79
dangling tree 4eb4b4b74be8c834667d8a101204847c4e8aa15b
dangling commit 38b54cdcada4d7cc3bd8c8658b8b9e5b41d1b20d
dangling tree 77b5dc1d2c1231eae2292cc0ac482924c1cdafac
dangling tree d5b6ccb3177336f0738bcf1c18d04e80a8b62363
dangling tree 6db9d4e1c1bea4298840846dfb5ca4150a00a405
dangling tree a8ba24528a5140d72d2ebff695d05bf856f7a760
dangling tree fdbb844ad90d8a2a4352d2c665c85e0d6aabd373
dangling tree 66bcb4c6461ade50c7cdf83951e7320c336d8568
dangling tree 8ebff4b94e1f2f12baacebe68cff67d7f9c896e9
dangling tree 9dc024d818eb3befdb8c8bd8f3234681789c0306
dangling commit acc0a4373039b41578c43f3f499d5103a557575f
dangling tree bbc05cba869f49c9903dcca9ceabd55905a73d9d
dangling tree 12c1e44f028f28e1791cc2b0c6c62c188b5e8e90
dangling tree 27c26c9a2c33c8018ed2ea8b05802ada38774912
dangling commit fac2ec0549c9b72b579d89afb62db0c0eaafba2c
dangling tree 8fc354ea0a41a1f45d5f75087b9d12d91bfc020d
dangling tree 92c39c415f66cc70418ef11a1af59bd0952a7447
dangling tree ffc38c5645b0c4302b100cf2059bbd068256ad26
dangling commit 0bc51c0a0ae610c8afddb56f35aa5b4cdf332d08
dangling tree 1dc5dc8603c048e69298ce97c79159375c7332e4
dangling tree 6ac51c7b85aa01fdd828fa268b8b084ddc8945a0
dangling tree 7fc8a4cee3dd1bc03f68097113f648bd7eebcd8c
dangling commit 14ca1c834d37e5d41841fe0a8e18d81d71239349
dangling tree b7ca646f2b7ca7833e7f22f41ee95e8ed7fbfbf2
dangling tree 26cfe4fb1af23297039fd2ed473706e0fc87b7ae
dangling commit a3cf7c4c8dae8c7e1e3422a58f9b111f8cb34d73
dangling tree 9ad14c5c181123923688700cea365b4d41462c57
dangling tree 27d264dbfbef1f9ef4addacdf0c5195934a1079a
dangling tree 91d43cd7bfac952bf9957de4a9e2f82e99e601b4
dangling commit 0fd5d4daf9cbf53b5b07846441a7c7a4088ae7b1
dangling tree 59d634d1670f6855948386f4227983ca2fc9d03d
dangling tree 3bd7bc1049cb110c2557725d2a0bbcd0e771aa52
dangling tree 89d71c7f1528d8de9f91fbd60e270f928f6a6200
dangling commit 13d8bc08bd4726a0b2ba05cc531e67168f4adf2a
dangling tree 2cd8446060b347a48c5e144ff182ced462d3fb9c
dangling tree 99d854abc27691d24721d1b8b55c179d4176dd52
dangling commit d0d834cd8188e23f2454e67a7ad6fe923d79d19b
dangling commit cada7401488d3551ac9cd3a9559643ed825f3a32
dangling tree 69dc0c3541a4a471e9215d33de64ec4d5696ca72
dangling commit f1dc04a1ded9c85b771b7d68b90d3613017a63a2
dangling tree 0ddf74df695e6ecccf79cbb6897c081f580109b3
dangling tree 03e174c544fd518e07758c830a35a762616c5eee
dangling tree 76e2b4e360356f7615fe6fe3a825c1c1eb7c401a
dangling commit d2e2ec8716ece2cea1f9a335cc7ca62e0a149149
dangling tree efe2fc70c6f7a0d4a917c1618ce5d72f5691b66c
dangling tree 05e3d45e3b8449a378a478a59161ad7d9091e7b9
dangling tree 54e7547445e3a24b24d73dbea37e63abbb905355
dangling tree 1ee84c5332031b2091805d44a1330be1b9ddeff2
dangling commit b8eb14ff5557245434433e863042645f403206b2
dangling tree 75ececd8c73fd3ed95a46dc5f41bf269828cddeb
dangling tree 7cec3c3042591c3d07ffb7c554901cb2ab8809e5
dangling tree 62ed94d7318424797b295c3548e23417a194a3cb
dangling tree 95eda4a4582b569150aba0e31779d74b6cca9c0f
dangling tree d6ed2cc5c76e54a3aa4b52bdec4390d45924615c
dangling tree cdef5cc8c7a0fe549ae7803973cd0907f35e32ef
dangling commit f2ef745ea46a5e1cd3a97f52a2a1115b2ba7d376
dangling tree bff20419d6ebf020e59f05b4100fc0220cc349e2
dangling tree bef2c474ee7f038e7ecf24e13059fe364cf59972
dangling tree 44f3248ef820b241c22c5e67d756e529195e427f
dangling tree 05f54c9ed77fc87a9ca07bf87c0f0d06b869e4b0
dangling tree dcf554cefd97a19baa043f5f965163467558771e
dangling tree 7bff34e78ac11d424336aef14acd81f203706050
dangling commit 5500655d9c0f39f2213f150b2105ec5289c28ecd
dangling commit 78009d9d6d43956e991926af1a1c0fb1d48ae134
dangling tree d500a5671e2225be331998dd2a9a1b1b6a65efce
dangling tree 1402958a4c010386429203def0b60800bb80ca2c
dangling tree d402ddfca104326f797d6a3e4172d14af15b092b
dangling tree c60395a81eeae143b7630dacd10a0191cf4ecc30
dangling commit c90435a1fb7467001407680389b3cb8f84bc7733
dangling tree 3e077d27f77dd17b2c42afeb20db01db33d724a0
dangling tree e208d57f758bc0d8c5691a5752370d08fa3a4e7e
dangling tree 710f5dd64d1c53b29aeb90796954f628f07c2154
dangling commit fc11358d33575fce0187e5e2a5a4f506d2ac764b
dangling tree 4112952edc1fb5ee686f878feabeb713775a3ede
dangling tree 5213bddef95bd3aacaa6507826ae0b81985d9dd6
dangling commit 8516058ad189de0c4b12e180d2516789d7f34b77
dangling tree 2d1765ec3ced156b60926c75486aa18afb212119
dangling commit 31177555121f1205bace614a322c69241eb9b80b
dangling commit 691855d182d26c0dd9cb0bf505ec5ecb44b2fd9a
dangling tree 8e1efd8f55c8887c579d7db2e71bbacf038539d6
dangling commit 4b1ffd4658f69a1500c6e18149019b48c72b0e1c
dangling tree fb237575d3c3a20f369502e898a5cc4138255c94
dangling commit f1258d114f95a735d00ac344f9c7caa1c7ff1819
dangling tree 24280d5bac6fb656acd84710631fdce41b1b3997
dangling tree e0281dc3a72e37f901d70c980745e03f58880d4c
dangling tree de2ab5a3c0ce625530f4f922853fadf26c75252c
dangling tree e02addfc2da87a84e2b4932c08675e2c07e9a267
dangling tree cc2d6561b8a01aa091c160640cc5d93cb2e3830c
dangling commit d12d8d1c7d0630e664d32eff7851943bdbd6f6fb
dangling commit 032f4547d1e3da9df017c67f0d40bc5af9bb393d
dangling tree 5e2f0dcbc24ebb36087612295583f1dcef59ae62
dangling tree 77328d29e1ca937aca0ff97f467e57575f13c0d9
dangling tree 7d3385268cad44d1ec77cd2f09b57d35c067b1ad
dangling commit 7a347de12d03bcd3f54049e7d6c04afceea24978
dangling tree da34ad2fc9d0c6e45438c3cfbe4af06a1cb0322b
dangling tree 5b35953ab901942e229bb1f556c591948fd91eba
dangling tree c9359d68cc3bf569ccc6224eccde60d37d5dbd84
dangling tree d4356d8ff0aeaca8547956d5f6d0bf141c12c9b1
dangling tree 56360dde463f27000e9a9ed36c189255ba875231
dangling tree 60389548f3b1c7c97b777c40c9afcc3b9572681d
dangling commit ad38258beb71d0e0fd6346e2e7e38b1a3434087e
dangling commit 933ba573649950046d0073b76763fbd595c42303
dangling tree c73b0d0f75092606a3ea49cd3d7831f22c184a8e
dangling tree f83b9569132b7d390342b2dc2f9b1a3117399f95
dangling tree 673c956bc477659b78de7b3cff1641ba195ee7c2
dangling tree 973d9d412d15da8b415049f57beb543fe848bac0
dangling tree 563e6d2e7ddeff1f32d81f3afe62f27910c6e294
dangling tree c43f4d06e36c3b475f48e266771717c22602f1e6
dangling tree 5640755fdefff8c84c2e3909cdd08f2d31603950
dangling tree 0142eded90c16722d241252d352e7bc3045aece3
dangling tree 854325864ec77275d5faaddbc00dd1fa00effc90
dangling tree 77442d0f33915e30f00dde0da757ab4df4a461c8
dangling tree 0e46fd9d1bc1dcf2416b7a20a43f16299e112692
dangling commit 0047ad304fd28f7c7f012549bfbc05d3477c7ef9
dangling tree 1648a590bba5f7558aaeb14fe369da228bb5a91f
dangling tree 65493dc8f0172a10123a659a512d079d45757e1f
dangling tree 5e4acde24e88faefd15ff615af4b52390d676548
dangling tree b44a4d5e0bbd76e216bb5e35450f1ec5f8bb1425
dangling tree c24ae59249b145571aa004411ecc0002b39d2372
dangling tree 2a4bcd76f0c8fadf3fe170df2eacf7572ec6a7fe
dangling tree b24b75af7fa0e410a85c8692ea8ba5a35d407fc5
dangling commit 634c6d39c2fb4f0c24742644ac31a9d58dc2b78b
dangling tree c84c057f887687d97330c101789922b1f012d22b
dangling tree 9d52f58b689c0d6f84e779926677fff5be4aac64
dangling tree 30539520550ee50d6c57760353d08bc67ad34e61
dangling tree a8538d07293a79fabc3b397b4a31dde61358189e
dangling commit 2f546dbbc22f2d02834ef38529cd71c406511ae1
dangling tree 65541d5dbe33a3a4787b608d06a30adaae8f7c79
dangling tree 65582dafa167dfd8827b00544b9d8a874e0db3c9
dangling tree 8559e5f5b599b3bc20c3e4f5648f03322dc7fb0b
dangling tree cd59ed01769ede4cd006ec20ff01ba325c66b6b2
dangling tree 335a2d924ed84a2727e2055e78b064ffa638c1f5
dangling tree 635ad533686fa99a6c443f3a7968b0bdbdf0227f
dangling tree a85d8d5449bd69e0f863daa6ec2a9b46d28b486f
dangling tree 5e5f1d4f75c94e57e3f81bd69762f70d103d248f
dangling commit 42619de4028d57a9be508b30d264f59179bb69ac
dangling tree 5364e5cbe0d7d723991ac07b1804be77cce23753
dangling tree ed641de7c97dd3b95965cf79e4c0f93dea213b06
dangling tree 1265ade8ec1a1775bb68a87efec7829c2bdd32a5
dangling commit b5652dd3128871a5fe19d3de202d12dbb4ffc87d
dangling tree e26b1da5294f30f0d32ec0688224efe9165425ca
dangling tree 0f6ced904306cf443da39835684b81b330edd77b
dangling tree d96c9d29d09f6310e7a32893dc659856bebd69b9
dangling commit 616e0520e25fab22bca7e6124ce73b98f92f07eb
dangling commit 8d6efd9f8466ed6ba4ce19352846d3c0590eea84
dangling commit e26ead36ea8faf96153db8b490dcfa191dd2f37e
dangling commit 6e7225e12ed0ab6e1a60376b6c01117cbb5c7669
dangling tree fa72d5eec0cd34ad1f23a441b856bb95b982b971
dangling commit a073bd9f25f9b3402c725563cf0c2bc5a9faafe7
dangling tree 217405858fb5ff3a46de1f030ff882a1915f6397
dangling tree 36740df462a6095afed6de3a67bd81816e24fdbb
dangling tree 4e76ad36fc67ccdc2c962c238b0aeceed6a83d0e
dangling tree 1a79850a5d65db5c7030aa97a2d638f6abefde20
dangling tree 24798d584836f11eab0c9fb5650cb3fb516d623e
dangling commit 2779c53f984d8821f20992da72e0718b223a6f2d
dangling tree ea7c4530a8e1d303b53fc4544e0fcf672a6c04fa
dangling tree c87f1558bdbdc90de331aa9200aece23e4af3d00
dangling tree 9c817d29455e23d1413e4e4ff1b66cb6031a48d7
dangling tree 1683dd1f8b7e3c313058a864d08747625dc71e3a
dangling commit dd83bd9c0ee4aac61000aeb3a6c2bd7f2db4d883
dangling commit 51868587c0da8e0fcb5a18d0f1b20891eb761aad
dangling tree d0872d66ef2ed658c773d49ce54c5992df9db530
dangling tree 74881d740b8aa089fbffaa2d910a3bf719f98d43
dangling tree dd89e564a7daf0b4f87da4f3021a68e73ca2ec92
dangling tree b38ae59d8d914d350419673d07f24cee88a4f81d
dangling tree f58b2d0d7dd7b7c688eaa7777fea85961c22ab88
dangling tree 378c759a1d26d1ebadd9d269590d8f60a0305f51
dangling commit 1e8d055baff2618f00cda8137f5173f6e37cb9f7
dangling tree a28f75ce456c9f632937ae91489b36cd2e44a4a1
dangling commit 27958d06130425e19e4d8e2106f8db7aa35ccd53
dangling tree b595f58d161f0292e229b03ae5e7c09459ee81a9
dangling tree ff96751269433d42b0e4f3fd153b352f60d783ec
dangling tree 0b97a52e2655bc31a171eefd33f7a7527a5cbedd
dangling tree f297a5b2b2d3e295186b3661dde39d55758d96a6
dangling tree fa9965cc1713fa4367dffb1cbfdf39b74bb08680
dangling tree 5f9b3585687c31e5f062be9c8f183b2a2aeebb0a
dangling tree 089d55963c144b2c0a3456a8c91653942767e9c5
dangling tree 6e9dc50cfd565ab679e848edac15467412a2e18d
dangling commit cd9ef56469f949227838d54bcc3e4d9dba716bb0
dangling tree 2e9fedf2323c1d38169a86dd9ffac78f3e41e961
dangling commit 08a0cdb9d4cca232ac53caf44739867b31a7962e
dangling commit 16a08d844fb67c819ad507af115af04fa097e29b
dangling tree 80a035e225500c9a2da311642f0c621a223cdb08
dangling commit aca1bdd8907ef4e7edc0dd00eadcbeb2bc0e348d
dangling tree e3a1a574c0caf009d834d02472cfecf016ca53c5
dangling tree b8a28d2288b41b300a057e0600baf5c5f62e15b4
dangling commit 29a48d2880c05e057f690b2d99563ab45f362dc8
dangling tree 12a5cded2cbf697bfb422d2b92d1002f260acab9
dangling tree 38a56dd3a2d5ab20627c82d9beb9e5a13fdee718
dangling tree b1a6ad3a64ffebcf12ef26da4c5ee12797e88ea8
dangling tree 0ea88ddab25d6d55f526731a7bf9ee9d31162729
dangling tree 9fa85d97432e3fff107365a5706232202cb9b36a
dangling tree 74a9751cee67da37d49afe019aca4ddb339c5ccd
dangling tree d2a985fdb43482ab2f841ec98ff7c85f8b8e21ec
dangling commit 5eaa6d54cef0e2d21c4d885e2bd24daf36978449
dangling tree 79aabd7cbae6f155aa3d7e9a17e45e5321d2c355
dangling tree 4bac3dca88612b3513ad5f259d7ecfc72cd3f84b
dangling commit b7acada443e302cafb4f4fbb437dbe7d9f47a166
dangling tree e9ad9de73886c8fca9bd35191756268eaf7fbda4
dangling tree 9aae854f2fddde4aa248a2f7b46f90a296e9b14f
dangling tree c2b1558051529a8790fbffc3ac5addc120ec5f26
dangling commit c4b2b5fd04ac30f4e586324f405516fef2201540
dangling commit 58b83d9f9db7734adc340fa2ea9af4264bfccb9d
dangling tree 7bb82d9811d2882127ea876ba5acad53e1d595f0
dangling commit 99b8fd5e1d24b9e0baae2f1b00d63c23e2588725
dangling tree 0dbbd504e559579de468d04a10a5303452483b40
dangling commit c3bbad8442967eb915c1120d272cfe614cd69143
dangling commit bcbd4d7b4e94dfc4d5e6b1abae73c0648e02d0ee
dangling tree d1bd3573c00d55763e5e5e0b338857c38ded36d6
dangling commit 14be257105956f842d1d4edab2ad973d2e9451e3
dangling commit 95be253b98e1a79ff79a39f92c4260523d9efd99
dangling commit d9c1c59431b44187d1b9e1bd52e6f11251482107
dangling commit 16c5d561c2e0166d9b0b0c3dd039c11715c0122d
dangling tree 7ec585d2d153eb5f13956fc656ed21dcadb41fe6
dangling tree 93c5a5b32f85122c462c83ab64e94c83b73d2425
dangling tree a3c68dc48e4533935f21bcd5cd13fe17cdf2bd22
dangling tree 44c7bd27b4f0ea88c9e2b13d3bca71a9f2649e84
dangling tree 72c8cde11932e894805a5afc7e0184958f59498b
dangling commit 99c85d91e976f5be6d28f07ff56e381c2d288d4c
dangling commit 4ecc459b8400e67618c1ad9b6b21f4525e41d211
dangling commit c2cdad21f4a16fe82b96d7708e4849168f251997
dangling commit bad055f19c5428ea7ae6dce4089f48202c094481
dangling tree 92d295bf014466df647c2b25f875b2ac65cb70ba
dangling tree ffd25d846cb4d3840de9b651e08495f02b052833
dangling commit 5ad3cd88e4b7eae1af197cfa32c92df5f47a4f3d
dangling tree 72d36d2b47c5a4b64cf49ffecc2d27124cd98ff5
dangling tree 0cd4dd6637c4047f2267d078950665168cdc2525
dangling commit abd70d089c4a14851bc35b28c8e7ca1353e06c86
dangling commit 5ed8cdab02c4e69bec25dd1644a66763347fdfbe
dangling tree 7ad9a56f14af927fe76324619524c865987f8c78
dangling tree 35da3d3cf691967e1b9e753f89239d22ee39998d
dangling commit cfdb058d713ac319fbd76c9a0a1287bfdb5435cb
dangling tree b0dccdf1024c4214246148594d5f7f4541deec6c
dangling commit 36e075bd4968c2f127683f68edba1d40016fde03
dangling tree eae03504f78700764c7d15ccf7f1cfcb37ab1e0a
dangling commit 57e26dd738ac4475ab995b57e889d0278f97fa6f
dangling tree e0e25513df247c57b233b848887bff07954900bf
dangling commit 87e4454085f8cb082b1a5ab02d400b8ec007c4c3
dangling commit e5e47ddfc3b8538a8b146d8bffe9dfa7f40cdcd0
dangling tree f1e4558bafd15d268c7e1759c0c871198efa544b
dangling commit 13e5e53330ad44602ddbca15a87fa4376ab5543d
dangling commit 94e6eddbc39277c7655c68b148307663798ff8ae
dangling commit bae6d5d8fd01b94dd21a1991845e527b52d4236b
dangling tree 78e79d6153156efb2d0f8af1e46eacc8b30a952d
dangling commit d6e89d76c9a61964ccf8f6728518d469ac61741c
dangling tree 92e92db2252933c88efe1b2294835f9b38fdc72f
dangling tree 97e98572ee6e0218216f57b577e3d3d3c97451a2
dangling commit b3e91d66300d5352564e8844a5f1df9d21465c65
dangling tree 6beb3ddc5cd6c96bd9e9fd2830dd2b27b471fa4d
dangling commit b1edf5d848d992b19c172532635d1741d099d193
dangling tree 51eeddefc6150fc9a352840c209d6d33be79a9f3
dangling tree a8ef0d9b1aa03ebfb6ee51ae8ade0a98548d2aa3
dangling tree 16f1c5dd95ceb5ec8b67cd17c61bd547de003343
dangling tree 59f1bd02a8be13f906c5b9c9953c402393089f36
dangling tree 8df1b517ab389f00c4fd0909f165c50e917a041a
dangling commit a1f1f597402df823b4174da95d2732d112f314fd
dangling tree 34f2d52fed4fda01c1d8e92e7920386d4734357a
dangling tree 85f2d58500fbaaf51a79d596993f3d1117e3b2ad
dangling commit 46f4fd18f0aa98623637098e86aa9b6f6691af45
dangling tree 00f58d1ae09a16b76b44433479650cdbded25858
dangling commit 4df52dcd21e8d981a8a1e686e818f6b35445a932
dangling tree 63f6b5a1f15aa4d32a7c60742e36cf612c999a2f
dangling tree 58f8b5cc3c80b304feafa0f2331af247daecbc69
dangling tree 13fa2d3f0750d34f1ec067f5ccc674b2020306fe
dangling commit 26faed2139243c46fd227fb1276d2f90ff1e9e16
dangling commit 6bfaf55367349a96ffce55f45ae4a95830522c5d
dangling tree 86fb45dfb1d536b9832c81d2a875dbc04c0cc31e
dangling tree 3dfd4dd95b23a9695a4e176864a40b748362edcc
dangling tree 3ffea54c7fc77989a1dc67bfc9e5ac6dc1a1ac7f
dangling commit 2301c6ba7ac0b9dc198bf4daf7344752039d2d3a
dangling tree d901fe40525e4a29f9c982c6c4eeef98a3eeb5ad
dangling tree 4f024ee2d3deea53136b01e11ed3fc4b6f21182a
dangling commit ea0236540fdea53151964448e922b5c74fb50b3d
dangling commit 2504462c0bbd3d3620f7105094822483c5ee7b4b
dangling tree fe049e6be1480b7c3bffe66d913091b67e0b0139
dangling tree 23089eeb111686afdee635de3ab37b3d46f021ed
dangling tree 8b09be75f61d093bc8c3e2105956a9470246fed6
dangling tree 3c0b86848cf9373cbe8791b0a724c6ed398bb7c3
dangling tree 430c2e749c5afb7287a92cc45d8e315ae94047e0
dangling commit 960d16be09ba88e06e6a7147b78f63685412851d
dangling commit c90e16f974daf160d9ec919a73ac4d26fd27a72e
dangling tree 190fe68fde31b026ad6508cc53298f90da3f1e01
dangling tree 8410ae185e217f6102346c5bea83c3ce3e24eff2
dangling tree 5316e616382001ebe243f53d075c9a17c42dc34c
dangling tree 9a1b66ad3f3bdfb3d68b0c316568480c9cd4a037
dangling commit 031d0e61eb4c3d1a8202698d1c01c13d0a7bb079
dangling tree 261d2e466019e449354a2946b684404fd9487c64
dangling tree b21d26d1e6e8ceb2504f59c2f2e8a7f21e5f4684
dangling tree 791fa66489bafeae76d401e6b6ccd111ff84e1af
dangling tree b22086ae24be60289363fdf52e1e1229e0385629
dangling tree ea200ed80fccfc54ebf12bee1b395ded6c47ff2c
dangling tree 27210e7fe3ee50970cef1398aa325e8aba47ed10
dangling commit 3f23f60015d6e6bf178795d3bd5944fb8d020e32
dangling tree 6023468c8208b4a5e9f4234825a76417ac363705
dangling tree 6928fe5a3b2986ba1f28053f7c225c567f84866b
dangling commit 5429c66420716f5f6bcfb72dd24d1c348247c199
dangling commit d82a7e92fb49d71bdfcabbc0afbedbad7f135d20
dangling commit 5a333e543a3770eb4fee170563bf8e2b17973719
dangling tree ad331e6dba43dec8712a86fd9d52aa7331fe0688
dangling tree 6f34f65a825667c55f7ce29627938a01c7da3d91
dangling tree c6343e55b7791f4f33cb8e53744c9229fc33417d
dangling tree ee35e6151dde4b302497959857dd531fa75cb6d6
dangling tree f43586eca6aaa4250593373df7f95968f0aa2a62
dangling commit 45372e192308e305bae78308743108a103cf8d28
dangling tree d637fea456346f678a84fe2f38f8f45cd054fb84
dangling tree 34384e35713e1585c87f64bc904fbac8814c4761
dangling tree c339fe63b7ad351d8bdd3d118dc2eb94f82fa679
dangling tree 663a9e672aaa1265a3246ad976a27d84c44c9499
dangling tree 1b3bce4c47361f506e70cca2cca2c50316c985fe
dangling tree 62437e96f2fb025e5578a7e93448db10b8ee23f5
dangling commit 7843ce8880d6b80c6cc8b1a6040947ee7a0137f5
dangling commit ea4326f69306862f1a2bcf5657cd448982b3ce76
dangling tree e643ae00066fa6fa6e2036385b68abbec68d6e5c
dangling tree 4f478e329974551238165565190e26f31f25082a
dangling commit 7c4ab6854532f4da1ffac1ce73afca3e9ea4ad78
dangling tree 774e6e2166016acc25d9f9f8bc945ba2614e58b6
dangling commit 2f4f76177136a7f51107269ad12d5d9fe2210f47
dangling tree f44fce5c20112af53085b320c83874d27b60b882
dangling commit c850c6fcdc9cab1fbcc6dd0a1092906c10e56626
dangling commit a251560b9cc274069c8bbe5b6515ac34353be0f4
dangling tree 2d54f64d9d6ef7a6d7f50e0b0d375d076f803b35
dangling commit 945406695b42cc3232454f9f17a8ab4a0ca3e2fa
dangling commit 0d55c63da3ca6f6d5214d01004bc6b4b6cc2aaca
dangling commit 90595e58f93cce9dcee75959ac18561a100605eb
dangling tree e85b96d54c30cd2a540a5ed2b660911895539e19
dangling tree 325c16c99927ec123eb5a1ebd72d08e73743926e
dangling commit 825eeee0b1031e6f49b7f8d960b838d49bc1704e
dangling tree a06186b085587856b50285cc9813b408cf37839f
dangling tree 6263a6811a020116fabba988a1ad31a4e5acf3fc
dangling commit ff650ea548b668ba4034f583c1b1703cc25a9a20
dangling tree 9e678ed19f20b6d0226b8b3661e33fa1c3186718
dangling commit d268e672586df837bb927a7ed0619672c8fe8385
dangling tree 5e69ae52db5300740280d1e550c74bfddf352bfa
dangling commit c369c6ba3e27fb27debf26033ee9c30eadc83af3
dangling commit 436a7e7f60b86231ecadeb2ec3b4f36ec3e5fcc7
dangling tree 426b8e3d3418412a45d9fae8add1927a605b60e4
dangling tree a56b26ab514f0f088179ac588f21e3adf9a591eb
dangling tree b86b16eff2502b9fac4565c45ba833cdc36965a0
dangling commit 726c1e4ed0ecba07935807bb6ec19008c5c638fd
dangling tree 836cae68b14189e98e3464239c07632d4c80fdd4
dangling tree f66d0eb1fa92fcd73abc9b75a45a72acef5888e7
dangling tree 8e6eeeb8d6e94a149e148b2ae6102fef82fdd346
dangling tree a06e46f11ab702bbcb73e91a8efbea4766e1fd54
dangling commit 246fae102fc45736ecf629b7086527374e58c656
dangling tree 546fe6ad5a1d3e5f301c7d95ce5a53bb496ea603
dangling commit 6b718e342112e7798002d6290600ebef9ca8981f
dangling commit ba76a685c0b7d355aec6473a7add7134b927d198
dangling commit 6277f653f830c7320ff4c71ed3555af39bdfa7fe
dangling tree 44786ebb7e716b96d50dde9ba426ce4c63917742
dangling tree f278266a88b3add965fa1058b23cf64b53e26d56
dangling tree c37b2656eec7ce244530dd975b8856216996c7e6
dangling commit 9d7c466011129d90ac807d1c5f24b6b0509693ce
dangling commit 687d368764861c42791d8358691bdd4e6b74a78c
dangling commit 917ef60ef05d9cf76637d03db6e8742e7f1c3c2c
dangling tree bc85ae1732b336bb780b5cb4b31ac5dc1975c1e8
dangling tree dc850692c9a7b407ceee4ea96421fcaf5dbd8760
dangling tree c7870ea252d65819bd09436e84b5082d26f19b11
dangling commit 358c463e3dc007b672eb2a87beea6fb7e21f63ee
dangling tree 8c8c6e5facf42f1e2f1d8748ffdc673fb1bd7c24
dangling tree 258d86093992695c074c36bf4ba4834246e35316
dangling tree cf8d4ef75b91ff9136a93c7799189bac7830965d
dangling tree a98f0eba9277f629710089e77ba61102b3eb53eb
dangling commit db8f1edd7f36ff2a52986a7208718d78ccb5bccf
dangling commit 979096dda4fc3becdbcf728ba2c8fc45fd69e68e
dangling tree f791eeffdb4caf51aade46b377c9cf0fd98f7a93
dangling tree b3922e800433129b3c8680feaace02e1fe22e57b
dangling tree d69276ae2968c94d4655cca927dae05380cdd389
dangling commit d793b6013e23f83e88b0d2676ce958da544399cf
dangling tree 6b953e53cf4bfac4771351ef1e081b2181bdfed3
dangling tree 1c9826a40417ff90c08d47752f388b17c4aa45b5
dangling tree 7e986e001b1c3e92a4bddf461d73cee20f8178cb
dangling tree 9c980e6fcac81f1582d1f2eaf231c5b63026e5cf
dangling tree 76992e12e98112bf8c9604beef77aaf40643faed
dangling commit 9d9a26415dfae9e7a5058f2fcbab24d96a80b99e
dangling tree 6b9b1e1ac760c7ba761a47d81997dcb078dd51e7
dangling tree f59b365f33461a6588512830666316fba818259b
dangling commit 419db6b34ad46d6429cc0c21fbac9e0e354b8c1c
dangling commit 569df6286cb62c17b0d8b26d612ea30dfdf8ac6e
dangling tree 80a1ce044c2cc924ad3a8de83b57b800600f0e27
dangling tree dea2e61e8b129bccae28028839681c40c15a2392
dangling commit 55a51e76ac3339b49541e9db875735d649fa1583
dangling tree 13a69686734cf34d1dc45014d6fde27438978823
dangling commit 00a93e37c1b1cc0f21c3da94c3c8a6c4a5390e3f
dangling tree 33a9aeaf00cbddcc3fd19d91d688095748738945
dangling tree dea9fe79edb2b1f6d6240e8db2ef7a7d6244ebfd
dangling tree a1aa66cc31fe7b0339e6c0665237b0c16eff7611
dangling tree f7abbedbab0dafed29773e332c564f5f05490aca
dangling tree 46afeed7cc16f3456cfcb0649cc59d762d03c37e
dangling tree 53b05eb678cb119c96172b30f2b2707fe04afcae
dangling commit beb0e6dd35ef3abbbbefd58b429436767970af73
dangling tree 96b10e28b718594c72fe18aa7c7b0deb457237d1
dangling commit a1b13e0bd179dccc59bb239f6e4b092479461381
dangling tree d4b10eba98bd40908e6e226c340517d184ac3cad
dangling commit 2db38660fd33bf38128a4cc5101778bd6d64b6a5
dangling tree afb30eaa4746cb79bf74c121bfa2c0d16ce10e93
dangling tree fdb5ae2140e208ce41c40cb8cee4141f97f7af19
dangling tree 25b686020de0820afb731aea049f86d3cec31614
dangling tree 9bb7761fcb9114d63f44a4086a8464ecedd9e753
dangling commit 9eb77e11f108aae47d8837c217d1bdbcde6a12be
dangling tree 96bbe6c9934521383d93a6326d856ab3574ec54f
dangling tree c6bc3eb3c972af66922b245372173a9d58980b3b
dangling commit b2c0f6db71503d004c6cb651617940a7108d3a8e
dangling tree 03c1a673f32e210ecd22c14fb5b7f1b09708aa90
dangling tree 6ac19e914dc42edd974797437b8e0b734ba74b33
dangling tree 48c29e845bbdc8e2b35b24848af3712dfb316319
dangling tree bbc2c61978d6688336c38aeb2dfb5262fdfeedf9
dangling commit eac6de7d78538e693fd223b9e7c2968b0b5c3f59
dangling tree becb66a3ba99b1933dc7c8c31b164e6fc4f1ea10
dangling commit fccb86038d22496f46805a91110b77602bf5cb3f
dangling commit b6cd269c68421497354fc1fb4c23d409c2683243
dangling tree 91cfe67d14b68fd6cbc5824ab62f4718800acc3d
dangling tree 56d09651d2fa29f33b529b5ce49a97b38cbbc641
dangling commit 8ed136e04997bf143840e06f9315c29c5d386bd5
dangling tree d4d196a3c663792f2e6db640f3a37e4d90ff2cb5
dangling commit 0dd2e64fbd92ee551d6aaf8b318403bb73fc2a97
dangling commit d6d25e3a62cc039e983b538d929ac246b06505f6
dangling tree 0ed65e063bc591661c665c848f507570aa05e05a
dangling commit 38d656b0108453ef9fafee6108c145a0abbcf95e
dangling tree 4fd85e337e60c900e459a4a96d5a17b90847ec75
dangling tree 79dace2eb3660ca7b5226d1fdd7d8c690ffe5f79
dangling commit cfda86b18bd6e2cf82e25f58dfd4e9ef4e800d72
dangling tree 2edd5ea7669d3eb14a3377563186fa697bc96f80
dangling tree 59deaecc5e20ba993e31c5911d4896c20b669828
dangling tree 99df46e02062c50cd95711b2d15c0eeb4dfa4307
dangling commit 34e0e634942f634dff72b0ceb78a11c625e34b56
dangling tree 50e1fe7db7d90fe9769842d4de6b0bf91494cfeb
dangling tree 0ce29ee73dd617addac910f9bb48c7f1bb09112b
dangling tree 31e266810947b1246ff5b08fefba56be3871ed49
dangling tree 8ce42e1af8621eb03d4ea0630328a2402bdcbf94
dangling tree 0ee5a68cc23907e9171cc945e70f0def67c0b7e6
dangling tree f4e5fe7a66ee203b2fe299a3cf0e09a41381b8b5
dangling tree 78e916dea27e47152b036b1ddd2db46530ca9fb6
dangling tree f5ea26564b09d8263aaed17b772b43e6eb6d4258
dangling tree dfef1621f9a98beaf63d38d5ce9a055b18d81036
dangling tree a6f02607597159bd44f229d7797c1ee4b43490ca
dangling tree d1f0663ada7940f1245c3a4599827276e7d5c124
dangling commit dbf08663333465c1ccf6ff5e45bf9c7b17f7ef69
dangling tree 01f5cefa71fd4cace27e5b1eace489529e5149ca
dangling commit 0ff5de3441d1ea37bdf35c108c8f91ef3f1606b1
dangling tree 57f566fed4fe5302a354f29a415277c8fe001d55
dangling commit 69f5662f643ad91ce5d77095a3c24e3fde9216a4
dangling tree 8bf9fe791b73115c16e1b2b299313d398246bd3b
dangling commit 1cfafe6cbd33a30b95ad666f978182386495bf0d
dangling tree 1ffafea27123ee604cc78a20684f84202a84d5bb
dangling tree 8efac6b8d1e5cbe7d41efe82b3a6be8f4bc5ac47
dangling commit 38fb0651ebe4f34f039bd27a701d60823d259c88
dangling tree ddfbe6d83d85b56fcfcd0f2d5f42e947dfe9c583
dangling tree 94fd9ea515e6c3fa96bda311bf1a3e3979853616
dangling commit b8fdbea69d17f6aae5abac9ebd65ac16b1eb934c
dangling commit ddff76bd012ac18f8d9bb7e4f7c1ef72f40d7d45
dangling commit fb02b7801a9b297f66ae4dd2de388a0110101c3a
dangling tree 0f030f10103f20396cea24c33980a1073e278221
dangling tree 4604b75166475d8332f69b47bfe2b1428e8db363
dangling tree 23057718b3ce72018f8527b675e64800121874cc
dangling tree 3e057ffe1856d359f2f7dadc490871bdcf43d050
dangling tree 9f052fdc474cd4b8f79eab729c8dd1e43ef1e521
dangling tree fb063f49858ab351b3783b9c3a9c91e4b764f44b
dangling tree 5208272211fd494f64c4416de271fbc2b85b189a
dangling commit b00877abe244d36ab8128aee4db6b42f964d4162
dangling tree a909b730c66cba18574d46dffaf7c30ac7f020c1
dangling tree e209dfbd8df593ba357030492d29e32c4c3c2f5f
dangling tree 0a0c8f592002524108a95f2c9b0ebeb7780c4a2a
dangling commit 6a0e2f4c94d80b6c6bc32ea44b042c6d6d304489
dangling commit 540f8fe74da8a18e9cc3d7aeb1209466eadec076
dangling tree e50faf46f1a766d09026548a067e2f011c59efce
dangling tree cf100fbda885753b8499ebd230d05ffab5f873dc
dangling tree 42133f2e231a9effd2d127665a3396225709ce92
dangling tree fa135f9af2ad7391f58a2032c800fa5ead806c6d
dangling tree 3d15bfdfdc3b608081b8c4005d021da08c2860fb
dangling commit 5a15278b2cc29c2f2e479999fac46191458bbfc7
dangling commit 6a1587816877f8f2b48a02f36f89b9e800a945da
dangling tree 00175fbf0c253f3a44e6f36183e77caa2d80dc44
dangling tree 90174791cda64ed4a3b7f78ddd8e94436f2c1726
dangling commit d618e7f2f01248f369defd970ef5a2709a25a97b
dangling tree 401b3788113ca265d565f63699a9f64a6b0f7159
dangling tree ca1bd7d005131fac157b0021aaefca60916d498f
dangling tree 4b1e6733f33eb156655f9ae99a78070c8b29cd51
dangling commit f21ee75d09f24e655574e9bae920585e1a31b15e
dangling commit db218ff1d859add833ddd5fbfebc9dc3f7e4911a
dangling commit 2b23bfc158fbe85b4a8f846219909f20652b6bc0
dangling tree ab23af3b64b144d0f9e0eb1bd1dc291ad660454f
dangling tree 34244f95fbba863dbd5883bc8bc3441ca81215a5
dangling tree 8d24c7ea861c2f16b2cc6299c280c46be7dd787d
dangling commit 9a269f0e1a775f6b520b1196096c5fa6229d3726
dangling tree ba278f67de2b62a3bd20c2349c32960b36a84f41
dangling tree fe27cf89ef58aabfdfa9a33adc2a1066629363d0
dangling tree 96287f3efaa795c163db1a69e17af0117b3fd532
dangling commit 9a28a725c6520017d031ccf3c9fce2330419ca55
dangling commit ca28cfcf676ef073ccd4793fb90c586b3cace4f1
dangling commit 892aef8f6521ad3262eda8dea8aa3731dddb3b5d
dangling tree f32a7f934a32fc3ebf3dee77a8a885a19dcde173
dangling commit cd2c17206e13605e528d666e2715d19095a3c7c0
dangling commit f62cdf78100611aa09b8d57b29990c46184a16a9
dangling tree 782dafc0e288962650e71bd29138c86b2e174bcb
dangling tree 8e3087de536147388272f81e167ddd3009de255f
dangling tree 713207f561a715a857f017bdbaeee7e27f605cbf
dangling tree db32379e947810aad9f1b48b8cf9de2d148a93b4
dangling tree 7a35df5ff121f3e3fbfb2679fbda307c46530058
dangling tree a5374f11131818097e38c185a6e20943930a977a
dangling tree bb3aefe8a498f98fe756ffe3039d36eace86d9f2
dangling commit f43ad7e2f5820b79c33a174266161148f4d3eadd
dangling tree de3b277c231b2b3e3393fc14f4d22289ccaf2a1f
dangling tree 6f3d0ff5ecfca12372575218a5b38934d420dd54
dangling tree a0412f9c307e37b887c510733e1a0663d6e26f0a
dangling tree 3543576656006c5a8e27c7623a9f2400fa49feaf
dangling tree 6543ff69adfe4f3c8b1a218de20588bb5e7f8385
dangling commit f144dfaa18c06268feeee90a69fc030c4e1c57ee
dangling tree 7f4727d27a1a733e78d20f36768e3fb441680860
dangling tree f2471f5cac38702626ae2e6885b8ce31912c61e2
dangling commit a649a77ead777debdf32ed216e6fe7b66330019d
dangling tree b249ff13c1a121638faafcba18f8f1b187b88fdb
dangling commit 3d4b5f03e29d75908bd1749a7fe5e3ad12fd2144
dangling commit b24c1ffe63a6981327034aa94a64557c853688f7
dangling commit 494ee7b61cab3151d3c0ec1f0fddc9c2e47d83c5
dangling tree 5e4e679d0ddddfc30c216e57ddf8edf6c74c5651
dangling commit c74eb7324c03733f538a0c2402991050f2f631be
dangling tree 1450df58e951b1585ce407672a19f651bda1a0a4
dangling tree 9e5067cf28d4a551049013b752d451bb63abc3d7
dangling tree 7151cf1b1f2c687688978c30a460a9ae9ad0b2b9
dangling commit 8d521fafe93e5c6e8db6e501ae3134fcfcb0003c
dangling tree 4054b726d64572b809e1e3a212a204d99b4ad2d7
dangling commit 7155aff9280cc023cfd9822bf70d98344b804bef
dangling tree ad551fc2abb18c9f5634af6402456e05e75e7c60
dangling tree 2e56d7aa011fb7ebc20fef4290998184c13f209d
dangling commit b058ff4a966635fe1632a0a0dd8064aef697aec3
dangling tree a35c0f15668bd17cded84086a7cb02bf7a6121a7
dangling tree 115e7795da4ceffdc49a9e1968c346e57612c05a
dangling commit de5e6f4ec83c2fda0a1e2b25375b869a73f6eb4e
dangling tree 6260f73dd59220829b1d968fc715145c1f547b07
dangling tree 71640742138fa85b3a0f30a45269c5758537ad57
dangling tree f568ff30326f27917af0c5b81a8bbef57d4011e9
dangling tree 136bd72f9f4091086b4a4dbc3f16cefea6e78268
dangling tree c66b9f35ff71c6e60803cb5394f59c71a6447a26
dangling tree 616c47a95c5506d6f71bf271a21b4518c0e5426f
dangling tree 746c17a827a06afa93327d3b1d1b39cc824988e0
dangling commit c86ccff0a1859711920b462eac81d4e65b1c1324
dangling tree de6ce7001fe95c403efa9c6aaab40e79d3bf8f75
dangling commit 3a6f17c522d668a0aa06ed83d0c9c157d62c2c3d
dangling tree 7a7087d14f72c0cf234d4d12d61f8561f04a5547
dangling tree fb70578c2b4a17ddfb14a9724ead2ba28f31f63b
dangling commit bc716793d690f9a17fb73a8ac63334c1124dbc17
dangling tree ba736f88ecf5b0999b4db47ffe6388d6298cd55a
dangling tree b2749f12adf309e49f2a30a7a570091222f28b26
dangling tree 5176076e27ac500372d0e3a3c45b48e1ae89369c
dangling tree a7760f04984fd18fb42f75eb4e6cd58e738a214a
dangling tree 477767fd717f272c3e24eed4cc20439f934db0df
dangling tree d17717eddd94ec2d31188cdd4bd9e56c2c7a6669
dangling tree f1770fb722db8941abee4730ea1160a58904dc04
dangling commit 1d7c8fb1f465d1e2d37b33683465c82e59cc7412
dangling commit db7e1f3b2250a8eba091142b409c642b9c181dd0
dangling tree d480c7abb5b4dfddcfc40473cdab425d1c9f0908
dangling tree e3801fa2f49743eb4cfe3f7653acd0427a6774c5
dangling commit 7781371eb7b46b906af2bb5c646373feebb60334
dangling tree 4b8367885f5dc24cdf94b8f291e44223dc7d4741
dangling tree fc844751d9cd831a4bca3406af75dc533b94ce9a
dangling tree 6887370efdf25a10b827b6899354222f756a433e
dangling commit e687c79f4af96fbe7d50493860376b43b9cb362a
dangling tree 1a88af1ed75128605968b2f435ac924dc5bc66a8
dangling tree 4e8be738b0609b5debee8fcb6804cd144e84cc93
dangling tree aa8c87e9b1b5d6ce74b601bb0e655d088caf4406
dangling tree b98caf768d1a93b6d0cc42a4a9c0d324c14f8d8d
dangling tree a68d7702d8f6e680157e6c32ea54105337ede52a
dangling tree fa8f67e2a55b1fc47d6d9604ebb9c121573518fa
dangling tree a1935fbbe65cba17e97f16e1b1e771dd23edcecf
dangling tree 9795af5221d31421a6578b5ca5fb65840a3e490c
dangling commit ab951fb969a84cce1341e3dffa56b95b34d2ff4d
dangling tree 2497cf7b1041f8556ced778972a63087fbead3ac
dangling tree f197ff0b40978b9bb4a7fec4e2cb56cca46494ce
dangling tree 4c99cf92b21319de0940201a8ae61c96a5309390
dangling commit f299471fea6077cd6807371bd4d2566fe421d515
dangling tree 089a572a2b0afdeab8d71d6cab9454865376ec4b
dangling tree 049d8fa9f6989c54e1b7b37565e0df7de68b924e
dangling tree 759e47945fd232e25893c6f0b901f8252193d225
dangling tree f69f77ddb556fe4c63f88e88f79bd68185667996
dangling tree 60a11faf5e702ceb3710a5830fee75ea5405cfae
dangling commit 7da257fba476693f6b803b2b8495aa2d946c7fcf
dangling tree 3aa4074a4a22943932852db71990ae5f029ff229
dangling commit 67a4bfd8124fc8801e582f695271830923b28f43
dangling commit 19a597bc9cd5e0e124777d047b3e10a2754d5496
dangling tree 4fa737749f6e0cf8a29bdc217bc6e522ecd060eb
dangling commit d9a877fcc2eefce3bcd3fe203b6a8f1efe8a4fa8
dangling tree 49a9c782d9bee998f9d9f6877994e68468d31515
dangling commit efa957611c20785ee910096df3ffbd47b08b4cff
dangling commit cfaad7bf109ab8a7e4a2417788b55f1800420b6a
dangling tree 24ac47abb809ffd6316cb591de5c427b2871bb04
dangling tree 3aaca73e2016ba695f4beb4730c836e41747b49f
dangling commit 63ac573e2b08bb28a65b2a280d519ee5c857f5a7
dangling tree 4aad0fba1a84d3f642bc98e69b0bf112768123b0
dangling tree 80ad871c5ba27ef9092270dc8bbcf308bd3a7579
dangling tree d8addf9c5cec9dc73d63ff25bae4b9f32bb9767b
dangling commit ceafaf6453c838c97008a32d06a15c184654d107
dangling commit 35b01f6dac75c47083d65fcb4afd52a57146597e
dangling tree 9ab0f7d4d85ba46d38caec343e9ffc1e1fa969f4
dangling tree 8bb2f7eaf295693618e5e5f9d999e8174a472537
dangling commit 08b37f86301ac214646f6dab978bc89da7a32ef7
dangling commit dcb4efeaa7e87a4cfca2cfecc6d2887aa151c29e
dangling tree 8db57f56717f0a116296d0012b59852f9b03ecc0
dangling tree 27b7f7ef94e216c2975018abb7feaeb030f2dc45
dangling commit fbb857d5a717fdcab05fee182607b38067dfb983
dangling commit f8b9c71d435b7338f04a1d1527cda10fa04cfbb7
dangling commit 55ba9f551b6de130cc8b6fee43f8a18644bb8825
dangling commit 5dbb1742f61679abf470b4c34041971dc5d11f29
dangling tree 95bbdf15f4f76a380c69b31e44d786a6bd0a8dfc
dangling commit bcbcc7926212c6d6eb078d1c3ed559f2450489a8
dangling commit ccbc1f9800d46bb6f54be5e8d6f8b18231560505
dangling tree 14be0f84c0757c08924edce6e86a234034aa15f7
dangling commit a9bf3f7aa51dfdf3894cec1ab8a94300b0ef8010
dangling tree cabf07fa87b58fdf1d168e9b0df449cfa3e43615
dangling commit a4c1b7615fff4b0b64f025eaff93a2492241353b
dangling tree adc2172dc45a3d08fb6e84fc16a55f7ab2f2431f
dangling commit 74c43f617e04664bd5308ac4d36fb27141b4fa99
dangling tree 53c5c7faafe819027bca41b05926f5a363a84e48
dangling commit a0c87f62c8579892af3edb2662fe094fb6c401d1
dangling commit aec83fefd8f6d7a23ae26e2185366ae88e9f134b
dangling tree f3c92f5a41a8f55648838252467eac241721ad02
dangling tree 7fd27fcb3fa5ace4753ea3dfd71ee116ea4a9e76
dangling tree f2d2e790dc3cb23f0ed0fc9b50770c253371ecc5
dangling commit 01d34f2139929fc58d0d3c799d4e120e74bdd409
dangling commit 0bd357f2de7e1b64e84177dae67ec3cfdba8619d
dangling commit 87d67f1b903224cf2c20c31b77dbbea02bd22db0
dangling tree b1d8ef885944cb93a5a2bc0937917e6cc483b065
dangling tree 1ad92f1b1585e293365bc760f04368802e8812d7
dangling commit b2db279220a698eec7ef85bbedf36ec0e727e9ce
dangling tree 3adc1f572aa2309b7f08274e362e7ea717e2ed5c
dangling tree 26ddafeb1263f3a869ff23aa11d6dfe458a2dc75
dangling tree 48dd3f1a159448da1df8ee926b55d17542c942fc
dangling tree d9ddc7f9715e362c748f590ef0db5db567205558
dangling tree f2dee7ac2631862a60023a88d0bf5cf72eea152e
dangling tree 10e02fa352098bdfb6fbc21a0f073761b4e987df
dangling commit 9ae07f18d9094780f72f6903a079d3f46c2e0f42
dangling tree e8e11fff47bc6995600388c9e5b41f0131e410c9
dangling commit 9ee28781f2feed225749df970a2cac496df031d0
dangling commit 00e4df108a0e0a48c10175bb2b2ae55e6ab7c833
dangling tree dee5bf34a1fb7e65d937bf2a783aceecfb49cfbf
dangling commit e4e6c70bbbe53f65e80e59d6b815f99aa2d9c058
dangling tree 7be8c7bf57ee93dc9159ab4fd08dfdbfb51337c8
dangling tree f2e80723046f835d3cfb945de931a98281c9c866
dangling tree 0eecf76f47c1510a5b2c6ac80741307b8f7d11f4
dangling tree afed4f41694c4f55504e51dd44ffa5cea6ff384a
dangling tree 05efff2acad3b0c2bc7a87fed0bc29ef288f1ab1
dangling commit 49ef9f73c1bd844ea9ee5a337a2f86ee5acbe9a1
dangling commit e6eff783d9922346df4e978370e26931b2565ce2
dangling tree 19f2cf13c0bea8aec7c047ed76284a7698aafd80
dangling commit e4f2efb47b7aca21efb0b068c0190af76867083f
dangling commit 0dffc7a6508901b8700aaf26b709b537a7ca8ab9
dangling commit e2ff97c06c365bba30ce3df33c033165573994d6
Sources written to /home/user/typedb-slatedb/sources
EXIT=0
